round,family,symbol,engine,seed,oos_start,oos_end,n_oos_bars,n_folds,budget_per_fold_per_engine,unique_evals_this_unit_engine,total_return_net,max_drawdown,n_trades,sharpe_concat_ann,mean_fold_test_sharpe,n_folds_with_winner,bh_total_return,bh_sharpe_ann,bh_max_drawdown,pass_positive_return,pass_beats_bh,pass_double_costs,pass_bootstrap_ci,run_dir
CRT_INTRADAY_V1,crt_htf_range_reversal,BTCUSDT,genetic_algorithm,278037,2022-03-31 00:00:00+00:00,2025-12-09 22:00:00+00:00,32385,15,100,1500,0.22532221946274977,-0.17566815166782324,774,0.41711929845595835,0.3226856162363076,15,0.522747844787544,0.4778480838265403,-0.6788115023551706,true,false,false,false,artifacts\runs\search_crt_htf_range_reversal_20260817T200905Z_1722f1
CRT_INTRADAY_V1,crt_htf_range_reversal,BTCUSDT,genetic_algorithm,341110,2022-03-31 00:00:00+00:00,2025-12-09 22:00:00+00:00,32385,15,100,1500,0.14093137862149474,-0.17282007559169654,624,0.3159719992998321,-0.012414371979344984,15,0.522747844787544,0.4778480838265403,-0.6788115023551706,true,false,false,false,artifacts\runs\search_crt_htf_range_reversal_20260817T171345Z_7d676e
CRT_INTRADAY_V1,crt_htf_range_reversal,BTCUSDT,genetic_algorithm,605142,2022-03-31 00:00:00+00:00,2025-12-09 22:00:00+00:00,32385,15,100,1500,0.0807535095304519,-0.21633725563701522,416,0.24419380240586605,0.10326785495302773,15,0.522747844787544,0.4778480838265403,-0.6788115023551706,true,false,false,false,artifacts\runs\search_crt_htf_range_reversal_20260817T184603Z_57ea45
CRT_INTRADAY_V1,crt_htf_range_reversal,BTCUSDT,genetic_algorithm,671194,2022-03-31 00:00:00+00:00,2025-12-09 22:00:00+00:00,32385,15,100,1500,-0.16297414685045553,-0.3245134919145507,465,-0.33323339824943254,-0.8403055580616725,15,0.522747844787544,0.4778480838265403,-0.6788115023551706,false,false,false,false,artifacts\runs\search_crt_htf_range_reversal_20260817T191005Z_08681f
CRT_INTRADAY_V1,crt_htf_range_reversal,BTCUSDT,genetic_algorithm,683778,2022-03-31 00:00:00+00:00,2025-12-09 22:00:00+00:00,32385,15,100,1500,0.016040390004553595,-0.23878648263744418,608,0.09872424545370935,-0.5944661956704306,15,0.522747844787544,0.4778480838265403,-0.6788115023551706,true,false,false,false,artifacts\runs\search_crt_htf_range_reversal_20260817T173511Z_9b83a9
CRT_INTRADAY_V1,crt_htf_range_reversal,BTCUSDT,genetic_algorithm,692467,2022-03-31 00:00:00+00:00,2025-12-09 22:00:00+00:00,32385,15,100,1500,-0.005060946851266235,-0.1735692411092824,314,0.03772164828825869,-0.13918828080518472,15,0.522747844787544,0.4778480838265403,-0.6788115023551706,false,false,false,false,artifacts\runs\search_crt_htf_range_reversal_20260817T182441Z_5b216b
CRT_INTRADAY_V1,crt_htf_range_reversal,BTCUSDT,genetic_algorithm,693857,2022-03-31 00:00:00+00:00,2025-12-09 22:00:00+00:00,32385,15,100,1500,0.1266642406123084,-0.20007551235640209,486,0.316696393280184,0.001110411292921761,15,0.522747844787544,0.4778480838265403,-0.6788115023551706,true,false,false,false,artifacts\runs\search_crt_htf_range_reversal_20260817T172356Z_db078f
CRT_INTRADAY_V1,crt_htf_range_reversal,BTCUSDT,genetic_algorithm,707014,2022-03-31 00:00:00+00:00,2025-12-09 22:00:00+00:00,32385,15,100,1500,-0.28640254513023167,-0.42200524799281025,658,-0.6283754818913687,-0.1335515273490369,15,0.522747844787544,0.4778480838265403,-0.6788115023551706,false,false,false,false,artifacts\runs\search_crt_htf_range_reversal_20260817T195656Z_0c5199
CRT_INTRADAY_V1,crt_htf_range_reversal,BTCUSDT,genetic_algorithm,765570,2022-03-31 00:00:00+00:00,2025-12-09 22:00:00+00:00,32385,15,100,1500,0.21464568691143682,-0.17282007559169676,547,0.5097325169052414,0.000058742310676418444,15,0.522747844787544,0.4778480838265403,-0.6788115023551706,true,false,false,false,artifacts\runs\search_crt_htf_range_reversal_20260817T174451Z_cce8e7
CRT_INTRADAY_V1,crt_htf_range_reversal,BTCUSDT,genetic_algorithm,891022,2022-03-31 00:00:00+00:00,2025-12-09 22:00:00+00:00,32385,15,100,1500,-0.21937983833527175,-0.4142388953143653,809,-0.34455209899170114,-0.20812620104938936,15,0.522747844787544,0.4778480838265403,-0.6788115023551706,false,false,false,false,artifacts\runs\search_crt_htf_range_reversal_20260817T170403Z_0c7eef
CRT_INTRADAY_V1,crt_htf_range_reversal,BTCUSDT,random_search,278037,2022-03-31 00:00:00+00:00,2025-12-09 22:00:00+00:00,32385,15,100,1500,-0.053123988507648545,-0.2943632020789899,700,-0.00854832591695448,-0.01540969436082064,15,0.522747844787544,0.4778480838265403,-0.6788115023551706,false,false,false,false,artifacts\runs\search_crt_htf_range_reversal_20260817T200905Z_1722f1
CRT_INTRADAY_V1,crt_htf_range_reversal,BTCUSDT,random_search,341110,2022-03-31 00:00:00+00:00,2025-12-09 22:00:00+00:00,32385,15,100,1500,0.08010076546183487,-0.191878418252728,510,0.23000542218777614,-0.4444171846776069,15,0.522747844787544,0.4778480838265403,-0.6788115023551706,true,false,false,false,artifacts\runs\search_crt_htf_range_reversal_20260817T171345Z_7d676e
CRT_INTRADAY_V1,crt_htf_range_reversal,BTCUSDT,random_search,605142,2022-03-31 00:00:00+00:00,2025-12-09 22:00:00+00:00,32385,15,100,1500,-0.04271215093309988,-0.2107148210586508,399,-0.08684666902020394,-0.15253746180379946,15,0.522747844787544,0.4778480838265403,-0.6788115023551706,false,false,false,false,artifacts\runs\search_crt_htf_range_reversal_20260817T184603Z_57ea45
CRT_INTRADAY_V1,crt_htf_range_reversal,BTCUSDT,random_search,671194,2022-03-31 00:00:00+00:00,2025-12-09 22:00:00+00:00,32385,15,100,1500,0.013118968101463846,-0.2218344757403352,734,0.10094422325431676,0.05321295116813068,15,0.522747844787544,0.4778480838265403,-0.6788115023551706,true,false,false,false,artifacts\runs\search_crt_htf_range_reversal_20260817T191005Z_08681f
CRT_INTRADAY_V1,crt_htf_range_reversal,BTCUSDT,random_search,683778,2022-03-31 00:00:00+00:00,2025-12-09 22:00:00+00:00,32385,15,100,1500,0.00860237351794746,-0.2283676711354099,668,0.08670670876041012,-0.1798942334484843,15,0.522747844787544,0.4778480838265403,-0.6788115023551706,true,false,false,false,artifacts\runs\search_crt_htf_range_reversal_20260817T173511Z_9b83a9
CRT_INTRADAY_V1,crt_htf_range_reversal,BTCUSDT,random_search,692467,2022-03-31 00:00:00+00:00,2025-12-09 22:00:00+00:00,32385,15,100,1500,-0.060380013964543844,-0.21931415647647268,561,-0.08302446120383847,0.034951807206484414,15,0.522747844787544,0.4778480838265403,-0.6788115023551706,false,false,false,false,artifacts\runs\search_crt_htf_range_reversal_20260817T182441Z_5b216b
CRT_INTRADAY_V1,crt_htf_range_reversal,BTCUSDT,random_search,693857,2022-03-31 00:00:00+00:00,2025-12-09 22:00:00+00:00,32385,15,100,1500,-0.23954023310133077,-0.32677659158580974,542,-0.5048771915388701,-0.3718799513739766,15,0.522747844787544,0.4778480838265403,-0.6788115023551706,false,false,false,false,artifacts\runs\search_crt_htf_range_reversal_20260817T172356Z_db078f
CRT_INTRADAY_V1,crt_htf_range_reversal,BTCUSDT,random_search,707014,2022-03-31 00:00:00+00:00,2025-12-09 22:00:00+00:00,32385,15,100,1500,-0.1602889132030163,-0.37597662973307167,719,-0.24365305731714093,-0.20797372274578865,15,0.522747844787544,0.4778480838265403,-0.6788115023551706,false,false,false,false,artifacts\runs\search_crt_htf_range_reversal_20260817T195656Z_0c5199
CRT_INTRADAY_V1,crt_htf_range_reversal,BTCUSDT,random_search,765570,2022-03-31 00:00:00+00:00,2025-12-09 22:00:00+00:00,32385,15,100,1500,-0.3557955143463827,-0.4288151906949502,580,-0.9226659209169915,-0.6127025303219538,15,0.522747844787544,0.4778480838265403,-0.6788115023551706,false,false,false,false,artifacts\runs\search_crt_htf_range_reversal_20260817T174451Z_cce8e7
CRT_INTRADAY_V1,crt_htf_range_reversal,BTCUSDT,random_search,891022,2022-03-31 00:00:00+00:00,2025-12-09 22:00:00+00:00,32385,15,100,1500,-0.47128225627872933,-0.5014687738265735,617,-1.4655908281026742,-1.3962917287742946,15,0.522747844787544,0.4778480838265403,-0.6788115023551706,false,false,false,false,artifacts\runs\search_crt_htf_range_reversal_20260817T170403Z_0c7eef
CRT_INTRADAY_V1,crt_htf_range_reversal,ETHUSDT,genetic_algorithm,278037,2022-03-31 00:00:00+00:00,2025-12-09 22:00:00+00:00,32385,15,100,1500,-0.5099816282377074,-0.5581120798959114,761,-1.1065669262561741,-0.9690342183822584,15,-0.2190192992677874,0.24043085765021407,-0.74563556228467,false,false,false,false,artifacts\runs\search_crt_htf_range_reversal_20260817T234419Z_44b06a
CRT_INTRADAY_V1,crt_htf_range_reversal,ETHUSDT,genetic_algorithm,341110,2022-03-31 00:00:00+00:00,2025-12-09 22:00:00+00:00,32385,15,100,1500,-0.32249752938981213,-0.4033612041421485,552,-0.7577206699047083,-0.665209572442223,15,-0.2190192992677874,0.24043085765021407,-0.74563556228467,false,false,false,false,artifacts\runs\search_crt_htf_range_reversal_20260817T211458Z_d80d43
CRT_INTRADAY_V1,crt_htf_range_reversal,ETHUSDT,genetic_algorithm,605142,2022-03-31 00:00:00+00:00,2025-12-09 22:00:00+00:00,32385,15,100,1500,-0.47996212340313027,-0.5347746665294288,1082,-0.9209606389570401,-0.6407117402685356,15,-0.2190192992677874,0.24043085765021407,-0.74563556228467,false,false,false,false,artifacts\runs\search_crt_htf_range_reversal_20260817T230003Z_9e4bce
CRT_INTRADAY_V1,crt_htf_range_reversal,ETHUSDT,genetic_algorithm,671194,2022-03-31 00:00:00+00:00,2025-12-09 22:00:00+00:00,32385,15,100,1500,-0.12472497107910618,-0.24669085059032458,552,-0.1897169115794778,-0.5320392140867808,15,-0.2190192992677874,0.24043085765021407,-0.74563556228467,false,true,false,false,artifacts\runs\search_crt_htf_range_reversal_20260817T231557Z_d96dc7
CRT_INTRADAY_V1,crt_htf_range_reversal,ETHUSDT,genetic_algorithm,683778,2022-03-31 00:00:00+00:00,2025-12-09 22:00:00+00:00,32385,15,100,1500,-0.31662052077362435,-0.31934699928351573,475,-0.6358072894614374,-0.6824129406756293,15,-0.2190192992677874,0.24043085765021407,-0.74563556228467,false,false,false,false,artifacts\runs\search_crt_htf_range_reversal_20260817T220320Z_52172a
CRT_INTRADAY_V1,crt_htf_range_reversal,ETHUSDT,genetic_algorithm,692467,2022-03-31 00:00:00+00:00,2025-12-09 22:00:00+00:00,32385,15,100,1500,-0.32604160460298603,-0.34996082043431886,376,-0.9473367561233479,-1.072126799424057,15,-0.2190192992677874,0.24043085765021407,-0.74563556228467,false,false,false,false,artifacts\runs\search_crt_htf_range_reversal_20260817T224401Z_11f555
CRT_INTRADAY_V1,crt_htf_range_reversal,ETHUSDT,genetic_algorithm,693857,2022-03-31 00:00:00+00:00,2025-12-09 22:00:00+00:00,32385,15,100,1500,-0.24010342905414084,-0.4240643332698719,896,-0.3349552486739964,0.0530535797400796,15,-0.2190192992677874,0.24043085765021407,-0.74563556228467,false,false,false,false,artifacts\runs\search_crt_htf_range_reversal_20260817T214352Z_10c4c0
CRT_INTRADAY_V1,crt_htf_range_reversal,ETHUSDT,genetic_algorithm,707014,2022-03-31 00:00:00+00:00,2025-12-09 22:00:00+00:00,32385,15,100,1500,-0.47286622131269995,-0.5097964932302583,583,-1.0632408976732997,-0.7337682767508057,15,-0.2190192992677874,0.24043085765021407,-0.74563556228467,false,false,false,false,artifacts\runs\search_crt_htf_range_reversal_20260817T233210Z_2d43e7
CRT_INTRADAY_V1,crt_htf_range_reversal,ETHUSDT,genetic_algorithm,765570,2022-03-31 00:00:00+00:00,2025-12-09 22:00:00+00:00,32385,15,100,1500,0.09158420957466928,-0.32746667531947427,657,0.2345437877357421,-0.17633720056142504,15,-0.2190192992677874,0.24043085765021407,-0.74563556228467,true,true,false,false,artifacts\runs\search_crt_htf_range_reversal_20260817T222510Z_5a6dfd
CRT_INTRADAY_V1,crt_htf_range_reversal,ETHUSDT,genetic_algorithm,891022,2022-03-31 00:00:00+00:00,2025-12-09 22:00:00+00:00,32385,15,100,1500,-0.2711704024593852,-0.36484409772311666,540,-0.4885205952961979,-0.06582684747369658,15,-0.2190192992677874,0.24043085765021407,-0.74563556228467,false,false,false,false,artifacts\runs\search_crt_htf_range_reversal_20260817T202752Z_52ab9d
CRT_INTRADAY_V1,crt_htf_range_reversal,ETHUSDT,random_search,278037,2022-03-31 00:00:00+00:00,2025-12-09 22:00:00+00:00,32385,15,100,1500,-0.10767040390643634,-0.2742185505253457,624,-0.12621494879654233,-0.5115069627060955,15,-0.2190192992677874,0.24043085765021407,-0.74563556228467,false,true,false,false,artifacts\runs\search_crt_htf_range_reversal_20260817T234419Z_44b06a
CRT_INTRADAY_V1,crt_htf_range_reversal,ETHUSDT,random_search,341110,2022-03-31 00:00:00+00:00,2025-12-09 22:00:00+00:00,32385,15,100,1500,-0.3244577085930924,-0.34460771449750904,485,-0.6732395954856721,-0.39287216645837925,15,-0.2190192992677874,0.24043085765021407,-0.74563556228467,false,false,false,false,artifacts\runs\search_crt_htf_range_reversal_20260817T211458Z_d80d43
CRT_INTRADAY_V1,crt_htf_range_reversal,ETHUSDT,random_search,605142,2022-03-31 00:00:00+00:00,2025-12-09 22:00:00+00:00,32385,15,100,1500,-0.10819995704305885,-0.3534452320125778,640,-0.11805577669169076,-0.12814159321670274,15,-0.2190192992677874,0.24043085765021407,-0.74563556228467,false,true,false,false,artifacts\runs\search_crt_htf_range_reversal_20260817T230003Z_9e4bce
CRT_INTRADAY_V1,crt_htf_range_reversal,ETHUSDT,random_search,671194,2022-03-31 00:00:00+00:00,2025-12-09 22:00:00+00:00,32385,15,100,1500,-0.33901984232885074,-0.37646176717929736,909,-0.5820731595619079,-0.8532061015689746,15,-0.2190192992677874,0.24043085765021407,-0.74563556228467,false,false,false,false,artifacts\runs\search_crt_htf_range_reversal_20260817T231557Z_d96dc7
CRT_INTRADAY_V1,crt_htf_range_reversal,ETHUSDT,random_search,683778,2022-03-31 00:00:00+00:00,2025-12-09 22:00:00+00:00,32385,15,100,1500,-0.37184104272806284,-0.48170882372068013,1195,-0.5202012319021246,-0.3393199837320182,15,-0.2190192992677874,0.24043085765021407,-0.74563556228467,false,false,false,false,artifacts\runs\search_crt_htf_range_reversal_20260817T220320Z_52172a
CRT_INTRADAY_V1,crt_htf_range_reversal,ETHUSDT,random_search,692467,2022-03-31 00:00:00+00:00,2025-12-09 22:00:00+00:00,32385,15,100,1500,-0.20990596286699204,-0.3804125087476333,886,-0.29662868015075833,-0.3925795379508075,15,-0.2190192992677874,0.24043085765021407,-0.74563556228467,false,true,false,false,artifacts\runs\search_crt_htf_range_reversal_20260817T224401Z_11f555
CRT_INTRADAY_V1,crt_htf_range_reversal,ETHUSDT,random_search,693857,2022-03-31 00:00:00+00:00,2025-12-09 22:00:00+00:00,32385,15,100,1500,-0.4995015295473483,-0.5461196825362128,710,-1.3194302855474107,-0.8552046151987056,15,-0.2190192992677874,0.24043085765021407,-0.74563556228467,false,false,false,false,artifacts\runs\search_crt_htf_range_reversal_20260817T214352Z_10c4c0
CRT_INTRADAY_V1,crt_htf_range_reversal,ETHUSDT,random_search,707014,2022-03-31 00:00:00+00:00,2025-12-09 22:00:00+00:00,32385,15,100,1500,-0.48582505855975944,-0.5191132856374403,789,-1.1384386456726394,-0.8800581457017894,15,-0.2190192992677874,0.24043085765021407,-0.74563556228467,false,false,false,false,artifacts\runs\search_crt_htf_range_reversal_20260817T233210Z_2d43e7
CRT_INTRADAY_V1,crt_htf_range_reversal,ETHUSDT,random_search,765570,2022-03-31 00:00:00+00:00,2025-12-09 22:00:00+00:00,32385,15,100,1500,-0.5901182753503347,-0.6027841971002492,737,-1.3894592153965624,-1.2243308397813415,15,-0.2190192992677874,0.24043085765021407,-0.74563556228467,false,false,false,false,artifacts\runs\search_crt_htf_range_reversal_20260817T222510Z_5a6dfd
CRT_INTRADAY_V1,crt_htf_range_reversal,ETHUSDT,random_search,891022,2022-03-31 00:00:00+00:00,2025-12-09 22:00:00+00:00,32385,15,100,1500,0.2387105040875186,-0.25339278389103914,634,0.46655806705341957,-0.09811076469558924,15,-0.2190192992677874,0.24043085765021407,-0.74563556228467,true,true,false,false,artifacts\runs\search_crt_htf_range_reversal_20260817T202752Z_52ab9d
CRT_INTRADAY_V1,crt_three_candle_model,BTCUSDT,genetic_algorithm,278037,2022-03-31 00:00:00+00:00,2025-12-09 22:00:00+00:00,32385,15,100,1500,-0.09111114261438169,-0.19956448028946216,295,-0.16595522300418664,-0.49025291200386545,15,0.522747844787544,0.4778480838265403,-0.6788115023551706,false,false,false,false,artifacts\runs\search_crt_three_candle_model_20260819T035421Z_565b4b
CRT_INTRADAY_V1,crt_three_candle_model,BTCUSDT,genetic_algorithm,341110,2022-03-31 00:00:00+00:00,2025-12-09 22:00:00+00:00,32385,15,100,1500,-0.3320752682620175,-0.4321836482627567,372,-0.7370646203808748,-0.4607342029042761,15,0.522747844787544,0.4778480838265403,-0.6788115023551706,false,false,false,false,artifacts\runs\search_crt_three_candle_model_20260819T031845Z_3f2c0c
CRT_INTRADAY_V1,crt_three_candle_model,BTCUSDT,genetic_algorithm,605142,2022-03-31 00:00:00+00:00,2025-12-09 22:00:00+00:00,32385,15,100,1500,-0.41570582047190696,-0.4700111410835376,454,-1.1127349386800478,-0.7829895919914374,15,0.522747844787544,0.4778480838265403,-0.6788115023551706,false,false,false,false,artifacts\runs\search_crt_three_candle_model_20260819T034059Z_239c26
CRT_INTRADAY_V1,crt_three_candle_model,BTCUSDT,genetic_algorithm,671194,2022-03-31 00:00:00+00:00,2025-12-09 22:00:00+00:00,32385,15,100,1500,-0.21200953065160644,-0.336304171256956,470,-0.3983168730338975,-0.03552119200178752,15,0.522747844787544,0.4778480838265403,-0.6788115023551706,false,false,false,false,artifacts\runs\search_crt_three_candle_model_20260819T034529Z_ebe88f
CRT_INTRADAY_V1,crt_three_candle_model,BTCUSDT,genetic_algorithm,683778,2022-03-31 00:00:00+00:00,2025-12-09 22:00:00+00:00,32385,15,100,1500,-0.3043358322727413,-0.4177019258296616,369,-0.8424774214714243,-0.8304059914637661,15,0.522747844787544,0.4778480838265403,-0.6788115023551706,false,false,false,false,artifacts\runs\search_crt_three_candle_model_20260819T032733Z_380c8f
CRT_INTRADAY_V1,crt_three_candle_model,BTCUSDT,genetic_algorithm,692467,2022-03-31 00:00:00+00:00,2025-12-09 22:00:00+00:00,32385,15,100,1500,-0.5942342649120878,-0.6432544256227015,661,-1.3386613199047273,-1.1681733121139415,15,0.522747844787544,0.4778480838265403,-0.6788115023551706,false,false,false,false,artifacts\runs\search_crt_three_candle_model_20260819T033628Z_d38fb2
CRT_INTRADAY_V1,crt_three_candle_model,BTCUSDT,genetic_algorithm,693857,2022-03-31 00:00:00+00:00,2025-12-09 22:00:00+00:00,32385,15,100,1500,-0.157688928937481,-0.3627626389127607,409,-0.2953757310916768,0.3009375619320812,15,0.522747844787544,0.4778480838265403,-0.6788115023551706,false,false,false,false,artifacts\runs\search_crt_three_candle_model_20260819T032310Z_78ee96
CRT_INTRADAY_V1,crt_three_candle_model,BTCUSDT,genetic_algorithm,707014,2022-03-31 00:00:00+00:00,2025-12-09 22:00:00+00:00,32385,15,100,1500,-0.40103119277363386,-0.48757346405259716,448,-0.8582939034579544,-0.3632112784398162,15,0.522747844787544,0.4778480838265403,-0.6788115023551706,false,false,false,false,artifacts\runs\search_crt_three_candle_model_20260819T034953Z_ee3f74
CRT_INTRADAY_V1,crt_three_candle_model,BTCUSDT,genetic_algorithm,765570,2022-03-31 00:00:00+00:00,2025-12-09 22:00:00+00:00,32385,15,100,1500,-0.29041090084821375,-0.3678499399381221,443,-0.5989235383225654,-0.4435338979226487,15,0.522747844787544,0.4778480838265403,-0.6788115023551706,false,false,false,false,artifacts\runs\search_crt_three_candle_model_20260819T033203Z_fe3fdd
CRT_INTRADAY_V1,crt_three_candle_model,BTCUSDT,genetic_algorithm,891022,2022-03-31 00:00:00+00:00,2025-12-09 22:00:00+00:00,32385,15,100,1500,-0.4308112836042247,-0.48562656395330817,427,-1.0013257800162585,-0.3697541430574647,15,0.522747844787544,0.4778480838265403,-0.6788115023551706,false,false,false,false,artifacts\runs\search_crt_three_candle_model_20260819T031425Z_d90752
CRT_INTRADAY_V1,crt_three_candle_model,BTCUSDT,random_search,278037,2022-03-31 00:00:00+00:00,2025-12-09 22:00:00+00:00,32385,15,100,1500,-0.14561185716137381,-0.3399579421847053,324,-0.31670401825184635,0.37598848227363674,15,0.522747844787544,0.4778480838265403,-0.6788115023551706,false,false,false,false,artifacts\runs\search_crt_three_candle_model_20260819T035421Z_565b4b
CRT_INTRADAY_V1,crt_three_candle_model,BTCUSDT,random_search,341110,2022-03-31 00:00:00+00:00,2025-12-09 22:00:00+00:00,32385,15,100,1500,-0.3005386015563759,-0.42206406779377426,574,-0.5690304985608571,-0.5674784059230916,15,0.522747844787544,0.4778480838265403,-0.6788115023551706,false,false,false,false,artifacts\runs\search_crt_three_candle_model_20260819T031845Z_3f2c0c
CRT_INTRADAY_V1,crt_three_candle_model,BTCUSDT,random_search,605142,2022-03-31 00:00:00+00:00,2025-12-09 22:00:00+00:00,32385,15,100,1500,-0.07536474355307421,-0.308403261780237,388,-0.15430106960478016,0.031228387724682713,15,0.522747844787544,0.4778480838265403,-0.6788115023551706,false,false,false,false,artifacts\runs\search_crt_three_candle_model_20260819T034059Z_239c26
CRT_INTRADAY_V1,crt_three_candle_model,BTCUSDT,random_search,671194,2022-03-31 00:00:00+00:00,2025-12-09 22:00:00+00:00,32385,15,100,1500,-0.3505851588270499,-0.4507843875711449,367,-0.8732446109311679,-1.0010018451442806,15,0.522747844787544,0.4778480838265403,-0.6788115023551706,false,false,false,false,artifacts\runs\search_crt_three_candle_model_20260819T034529Z_ebe88f
CRT_INTRADAY_V1,crt_three_candle_model,BTCUSDT,random_search,683778,2022-03-31 00:00:00+00:00,2025-12-09 22:00:00+00:00,32385,15,100,1500,-0.382861086838595,-0.47917402240044893,532,-0.718697458988129,-0.599773076318922,15,0.522747844787544,0.4778480838265403,-0.6788115023551706,false,false,false,false,artifacts\runs\search_crt_three_candle_model_20260819T032733Z_380c8f
CRT_INTRADAY_V1,crt_three_candle_model,BTCUSDT,random_search,692467,2022-03-31 00:00:00+00:00,2025-12-09 22:00:00+00:00,32385,15,100,1500,-0.4336967305728825,-0.5320871049409688,634,-0.7977809441248401,-1.0918394724830933,15,0.522747844787544,0.4778480838265403,-0.6788115023551706,false,false,false,false,artifacts\runs\search_crt_three_candle_model_20260819T033628Z_d38fb2
CRT_INTRADAY_V1,crt_three_candle_model,BTCUSDT,random_search,693857,2022-03-31 00:00:00+00:00,2025-12-09 22:00:00+00:00,32385,15,100,1500,-0.4518610633117459,-0.521356183921707,430,-1.0174251256599487,-0.7972688435239735,15,0.522747844787544,0.4778480838265403,-0.6788115023551706,false,false,false,false,artifacts\runs\search_crt_three_candle_model_20260819T032310Z_78ee96
CRT_INTRADAY_V1,crt_three_candle_model,BTCUSDT,random_search,707014,2022-03-31 00:00:00+00:00,2025-12-09 22:00:00+00:00,32385,15,100,1500,-0.3677867473008196,-0.45250080639817225,735,-0.6019139726055781,-0.10392707079868009,15,0.522747844787544,0.4778480838265403,-0.6788115023551706,false,false,false,false,artifacts\runs\search_crt_three_candle_model_20260819T034953Z_ee3f74
CRT_INTRADAY_V1,crt_three_candle_model,BTCUSDT,random_search,765570,2022-03-31 00:00:00+00:00,2025-12-09 22:00:00+00:00,32385,15,100,1500,-0.3506259296332237,-0.4238533708688236,422,-0.8022547398595888,-0.5221651302849876,15,0.522747844787544,0.4778480838265403,-0.6788115023551706,false,false,false,false,artifacts\runs\search_crt_three_candle_model_20260819T033203Z_fe3fdd
CRT_INTRADAY_V1,crt_three_candle_model,BTCUSDT,random_search,891022,2022-03-31 00:00:00+00:00,2025-12-09 22:00:00+00:00,32385,15,100,1500,-0.5361407528335653,-0.5802864248979163,500,-1.4675421931266528,-1.1546479557386633,15,0.522747844787544,0.4778480838265403,-0.6788115023551706,false,false,false,false,artifacts\runs\search_crt_three_candle_model_20260819T031425Z_d90752
CRT_INTRADAY_V1,crt_three_candle_model,ETHUSDT,genetic_algorithm,278037,2022-03-31 00:00:00+00:00,2025-12-09 22:00:00+00:00,32385,15,100,1500,-0.20132264674665068,-0.3169440074136852,464,-0.17406830096697312,-0.4131467397199659,15,-0.2190192992677874,0.24043085765021407,-0.74563556228467,false,true,false,false,artifacts\runs\search_crt_three_candle_model_20260819T044012Z_f1f526
CRT_INTRADAY_V1,crt_three_candle_model,ETHUSDT,genetic_algorithm,341110,2022-03-31 00:00:00+00:00,2025-12-09 22:00:00+00:00,32385,15,100,1500,-0.2080060584090323,-0.33170206162946314,560,-0.2582193643297852,-0.3227168491952146,15,-0.2190192992677874,0.24043085765021407,-0.74563556228467,false,true,false,false,artifacts\runs\search_crt_three_candle_model_20260819T040329Z_ed682e
CRT_INTRADAY_V1,crt_three_candle_model,ETHUSDT,genetic_algorithm,605142,2022-03-31 00:00:00+00:00,2025-12-09 22:00:00+00:00,32385,15,100,1500,-0.2712280497435251,-0.37332037671843343,654,-0.30644728770796115,-0.25957813656588047,15,-0.2190192992677874,0.24043085765021407,-0.74563556228467,false,false,false,false,artifacts\runs\search_crt_three_candle_model_20260819T042612Z_ae68b1
CRT_INTRADAY_V1,crt_three_candle_model,ETHUSDT,genetic_algorithm,671194,2022-03-31 00:00:00+00:00,2025-12-09 22:00:00+00:00,32385,15,100,1500,0.04191679130804782,-0.2882510634629254,571,0.15272721233191192,-0.03453848884883921,15,-0.2190192992677874,0.24043085765021407,-0.74563556228467,true,true,false,false,artifacts\runs\search_crt_three_candle_model_20260819T043048Z_050819
CRT_INTRADAY_V1,crt_three_candle_model,ETHUSDT,genetic_algorithm,683778,2022-03-31 00:00:00+00:00,2025-12-09 22:00:00+00:00,32385,15,100,1500,-0.4124343533837136,-0.46148922042174456,561,-0.4971846648253547,-0.8882052655266512,15,-0.2190192992677874,0.24043085765021407,-0.74563556228467,false,false,false,false,artifacts\runs\search_crt_three_candle_model_20260819T041229Z_9cc72d
CRT_INTRADAY_V1,crt_three_candle_model,ETHUSDT,genetic_algorithm,692467,2022-03-31 00:00:00+00:00,2025-12-09 22:00:00+00:00,32385,15,100,1500,0.3668043908102556,-0.18588532050079254,501,0.5533330790639321,0.25985196371596275,15,-0.2190192992677874,0.24043085765021407,-0.74563556228467,true,true,true,false,artifacts\runs\search_crt_three_candle_model_20260819T042138Z_96ce4f
CRT_INTRADAY_V1,crt_three_candle_model,ETHUSDT,genetic_algorithm,693857,2022-03-31 00:00:00+00:00,2025-12-09 22:00:00+00:00,32385,15,100,1500,-0.19093247051048023,-0.28030507904063307,484,-0.1222165106368047,-0.3078049479929137,15,-0.2190192992677874,0.24043085765021407,-0.74563556228467,false,true,false,false,artifacts\runs\search_crt_three_candle_model_20260819T040755Z_b2f527
CRT_INTRADAY_V1,crt_three_candle_model,ETHUSDT,genetic_algorithm,707014,2022-03-31 00:00:00+00:00,2025-12-09 22:00:00+00:00,32385,15,100,1500,-0.08199210912664956,-0.24155175312300203,381,-0.03333174065946668,-0.1125966013159623,15,-0.2190192992677874,0.24043085765021407,-0.74563556228467,false,true,false,false,artifacts\runs\search_crt_three_candle_model_20260819T043523Z_da3f5b
CRT_INTRADAY_V1,crt_three_candle_model,ETHUSDT,genetic_algorithm,765570,2022-03-31 00:00:00+00:00,2025-12-09 22:00:00+00:00,32385,15,100,1500,-0.027672575567875723,-0.2902164093612666,411,0.04075604104790826,-0.10775874263843242,15,-0.2190192992677874,0.24043085765021407,-0.74563556228467,false,true,false,false,artifacts\runs\search_crt_three_candle_model_20260819T041702Z_17c047
CRT_INTRADAY_V1,crt_three_candle_model,ETHUSDT,genetic_algorithm,891022,2022-03-31 00:00:00+00:00,2025-12-09 22:00:00+00:00,32385,15,100,1500,-0.23409901843461267,-0.3740468017361297,522,-0.189363211664455,-0.11452372662026669,15,-0.2190192992677874,0.24043085765021407,-0.74563556228467,false,false,false,false,artifacts\runs\search_crt_three_candle_model_20260819T035851Z_48a60a
CRT_INTRADAY_V1,crt_three_candle_model,ETHUSDT,random_search,278037,2022-03-31 00:00:00+00:00,2025-12-09 22:00:00+00:00,32385,15,100,1500,0.09724109273839421,-0.25391824249877537,376,0.2487978402885565,0.0649568971858599,15,-0.2190192992677874,0.24043085765021407,-0.74563556228467,true,true,false,false,artifacts\runs\search_crt_three_candle_model_20260819T044012Z_f1f526
CRT_INTRADAY_V1,crt_three_candle_model,ETHUSDT,random_search,341110,2022-03-31 00:00:00+00:00,2025-12-09 22:00:00+00:00,32385,15,100,1500,-0.13037691651264105,-0.34602531381499246,567,-0.07991376049515816,-0.19136765626397165,15,-0.2190192992677874,0.24043085765021407,-0.74563556228467,false,true,false,false,artifacts\runs\search_crt_three_candle_model_20260819T040329Z_ed682e
CRT_INTRADAY_V1,crt_three_candle_model,ETHUSDT,random_search,605142,2022-03-31 00:00:00+00:00,2025-12-09 22:00:00+00:00,32385,15,100,1500,-0.2334402693504667,-0.31867368751608693,517,-0.37528718608552203,-0.21950954779585546,15,-0.2190192992677874,0.24043085765021407,-0.74563556228467,false,false,false,false,artifacts\runs\search_crt_three_candle_model_20260819T042612Z_ae68b1
CRT_INTRADAY_V1,crt_three_candle_model,ETHUSDT,random_search,671194,2022-03-31 00:00:00+00:00,2025-12-09 22:00:00+00:00,32385,15,100,1500,-0.25868365955107164,-0.3463593408616198,478,-0.2734515583115684,-0.2595414574601641,15,-0.2190192992677874,0.24043085765021407,-0.74563556228467,false,false,false,false,artifacts\runs\search_crt_three_candle_model_20260819T043048Z_050819
CRT_INTRADAY_V1,crt_three_candle_model,ETHUSDT,random_search,683778,2022-03-31 00:00:00+00:00,2025-12-09 22:00:00+00:00,32385,15,100,1500,-0.1281642310784319,-0.3026196666227824,419,-0.17850967148924568,-0.17974587300352715,15,-0.2190192992677874,0.24043085765021407,-0.74563556228467,false,true,false,false,artifacts\runs\search_crt_three_candle_model_20260819T041229Z_9cc72d
CRT_INTRADAY_V1,crt_three_candle_model,ETHUSDT,random_search,692467,2022-03-31 00:00:00+00:00,2025-12-09 22:00:00+00:00,32385,15,100,1500,0.09169231950423473,-0.13363024180034544,420,0.2346086353706883,0.2678636958459265,15,-0.2190192992677874,0.24043085765021407,-0.74563556228467,true,true,false,false,artifacts\runs\search_crt_three_candle_model_20260819T042138Z_96ce4f
CRT_INTRADAY_V1,crt_three_candle_model,ETHUSDT,random_search,693857,2022-03-31 00:00:00+00:00,2025-12-09 22:00:00+00:00,32385,15,100,1500,-0.18585633446974903,-0.31141193193145744,448,-0.2863987148201486,-0.8002241492320016,15,-0.2190192992677874,0.24043085765021407,-0.74563556228467,false,true,false,false,artifacts\runs\search_crt_three_candle_model_20260819T040755Z_b2f527
CRT_INTRADAY_V1,crt_three_candle_model,ETHUSDT,random_search,707014,2022-03-31 00:00:00+00:00,2025-12-09 22:00:00+00:00,32385,15,100,1500,0.005737754864915567,-0.26804918905100805,493,0.1033856129957524,0.03201085699206559,15,-0.2190192992677874,0.24043085765021407,-0.74563556228467,true,true,false,false,artifacts\runs\search_crt_three_candle_model_20260819T043523Z_da3f5b
CRT_INTRADAY_V1,crt_three_candle_model,ETHUSDT,random_search,765570,2022-03-31 00:00:00+00:00,2025-12-09 22:00:00+00:00,32385,15,100,1500,-0.35121722751390794,-0.4420215920747139,515,-0.410527147796171,-0.3910067343453265,15,-0.2190192992677874,0.24043085765021407,-0.74563556228467,false,false,false,false,artifacts\runs\search_crt_three_candle_model_20260819T041702Z_17c047
CRT_INTRADAY_V1,crt_three_candle_model,ETHUSDT,random_search,891022,2022-03-31 00:00:00+00:00,2025-12-09 22:00:00+00:00,32385,15,100,1500,-0.0963219255838974,-0.3439391471965463,582,-0.0274627595144164,0.01954299459260359,15,-0.2190192992677874,0.24043085765021407,-0.74563556228467,false,true,false,false,artifacts\runs\search_crt_three_candle_model_20260819T035851Z_48a60a
CRT_INTRADAY_V1,double_sweep_reversal,BTCUSDT,genetic_algorithm,278037,2022-03-31 00:00:00+00:00,2025-12-09 22:00:00+00:00,32385,15,100,1500,-0.11628180967937152,-0.19914146077089578,183,-0.371798580416987,-0.3953926740157945,15,0.522747844787544,0.4778480838265403,-0.6788115023551706,false,false,false,false,artifacts\runs\search_double_sweep_reversal_20260819T024908Z_25fdbc
CRT_INTRADAY_V1,double_sweep_reversal,BTCUSDT,genetic_algorithm,341110,2022-03-31 00:00:00+00:00,2025-12-09 22:00:00+00:00,32385,15,100,1500,0.15005743975026276,-0.12028882407845232,113,0.4691111132653294,-0.11276262766355731,15,0.522747844787544,0.4778480838265403,-0.6788115023551706,true,false,true,false,artifacts\runs\search_double_sweep_reversal_20260819T023115Z_f23f9a
CRT_INTRADAY_V1,double_sweep_reversal,BTCUSDT,genetic_algorithm,605142,2022-03-31 00:00:00+00:00,2025-12-09 22:00:00+00:00,32385,15,100,1500,0.04067412356318645,-0.1189286851726945,137,0.17418227595819982,-0.1000824516847555,15,0.522747844787544,0.4778480838265403,-0.6788115023551706,true,false,false,false,artifacts\runs\search_double_sweep_reversal_20260819T024230Z_7cd92b
CRT_INTRADAY_V1,double_sweep_reversal,BTCUSDT,genetic_algorithm,671194,2022-03-31 00:00:00+00:00,2025-12-09 22:00:00+00:00,32385,15,100,1500,-0.0882022020992439,-0.1167386851277723,143,-0.34657247245223777,-0.9617435207143327,15,0.522747844787544,0.4778480838265403,-0.6788115023551706,false,false,false,false,artifacts\runs\search_double_sweep_reversal_20260819T024443Z_1b1eb2
CRT_INTRADAY_V1,double_sweep_reversal,BTCUSDT,genetic_algorithm,683778,2022-03-31 00:00:00+00:00,2025-12-09 22:00:00+00:00,32385,15,100,1500,-0.27691289894561366,-0.28243086471428125,184,-1.2548965960882887,-1.249726285634712,15,0.522747844787544,0.4778480838265403,-0.6788115023551706,false,false,false,false,artifacts\runs\search_double_sweep_reversal_20260819T023547Z_0461f9
CRT_INTRADAY_V1,double_sweep_reversal,BTCUSDT,genetic_algorithm,692467,2022-03-31 00:00:00+00:00,2025-12-09 22:00:00+00:00,32385,15,100,1500,-0.1255569551365988,-0.1650311275625106,145,-0.44721763531593944,-0.9680901358214803,15,0.522747844787544,0.4778480838265403,-0.6788115023551706,false,false,false,false,artifacts\runs\search_double_sweep_reversal_20260819T024019Z_8ab77b
CRT_INTRADAY_V1,double_sweep_reversal,BTCUSDT,genetic_algorithm,693857,2022-03-31 00:00:00+00:00,2025-12-09 22:00:00+00:00,32385,15,100,1500,0.034894695488275174,-0.11775139898610631,183,0.14482339631709654,0.10533787908849326,15,0.522747844787544,0.4778480838265403,-0.6788115023551706,true,false,false,false,artifacts\runs\search_double_sweep_reversal_20260819T023332Z_bc4590
CRT_INTRADAY_V1,double_sweep_reversal,BTCUSDT,genetic_algorithm,707014,2022-03-31 00:00:00+00:00,2025-12-09 22:00:00+00:00,32385,15,100,1500,0.07901709371292598,-0.12767312968867894,106,0.32050409918514033,-0.15474438627111745,15,0.522747844787544,0.4778480838265403,-0.6788115023551706,true,false,true,false,artifacts\runs\search_double_sweep_reversal_20260819T024655Z_5c3bab
CRT_INTRADAY_V1,double_sweep_reversal,BTCUSDT,genetic_algorithm,765570,2022-03-31 00:00:00+00:00,2025-12-09 22:00:00+00:00,32385,15,100,1500,0.044485342463602695,-0.15817877142043846,128,0.1797259886156017,0.0076410793234012895,15,0.522747844787544,0.4778480838265403,-0.6788115023551706,true,false,false,false,artifacts\runs\search_double_sweep_reversal_20260819T023803Z_81e54e
CRT_INTRADAY_V1,double_sweep_reversal,BTCUSDT,genetic_algorithm,891022,2022-03-31 00:00:00+00:00,2025-12-09 22:00:00+00:00,32385,15,100,1500,0.2047649013565649,-0.16565077089709312,124,0.6394071125414027,0.3061184457208873,15,0.522747844787544,0.4778480838265403,-0.6788115023551706,true,false,true,false,artifacts\runs\search_double_sweep_reversal_20260819T022905Z_9bddac
CRT_INTRADAY_V1,double_sweep_reversal,BTCUSDT,random_search,278037,2022-03-31 00:00:00+00:00,2025-12-09 22:00:00+00:00,32385,15,100,1500,-0.07461631998007567,-0.09070414101627577,108,-0.26304437207169296,-0.25375476917276946,15,0.522747844787544,0.4778480838265403,-0.6788115023551706,false,false,false,false,artifacts\runs\search_double_sweep_reversal_20260819T024908Z_25fdbc
CRT_INTRADAY_V1,double_sweep_reversal,BTCUSDT,random_search,341110,2022-03-31 00:00:00+00:00,2025-12-09 22:00:00+00:00,32385,15,100,1500,0.0017935864850597838,-0.11543221575052809,157,0.052129587694948895,-0.6027020747441346,15,0.522747844787544,0.4778480838265403,-0.6788115023551706,true,false,false,false,artifacts\runs\search_double_sweep_reversal_20260819T023115Z_f23f9a
CRT_INTRADAY_V1,double_sweep_reversal,BTCUSDT,random_search,605142,2022-03-31 00:00:00+00:00,2025-12-09 22:00:00+00:00,32385,15,100,1500,-0.13031487330396774,-0.22015532193840825,167,-0.39184658504959713,-0.24061473459859128,15,0.522747844787544,0.4778480838265403,-0.6788115023551706,false,false,false,false,artifacts\runs\search_double_sweep_reversal_20260819T024230Z_7cd92b
CRT_INTRADAY_V1,double_sweep_reversal,BTCUSDT,random_search,671194,2022-03-31 00:00:00+00:00,2025-12-09 22:00:00+00:00,32385,15,100,1500,-0.033299657741062694,-0.19914146077089578,187,-0.08560523578379116,0.0512578352760548,15,0.522747844787544,0.4778480838265403,-0.6788115023551706,false,false,false,false,artifacts\runs\search_double_sweep_reversal_20260819T024443Z_1b1eb2
CRT_INTRADAY_V1,double_sweep_reversal,BTCUSDT,random_search,683778,2022-03-31 00:00:00+00:00,2025-12-09 22:00:00+00:00,32385,15,100,1500,-0.013391932972239728,-0.18687133407132728,157,-0.004653351876074212,0.10681820012572825,15,0.522747844787544,0.4778480838265403,-0.6788115023551706,false,false,false,false,artifacts\runs\search_double_sweep_reversal_20260819T023547Z_0461f9
CRT_INTRADAY_V1,double_sweep_reversal,BTCUSDT,random_search,692467,2022-03-31 00:00:00+00:00,2025-12-09 22:00:00+00:00,32385,15,100,1500,0.08433903355989747,-0.10114996233391216,173,0.3407567388577471,-0.01952114141497939,15,0.522747844787544,0.4778480838265403,-0.6788115023551706,true,false,false,false,artifacts\runs\search_double_sweep_reversal_20260819T024019Z_8ab77b
CRT_INTRADAY_V1,double_sweep_reversal,BTCUSDT,random_search,693857,2022-03-31 00:00:00+00:00,2025-12-09 22:00:00+00:00,32385,15,100,1500,-0.03816211665796587,-0.14712976581103443,164,-0.1110929820864971,-0.40808333567309085,15,0.522747844787544,0.4778480838265403,-0.6788115023551706,false,false,false,false,artifacts\runs\search_double_sweep_reversal_20260819T023332Z_bc4590
CRT_INTRADAY_V1,double_sweep_reversal,BTCUSDT,random_search,707014,2022-03-31 00:00:00+00:00,2025-12-09 22:00:00+00:00,32385,15,100,1500,0.16312763704671807,-0.11543221575052776,132,0.576417522169195,0.5417479705959608,15,0.522747844787544,0.4778480838265403,-0.6788115023551706,true,false,true,false,artifacts\runs\search_double_sweep_reversal_20260819T024655Z_5c3bab
CRT_INTRADAY_V1,double_sweep_reversal,BTCUSDT,random_search,765570,2022-03-31 00:00:00+00:00,2025-12-09 22:00:00+00:00,32385,15,100,1500,0.04589246393777202,-0.11576587206648858,140,0.20695303479528726,-0.3877910390182118,15,0.522747844787544,0.4778480838265403,-0.6788115023551706,true,false,false,false,artifacts\runs\search_double_sweep_reversal_20260819T023803Z_81e54e
CRT_INTRADAY_V1,double_sweep_reversal,BTCUSDT,random_search,891022,2022-03-31 00:00:00+00:00,2025-12-09 22:00:00+00:00,32385,15,100,1500,0.017087824076386537,-0.11097287528731081,116,0.10677443769073268,0.023601585773855672,15,0.522747844787544,0.4778480838265403,-0.6788115023551706,true,false,false,false,artifacts\runs\search_double_sweep_reversal_20260819T022905Z_9bddac
CRT_INTRADAY_V1,double_sweep_reversal,ETHUSDT,genetic_algorithm,278037,2022-03-31 00:00:00+00:00,2025-12-09 22:00:00+00:00,32385,15,100,1500,-0.011294190198291698,-0.21580963702520406,206,0.011487023311463191,-0.025526009569289063,15,-0.2190192992677874,0.24043085765021407,-0.74563556228467,false,true,false,false,artifacts\runs\search_double_sweep_reversal_20260819T031126Z_8175bd
CRT_INTRADAY_V1,double_sweep_reversal,ETHUSDT,genetic_algorithm,341110,2022-03-31 00:00:00+00:00,2025-12-09 22:00:00+00:00,32385,15,100,1500,-0.019779693475295845,-0.1754494418532997,168,-0.029220694178191692,-0.3547676967089347,15,-0.2190192992677874,0.24043085765021407,-0.74563556228467,false,true,false,false,artifacts\runs\search_double_sweep_reversal_20260819T025336Z_ff62c0
CRT_INTRADAY_V1,double_sweep_reversal,ETHUSDT,genetic_algorithm,605142,2022-03-31 00:00:00+00:00,2025-12-09 22:00:00+00:00,32385,15,100,1500,-0.06251133118100882,-0.1980694806658002,154,-0.18858545509531288,-0.618085031397306,15,-0.2190192992677874,0.24043085765021407,-0.74563556228467,false,true,false,false,artifacts\runs\search_double_sweep_reversal_20260819T030445Z_f6d4c3
CRT_INTRADAY_V1,double_sweep_reversal,ETHUSDT,genetic_algorithm,671194,2022-03-31 00:00:00+00:00,2025-12-09 22:00:00+00:00,32385,15,100,1500,-0.045707603800408836,-0.2363694216451191,214,-0.08710821106092448,-0.11608886218738389,15,-0.2190192992677874,0.24043085765021407,-0.74563556228467,false,true,false,false,artifacts\runs\search_double_sweep_reversal_20260819T030658Z_07629f
CRT_INTRADAY_V1,double_sweep_reversal,ETHUSDT,genetic_algorithm,683778,2022-03-31 00:00:00+00:00,2025-12-09 22:00:00+00:00,32385,15,100,1500,-0.02301841604047261,-0.2317072135469338,162,-0.0267668564273825,-0.2774034377711954,15,-0.2190192992677874,0.24043085765021407,-0.74563556228467,false,true,false,false,artifacts\runs\search_double_sweep_reversal_20260819T025801Z_14c205
CRT_INTRADAY_V1,double_sweep_reversal,ETHUSDT,genetic_algorithm,692467,2022-03-31 00:00:00+00:00,2025-12-09 22:00:00+00:00,32385,15,100,1500,-0.004546329188253595,-0.21221352722998765,206,0.03484885742452783,-0.035214628395910906,15,-0.2190192992677874,0.24043085765021407,-0.74563556228467,false,true,false,false,artifacts\runs\search_double_sweep_reversal_20260819T030229Z_0f3ed9
CRT_INTRADAY_V1,double_sweep_reversal,ETHUSDT,genetic_algorithm,693857,2022-03-31 00:00:00+00:00,2025-12-09 22:00:00+00:00,32385,15,100,1500,0.10403841335953601,-0.20689416154596763,218,0.3286941386548793,0.26068612411428815,15,-0.2190192992677874,0.24043085765021407,-0.74563556228467,true,true,false,false,artifacts\runs\search_double_sweep_reversal_20260819T025547Z_6bff95
CRT_INTRADAY_V1,double_sweep_reversal,ETHUSDT,genetic_algorithm,707014,2022-03-31 00:00:00+00:00,2025-12-09 22:00:00+00:00,32385,15,100,1500,0.022338244136421492,-0.17890462348087044,202,0.1094132009854952,-0.015336493472373378,15,-0.2190192992677874,0.24043085765021407,-0.74563556228467,true,true,false,false,artifacts\runs\search_double_sweep_reversal_20260819T030913Z_45d1bf
CRT_INTRADAY_V1,double_sweep_reversal,ETHUSDT,genetic_algorithm,765570,2022-03-31 00:00:00+00:00,2025-12-09 22:00:00+00:00,32385,15,100,1500,0.019467411154244996,-0.1534828515665273,179,0.10589277451088744,-0.0749964475289487,15,-0.2190192992677874,0.24043085765021407,-0.74563556228467,true,true,false,false,artifacts\runs\search_double_sweep_reversal_20260819T030017Z_853107
CRT_INTRADAY_V1,double_sweep_reversal,ETHUSDT,genetic_algorithm,891022,2022-03-31 00:00:00+00:00,2025-12-09 22:00:00+00:00,32385,15,100,1500,-0.0016121929940094981,-0.21679010509607533,182,0.03869532410564141,-0.10313022183998832,15,-0.2190192992677874,0.24043085765021407,-0.74563556228467,false,true,false,false,artifacts\runs\search_double_sweep_reversal_20260819T025122Z_fe363b
CRT_INTRADAY_V1,double_sweep_reversal,ETHUSDT,random_search,278037,2022-03-31 00:00:00+00:00,2025-12-09 22:00:00+00:00,32385,15,100,1500,0.08466155030288292,-0.09020575302438949,188,0.30314605891457014,0.1471823421400479,15,-0.2190192992677874,0.24043085765021407,-0.74563556228467,true,true,false,false,artifacts\runs\search_double_sweep_reversal_20260819T031126Z_8175bd
CRT_INTRADAY_V1,double_sweep_reversal,ETHUSDT,random_search,341110,2022-03-31 00:00:00+00:00,2025-12-09 22:00:00+00:00,32385,15,100,1500,0.01642150005839893,-0.19401710367675395,178,0.09575808493545093,-0.23320799344873572,15,-0.2190192992677874,0.24043085765021407,-0.74563556228467,true,true,false,false,artifacts\runs\search_double_sweep_reversal_20260819T025336Z_ff62c0
CRT_INTRADAY_V1,double_sweep_reversal,ETHUSDT,random_search,605142,2022-03-31 00:00:00+00:00,2025-12-09 22:00:00+00:00,32385,15,100,1500,-0.13820172684350918,-0.24320100871384276,224,-0.3701796221769715,-0.4882793796114033,15,-0.2190192992677874,0.24043085765021407,-0.74563556228467,false,true,false,false,artifacts\runs\search_double_sweep_reversal_20260819T030445Z_f6d4c3
CRT_INTRADAY_V1,double_sweep_reversal,ETHUSDT,random_search,671194,2022-03-31 00:00:00+00:00,2025-12-09 22:00:00+00:00,32385,15,100,1500,0.09437018099405625,-0.08376250211783454,136,0.3677130848373215,0.015235514228208243,15,-0.2190192992677874,0.24043085765021407,-0.74563556228467,true,true,true,false,artifacts\runs\search_double_sweep_reversal_20260819T030658Z_07629f
CRT_INTRADAY_V1,double_sweep_reversal,ETHUSDT,random_search,683778,2022-03-31 00:00:00+00:00,2025-12-09 22:00:00+00:00,32385,15,100,1500,-0.02431703811039887,-0.22406108722279827,164,-0.04716011966459354,-0.20818605803554852,15,-0.2190192992677874,0.24043085765021407,-0.74563556228467,false,true,false,false,artifacts\runs\search_double_sweep_reversal_20260819T025801Z_14c205
CRT_INTRADAY_V1,double_sweep_reversal,ETHUSDT,random_search,692467,2022-03-31 00:00:00+00:00,2025-12-09 22:00:00+00:00,32385,15,100,1500,0.014351583041536164,-0.1017438619155796,152,0.08801854282909007,-0.3490406537488144,15,-0.2190192992677874,0.24043085765021407,-0.74563556228467,true,true,false,false,artifacts\runs\search_double_sweep_reversal_20260819T030229Z_0f3ed9
CRT_INTRADAY_V1,double_sweep_reversal,ETHUSDT,random_search,693857,2022-03-31 00:00:00+00:00,2025-12-09 22:00:00+00:00,32385,15,100,1500,0.12040347026912035,-0.04975706712081729,106,0.47462968070097716,0.06475257798717135,15,-0.2190192992677874,0.24043085765021407,-0.74563556228467,true,true,true,false,artifacts\runs\search_double_sweep_reversal_20260819T025547Z_6bff95
CRT_INTRADAY_V1,double_sweep_reversal,ETHUSDT,random_search,707014,2022-03-31 00:00:00+00:00,2025-12-09 22:00:00+00:00,32385,15,100,1500,-0.14517464802734115,-0.24514673337643977,212,-0.4632652153607362,-0.4218745899541268,15,-0.2190192992677874,0.24043085765021407,-0.74563556228467,false,true,false,false,artifacts\runs\search_double_sweep_reversal_20260819T030913Z_45d1bf
CRT_INTRADAY_V1,double_sweep_reversal,ETHUSDT,random_search,765570,2022-03-31 00:00:00+00:00,2025-12-09 22:00:00+00:00,32385,15,100,1500,0.06787927326914445,-0.08157113711351027,182,0.2777488421729321,0.04143803650267535,15,-0.2190192992677874,0.24043085765021407,-0.74563556228467,true,true,false,false,artifacts\runs\search_double_sweep_reversal_20260819T030017Z_853107
CRT_INTRADAY_V1,double_sweep_reversal,ETHUSDT,random_search,891022,2022-03-31 00:00:00+00:00,2025-12-09 22:00:00+00:00,32385,15,100,1500,-0.1003838239494601,-0.21274411639105884,129,-0.37590223403929046,-0.4462906066841361,15,-0.2190192992677874,0.24043085765021407,-0.74563556228467,false,true,false,false,artifacts\runs\search_double_sweep_reversal_20260819T025122Z_fe363b
CRT_INTRADAY_V1,failed_breakout_reversal,BTCUSDT,genetic_algorithm,278037,2022-03-31 00:00:00+00:00,2025-12-09 22:00:00+00:00,32385,15,100,1500,-0.02967755198572608,-0.15318495091616624,228,-0.0522118030687395,-0.20534997501339722,15,0.522747844787544,0.4778480838265403,-0.6788115023551706,false,false,false,false,artifacts\runs\search_failed_breakout_reversal_20260819T014646Z_ba30f4
CRT_INTRADAY_V1,failed_breakout_reversal,BTCUSDT,genetic_algorithm,341110,2022-03-31 00:00:00+00:00,2025-12-09 22:00:00+00:00,32385,15,100,1500,-0.18132438106479254,-0.203919898501001,323,-0.4513656685679029,-0.6139132105436269,15,0.522747844787544,0.4778480838265403,-0.6788115023551706,false,false,false,false,artifacts\runs\search_failed_breakout_reversal_20260819T011321Z_955afe
CRT_INTRADAY_V1,failed_breakout_reversal,BTCUSDT,genetic_algorithm,605142,2022-03-31 00:00:00+00:00,2025-12-09 22:00:00+00:00,32385,15,100,1500,-0.22834869358144694,-0.30779810260419105,343,-0.47565423869919027,-0.6230790814892837,15,0.522747844787544,0.4778480838265403,-0.6788115023551706,false,false,false,false,artifacts\runs\search_failed_breakout_reversal_20260819T013416Z_f5f2ae
CRT_INTRADAY_V1,failed_breakout_reversal,BTCUSDT,genetic_algorithm,671194,2022-03-31 00:00:00+00:00,2025-12-09 22:00:00+00:00,32385,15,100,1500,0.00927464358630714,-0.1920958785048288,370,0.07594568193894616,-0.18878034954040285,15,0.522747844787544,0.4778480838265403,-0.6788115023551706,true,false,false,false,artifacts\runs\search_failed_breakout_reversal_20260819T013825Z_3b6394
CRT_INTRADAY_V1,failed_breakout_reversal,BTCUSDT,genetic_algorithm,683778,2022-03-31 00:00:00+00:00,2025-12-09 22:00:00+00:00,32385,15,100,1500,-0.06396811664840651,-0.15403936636372884,343,-0.11704971498512338,-0.3035282897949293,15,0.522747844787544,0.4778480838265403,-0.6788115023551706,false,false,false,false,artifacts\runs\search_failed_breakout_reversal_20260819T012154Z_cf6809
CRT_INTRADAY_V1,failed_breakout_reversal,BTCUSDT,genetic_algorithm,692467,2022-03-31 00:00:00+00:00,2025-12-09 22:00:00+00:00,32385,15,100,1500,0.03419466269318505,-0.11678218672563323,326,0.13818429514967487,0.056018272855703835,15,0.522747844787544,0.4778480838265403,-0.6788115023551706,true,false,false,false,artifacts\runs\search_failed_breakout_reversal_20260819T013011Z_988635
CRT_INTRADAY_V1,failed_breakout_reversal,BTCUSDT,genetic_algorithm,693857,2022-03-31 00:00:00+00:00,2025-12-09 22:00:00+00:00,32385,15,100,1500,0.09317385617964269,-0.13869627845530252,304,0.2912758615916137,0.04449383203492562,15,0.522747844787544,0.4778480838265403,-0.6788115023551706,true,false,false,false,artifacts\runs\search_failed_breakout_reversal_20260819T011748Z_c1a06f
CRT_INTRADAY_V1,failed_breakout_reversal,BTCUSDT,genetic_algorithm,707014,2022-03-31 00:00:00+00:00,2025-12-09 22:00:00+00:00,32385,15,100,1500,-0.09976846251672677,-0.17401012916671477,390,-0.1828372168119994,-0.4821491935919601,15,0.522747844787544,0.4778480838265403,-0.6788115023551706,false,false,false,false,artifacts\runs\search_failed_breakout_reversal_20260819T014249Z_b44d72
CRT_INTRADAY_V1,failed_breakout_reversal,BTCUSDT,genetic_algorithm,765570,2022-03-31 00:00:00+00:00,2025-12-09 22:00:00+00:00,32385,15,100,1500,0.04965754276873802,-0.12954340051401048,245,0.19848629670240836,-0.537498923455112,15,0.522747844787544,0.4778480838265403,-0.6788115023551706,true,false,false,false,artifacts\runs\search_failed_breakout_reversal_20260819T012601Z_8c481a
CRT_INTRADAY_V1,failed_breakout_reversal,BTCUSDT,genetic_algorithm,891022,2022-03-31 00:00:00+00:00,2025-12-09 22:00:00+00:00,32385,15,100,1500,-0.012180001349219038,-0.14102699084543868,220,0.0017670024008590883,-0.3442812692423114,15,0.522747844787544,0.4778480838265403,-0.6788115023551706,false,false,false,false,artifacts\runs\search_failed_breakout_reversal_20260819T010901Z_7584f1
CRT_INTRADAY_V1,failed_breakout_reversal,BTCUSDT,random_search,278037,2022-03-31 00:00:00+00:00,2025-12-09 22:00:00+00:00,32385,15,100,1500,0.10383365813555123,-0.12553554033658354,335,0.30403992818992237,0.14793159144170287,15,0.522747844787544,0.4778480838265403,-0.6788115023551706,true,false,false,false,artifacts\runs\search_failed_breakout_reversal_20260819T014646Z_ba30f4
CRT_INTRADAY_V1,failed_breakout_reversal,BTCUSDT,random_search,341110,2022-03-31 00:00:00+00:00,2025-12-09 22:00:00+00:00,32385,15,100,1500,-0.07952791534649073,-0.19350939120563349,320,-0.1564554066250975,-0.40099906406096925,15,0.522747844787544,0.4778480838265403,-0.6788115023551706,false,false,false,false,artifacts\runs\search_failed_breakout_reversal_20260819T011321Z_955afe
CRT_INTRADAY_V1,failed_breakout_reversal,BTCUSDT,random_search,605142,2022-03-31 00:00:00+00:00,2025-12-09 22:00:00+00:00,32385,15,100,1500,0.058405232201000024,-0.12000343428800175,398,0.1926371037552745,-0.0180151639513943,15,0.522747844787544,0.4778480838265403,-0.6788115023551706,true,false,false,false,artifacts\runs\search_failed_breakout_reversal_20260819T013416Z_f5f2ae
CRT_INTRADAY_V1,failed_breakout_reversal,BTCUSDT,random_search,671194,2022-03-31 00:00:00+00:00,2025-12-09 22:00:00+00:00,32385,15,100,1500,-0.04092751264391059,-0.12801144437786405,349,-0.04650761872088169,-0.2349800175560981,15,0.522747844787544,0.4778480838265403,-0.6788115023551706,false,false,false,false,artifacts\runs\search_failed_breakout_reversal_20260819T013825Z_3b6394
CRT_INTRADAY_V1,failed_breakout_reversal,BTCUSDT,random_search,683778,2022-03-31 00:00:00+00:00,2025-12-09 22:00:00+00:00,32385,15,100,1500,-0.09174802688127248,-0.2047103841719795,342,-0.17890325065723944,-0.1878676288445171,15,0.522747844787544,0.4778480838265403,-0.6788115023551706,false,false,false,false,artifacts\runs\search_failed_breakout_reversal_20260819T012154Z_cf6809
CRT_INTRADAY_V1,failed_breakout_reversal,BTCUSDT,random_search,692467,2022-03-31 00:00:00+00:00,2025-12-09 22:00:00+00:00,32385,15,100,1500,0.04118384607831871,-0.16556115267958915,301,0.1669408510009223,0.001282253707108453,15,0.522747844787544,0.4778480838265403,-0.6788115023551706,true,false,false,false,artifacts\runs\search_failed_breakout_reversal_20260819T013011Z_988635
CRT_INTRADAY_V1,failed_breakout_reversal,BTCUSDT,random_search,693857,2022-03-31 00:00:00+00:00,2025-12-09 22:00:00+00:00,32385,15,100,1500,0.12420840132983346,-0.15895415343029307,324,0.35086903055129426,-0.07282135910832369,15,0.522747844787544,0.4778480838265403,-0.6788115023551706,true,false,false,false,artifacts\runs\search_failed_breakout_reversal_20260819T011748Z_c1a06f
CRT_INTRADAY_V1,failed_breakout_reversal,BTCUSDT,random_search,707014,2022-03-31 00:00:00+00:00,2025-12-09 22:00:00+00:00,32385,15,100,1500,0.08234462803168263,-0.11020890984908771,281,0.28150547829931755,-0.05765243917052914,15,0.522747844787544,0.4778480838265403,-0.6788115023551706,true,false,false,false,artifacts\runs\search_failed_breakout_reversal_20260819T014249Z_b44d72
CRT_INTRADAY_V1,failed_breakout_reversal,BTCUSDT,random_search,765570,2022-03-31 00:00:00+00:00,2025-12-09 22:00:00+00:00,32385,15,100,1500,-0.08806249851813763,-0.1757338755985367,310,-0.21424903204853757,-0.5086988579431664,15,0.522747844787544,0.4778480838265403,-0.6788115023551706,false,false,false,false,artifacts\runs\search_failed_breakout_reversal_20260819T012601Z_8c481a
CRT_INTRADAY_V1,failed_breakout_reversal,BTCUSDT,random_search,891022,2022-03-31 00:00:00+00:00,2025-12-09 22:00:00+00:00,32385,15,100,1500,0.06021440096042552,-0.14357903116009318,315,0.21389871923287293,-0.057746942380895984,15,0.522747844787544,0.4778480838265403,-0.6788115023551706,true,false,false,false,artifacts\runs\search_failed_breakout_reversal_20260819T010901Z_7584f1
CRT_INTRADAY_V1,failed_breakout_reversal,ETHUSDT,genetic_algorithm,278037,2022-03-31 00:00:00+00:00,2025-12-09 22:00:00+00:00,32385,15,100,1500,-0.26182090042031625,-0.3090174417239655,329,-0.6850066089931085,-0.5384857980113993,15,-0.2190192992677874,0.24043085765021407,-0.74563556228467,false,false,false,false,artifacts\runs\search_failed_breakout_reversal_20260819T022435Z_fbace9
CRT_INTRADAY_V1,failed_breakout_reversal,ETHUSDT,genetic_algorithm,341110,2022-03-31 00:00:00+00:00,2025-12-09 22:00:00+00:00,32385,15,100,1500,-0.14418092577412,-0.2723062923770906,213,-0.41854106849680117,0.10016624514369626,15,-0.2190192992677874,0.24043085765021407,-0.74563556228467,false,true,false,false,artifacts\runs\search_failed_breakout_reversal_20260819T015450Z_28362a
CRT_INTRADAY_V1,failed_breakout_reversal,ETHUSDT,genetic_algorithm,605142,2022-03-31 00:00:00+00:00,2025-12-09 22:00:00+00:00,32385,15,100,1500,-0.15494666371789256,-0.2594017213491465,232,-0.4487627909459059,-0.07525127365258913,15,-0.2190192992677874,0.24043085765021407,-0.74563556228467,false,true,false,false,artifacts\runs\search_failed_breakout_reversal_20260819T021318Z_6a2c03
CRT_INTRADAY_V1,failed_breakout_reversal,ETHUSDT,genetic_algorithm,671194,2022-03-31 00:00:00+00:00,2025-12-09 22:00:00+00:00,32385,15,100,1500,-0.07038773793186226,-0.2783464412911776,398,-0.07634455520246254,-0.08729469377263258,15,-0.2190192992677874,0.24043085765021407,-0.74563556228467,false,true,false,false,artifacts\runs\search_failed_breakout_reversal_20260819T021700Z_6eef93
CRT_INTRADAY_V1,failed_breakout_reversal,ETHUSDT,genetic_algorithm,683778,2022-03-31 00:00:00+00:00,2025-12-09 22:00:00+00:00,32385,15,100,1500,-0.0031814126562019762,-0.16211818381666432,174,0.031178281220858972,0.19752914796861365,15,-0.2190192992677874,0.24043085765021407,-0.74563556228467,false,true,false,false,artifacts\runs\search_failed_breakout_reversal_20260819T020220Z_4d166f
CRT_INTRADAY_V1,failed_breakout_reversal,ETHUSDT,genetic_algorithm,692467,2022-03-31 00:00:00+00:00,2025-12-09 22:00:00+00:00,32385,15,100,1500,-0.16957609109671268,-0.22948693919365903,260,-0.4998187299583366,-0.35026121208136296,15,-0.2190192992677874,0.24043085765021407,-0.74563556228467,false,true,false,false,artifacts\runs\search_failed_breakout_reversal_20260819T020936Z_aa37b8
CRT_INTRADAY_V1,failed_breakout_reversal,ETHUSDT,genetic_algorithm,693857,2022-03-31 00:00:00+00:00,2025-12-09 22:00:00+00:00,32385,15,100,1500,-0.1955932596514468,-0.23709465293741605,285,-0.5048966291620436,-0.3934747747646765,15,-0.2190192992677874,0.24043085765021407,-0.74563556228467,false,true,false,false,artifacts\runs\search_failed_breakout_reversal_20260819T015833Z_348469
CRT_INTRADAY_V1,failed_breakout_reversal,ETHUSDT,genetic_algorithm,707014,2022-03-31 00:00:00+00:00,2025-12-09 22:00:00+00:00,32385,15,100,1500,-0.144515764795221,-0.2781820148624017,214,-0.41444164955205826,0.07712614618821831,15,-0.2190192992677874,0.24043085765021407,-0.74563556228467,false,true,false,false,artifacts\runs\search_failed_breakout_reversal_20260819T022051Z_8df86a
CRT_INTRADAY_V1,failed_breakout_reversal,ETHUSDT,genetic_algorithm,765570,2022-03-31 00:00:00+00:00,2025-12-09 22:00:00+00:00,32385,15,100,1500,0.0020650279204450506,-0.17715149858423307,201,0.04876116714568864,0.16829342034013697,15,-0.2190192992677874,0.24043085765021407,-0.74563556228467,true,true,false,false,artifacts\runs\search_failed_breakout_reversal_20260819T020554Z_1e31e0
CRT_INTRADAY_V1,failed_breakout_reversal,ETHUSDT,genetic_algorithm,891022,2022-03-31 00:00:00+00:00,2025-12-09 22:00:00+00:00,32385,15,100,1500,-0.14149751278474754,-0.2613930343571478,313,-0.3181676789260381,-0.15879327465887252,15,-0.2190192992677874,0.24043085765021407,-0.74563556228467,false,true,false,false,artifacts\runs\search_failed_breakout_reversal_20260819T015053Z_13b5b8
CRT_INTRADAY_V1,failed_breakout_reversal,ETHUSDT,random_search,278037,2022-03-31 00:00:00+00:00,2025-12-09 22:00:00+00:00,32385,15,100,1500,-0.22467012025358146,-0.281257072774881,358,-0.5498229883634711,-0.32873266568957155,15,-0.2190192992677874,0.24043085765021407,-0.74563556228467,false,false,false,false,artifacts\runs\search_failed_breakout_reversal_20260819T022435Z_fbace9
CRT_INTRADAY_V1,failed_breakout_reversal,ETHUSDT,random_search,341110,2022-03-31 00:00:00+00:00,2025-12-09 22:00:00+00:00,32385,15,100,1500,-0.359491259387267,-0.40895955361251746,417,-0.8481164560601716,-0.7768417236604066,15,-0.2190192992677874,0.24043085765021407,-0.74563556228467,false,false,false,false,artifacts\runs\search_failed_breakout_reversal_20260819T015450Z_28362a
CRT_INTRADAY_V1,failed_breakout_reversal,ETHUSDT,random_search,605142,2022-03-31 00:00:00+00:00,2025-12-09 22:00:00+00:00,32385,15,100,1500,-0.2549299940364571,-0.290813382963266,295,-0.7536105174062802,-0.6016756405855426,15,-0.2190192992677874,0.24043085765021407,-0.74563556228467,false,false,false,false,artifacts\runs\search_failed_breakout_reversal_20260819T021318Z_6a2c03
CRT_INTRADAY_V1,failed_breakout_reversal,ETHUSDT,random_search,671194,2022-03-31 00:00:00+00:00,2025-12-09 22:00:00+00:00,32385,15,100,1500,-0.10153206284779637,-0.24169965910715474,298,-0.22971021234870145,-0.1650274923626572,15,-0.2190192992677874,0.24043085765021407,-0.74563556228467,false,true,false,false,artifacts\runs\search_failed_breakout_reversal_20260819T021700Z_6eef93
CRT_INTRADAY_V1,failed_breakout_reversal,ETHUSDT,random_search,683778,2022-03-31 00:00:00+00:00,2025-12-09 22:00:00+00:00,32385,15,100,1500,-0.20394274384869693,-0.32389119911206055,324,-0.5018238911333818,-0.4882452424238529,15,-0.2190192992677874,0.24043085765021407,-0.74563556228467,false,true,false,false,artifacts\runs\search_failed_breakout_reversal_20260819T020220Z_4d166f
CRT_INTRADAY_V1,failed_breakout_reversal,ETHUSDT,random_search,692467,2022-03-31 00:00:00+00:00,2025-12-09 22:00:00+00:00,32385,15,100,1500,-0.14526729092951118,-0.2457287932080099,369,-0.32488789001276785,-0.18410502698269446,15,-0.2190192992677874,0.24043085765021407,-0.74563556228467,false,true,false,false,artifacts\runs\search_failed_breakout_reversal_20260819T020936Z_aa37b8
CRT_INTRADAY_V1,failed_breakout_reversal,ETHUSDT,random_search,693857,2022-03-31 00:00:00+00:00,2025-12-09 22:00:00+00:00,32385,15,100,1500,-0.09410528980187305,-0.23267653790882614,247,-0.21240285580535886,-0.20374736408198993,15,-0.2190192992677874,0.24043085765021407,-0.74563556228467,false,true,false,false,artifacts\runs\search_failed_breakout_reversal_20260819T015833Z_348469
CRT_INTRADAY_V1,failed_breakout_reversal,ETHUSDT,random_search,707014,2022-03-31 00:00:00+00:00,2025-12-09 22:00:00+00:00,32385,15,100,1500,-0.01295456001769224,-0.17582471404894895,284,0.012515921285946856,0.16166787195747764,15,-0.2190192992677874,0.24043085765021407,-0.74563556228467,false,true,false,false,artifacts\runs\search_failed_breakout_reversal_20260819T022051Z_8df86a
CRT_INTRADAY_V1,failed_breakout_reversal,ETHUSDT,random_search,765570,2022-03-31 00:00:00+00:00,2025-12-09 22:00:00+00:00,32385,15,100,1500,-0.171989060283666,-0.2844271395574268,248,-0.5300651315813941,-0.4770986469915342,15,-0.2190192992677874,0.24043085765021407,-0.74563556228467,false,true,false,false,artifacts\runs\search_failed_breakout_reversal_20260819T020554Z_1e31e0
CRT_INTRADAY_V1,failed_breakout_reversal,ETHUSDT,random_search,891022,2022-03-31 00:00:00+00:00,2025-12-09 22:00:00+00:00,32385,15,100,1500,-0.2524761042970476,-0.30573775637219813,242,-0.8442405531432862,-0.5067387787239458,15,-0.2190192992677874,0.24043085765021407,-0.74563556228467,false,false,false,false,artifacts\runs\search_failed_breakout_reversal_20260819T015053Z_13b5b8
CRT_INTRADAY_V1,opening_range_breakout_retest,BTCUSDT,genetic_algorithm,278037,2022-03-31 00:00:00+00:00,2025-12-09 22:00:00+00:00,32385,15,100,1500,-0.05910111663609774,-0.11909606624109281,144,-0.38084863711320843,-0.6689883924362195,15,0.522747844787544,0.4778480838265403,-0.6788115023551706,false,false,false,false,artifacts\runs\search_opening_range_breakout_retest_20260818T234302Z_3378c6
CRT_INTRADAY_V1,opening_range_breakout_retest,BTCUSDT,genetic_algorithm,341110,2022-03-31 00:00:00+00:00,2025-12-09 22:00:00+00:00,32385,15,100,1500,-0.05070433112852679,-0.12427396060389673,122,-0.3517511333983001,-0.6870810124086815,15,0.522747844787544,0.4778480838265403,-0.6788115023551706,false,false,false,false,artifacts\runs\search_opening_range_breakout_retest_20260818T222437Z_005b28
CRT_INTRADAY_V1,opening_range_breakout_retest,BTCUSDT,genetic_algorithm,605142,2022-03-31 00:00:00+00:00,2025-12-09 22:00:00+00:00,32385,15,100,1500,-0.07555930246081677,-0.0932912496747782,126,-0.529969539871036,-0.791917189491097,15,0.522747844787544,0.4778480838265403,-0.6788115023551706,false,false,false,false,artifacts\runs\search_opening_range_breakout_retest_20260818T231650Z_5da7e9
CRT_INTRADAY_V1,opening_range_breakout_retest,BTCUSDT,genetic_algorithm,671194,2022-03-31 00:00:00+00:00,2025-12-09 22:00:00+00:00,32385,15,100,1500,-0.04620117545170699,-0.14135311988421995,134,-0.2620956882999287,-0.7642791613166435,15,0.522747844787544,0.4778480838265403,-0.6788115023551706,false,false,false,false,artifacts\runs\search_opening_range_breakout_retest_20260818T232556Z_3ccc2a
CRT_INTRADAY_V1,opening_range_breakout_retest,BTCUSDT,genetic_algorithm,683778,2022-03-31 00:00:00+00:00,2025-12-09 22:00:00+00:00,32385,15,100,1500,-0.04089478148192793,-0.11911832008925194,138,-0.24410568256142565,-0.660490836685177,15,0.522747844787544,0.4778480838265403,-0.6788115023551706,false,false,false,false,artifacts\runs\search_opening_range_breakout_retest_20260818T224703Z_7ec147
CRT_INTRADAY_V1,opening_range_breakout_retest,BTCUSDT,genetic_algorithm,692467,2022-03-31 00:00:00+00:00,2025-12-09 22:00:00+00:00,32385,15,100,1500,-0.0647894367189914,-0.12442167946701788,120,-0.4551683074172961,-0.5279345930114361,15,0.522747844787544,0.4778480838265403,-0.6788115023551706,false,false,false,false,artifacts\runs\search_opening_range_breakout_retest_20260818T230636Z_3ed04e
CRT_INTRADAY_V1,opening_range_breakout_retest,BTCUSDT,genetic_algorithm,693857,2022-03-31 00:00:00+00:00,2025-12-09 22:00:00+00:00,32385,15,100,1500,-0.05905874270770484,-0.1001317076557211,106,-0.4482171581096677,-0.8215601025013338,15,0.522747844787544,0.4778480838265403,-0.6788115023551706,false,false,false,false,artifacts\runs\search_opening_range_breakout_retest_20260818T223652Z_f9d13d
CRT_INTRADAY_V1,opening_range_breakout_retest,BTCUSDT,genetic_algorithm,707014,2022-03-31 00:00:00+00:00,2025-12-09 22:00:00+00:00,32385,15,100,1500,-0.04299197344244121,-0.10401409743479206,118,-0.27209634197181676,-0.635497303923388,15,0.522747844787544,0.4778480838265403,-0.6788115023551706,false,false,false,false,artifacts\runs\search_opening_range_breakout_retest_20260818T233428Z_2e3c6b
CRT_INTRADAY_V1,opening_range_breakout_retest,BTCUSDT,genetic_algorithm,765570,2022-03-31 00:00:00+00:00,2025-12-09 22:00:00+00:00,32385,15,100,1500,-0.09144921208943291,-0.14938153584710845,118,-0.6701212502080003,-0.8431250465747117,15,0.522747844787544,0.4778480838265403,-0.6788115023551706,false,false,false,false,artifacts\runs\search_opening_range_breakout_retest_20260818T225639Z_10f701
CRT_INTRADAY_V1,opening_range_breakout_retest,BTCUSDT,genetic_algorithm,891022,2022-03-31 00:00:00+00:00,2025-12-09 22:00:00+00:00,32385,15,100,1500,-0.0678229514802996,-0.12726176689150104,112,-0.4874615001646763,-0.6697394926466023,15,0.522747844787544,0.4778480838265403,-0.6788115023551706,false,false,false,false,artifacts\runs\search_opening_range_breakout_retest_20260818T221319Z_f07f8f
CRT_INTRADAY_V1,opening_range_breakout_retest,BTCUSDT,random_search,278037,2022-03-31 00:00:00+00:00,2025-12-09 22:00:00+00:00,32385,15,100,1500,-0.12616515253789506,-0.18188386850569938,142,-0.7977312526214939,-0.9058690404883811,15,0.522747844787544,0.4778480838265403,-0.6788115023551706,false,false,false,false,artifacts\runs\search_opening_range_breakout_retest_20260818T234302Z_3378c6
CRT_INTRADAY_V1,opening_range_breakout_retest,BTCUSDT,random_search,341110,2022-03-31 00:00:00+00:00,2025-12-09 22:00:00+00:00,32385,15,100,1500,-0.05913526359517285,-0.15299689019059404,116,-0.38408794828895776,-0.7650269531058104,15,0.522747844787544,0.4778480838265403,-0.6788115023551706,false,false,false,false,artifacts\runs\search_opening_range_breakout_retest_20260818T222437Z_005b28
CRT_INTRADAY_V1,opening_range_breakout_retest,BTCUSDT,random_search,605142,2022-03-31 00:00:00+00:00,2025-12-09 22:00:00+00:00,32385,15,100,1500,-0.1020443364861795,-0.159301078663857,112,-0.7335349363665702,-0.9668811313272563,15,0.522747844787544,0.4778480838265403,-0.6788115023551706,false,false,false,false,artifacts\runs\search_opening_range_breakout_retest_20260818T231650Z_5da7e9
CRT_INTRADAY_V1,opening_range_breakout_retest,BTCUSDT,random_search,671194,2022-03-31 00:00:00+00:00,2025-12-09 22:00:00+00:00,32385,15,100,1500,-0.04779740838879476,-0.1085131213177104,106,-0.3464264682927076,-0.5495494573964329,15,0.522747844787544,0.4778480838265403,-0.6788115023551706,false,false,false,false,artifacts\runs\search_opening_range_breakout_retest_20260818T232556Z_3ccc2a
CRT_INTRADAY_V1,opening_range_breakout_retest,BTCUSDT,random_search,683778,2022-03-31 00:00:00+00:00,2025-12-09 22:00:00+00:00,32385,15,100,1500,-0.0963774782661676,-0.13139253589628275,136,-0.654520857721504,-1.0046033074950627,15,0.522747844787544,0.4778480838265403,-0.6788115023551706,false,false,false,false,artifacts\runs\search_opening_range_breakout_retest_20260818T224703Z_7ec147
CRT_INTRADAY_V1,opening_range_breakout_retest,BTCUSDT,random_search,692467,2022-03-31 00:00:00+00:00,2025-12-09 22:00:00+00:00,32385,15,100,1500,-0.015130479443837053,-0.09145705301289031,134,-0.07912530134188021,-0.31531434430421357,15,0.522747844787544,0.4778480838265403,-0.6788115023551706,false,false,false,false,artifacts\runs\search_opening_range_breakout_retest_20260818T230636Z_3ed04e
CRT_INTRADAY_V1,opening_range_breakout_retest,BTCUSDT,random_search,693857,2022-03-31 00:00:00+00:00,2025-12-09 22:00:00+00:00,32385,15,100,1500,-0.02687888068936717,-0.10624554033867384,136,-0.15988759748087616,-0.5577258824942832,15,0.522747844787544,0.4778480838265403,-0.6788115023551706,false,false,false,false,artifacts\runs\search_opening_range_breakout_retest_20260818T223652Z_f9d13d
CRT_INTRADAY_V1,opening_range_breakout_retest,BTCUSDT,random_search,707014,2022-03-31 00:00:00+00:00,2025-12-09 22:00:00+00:00,32385,15,100,1500,-0.08474547918190656,-0.13028878517675546,114,-0.5625296605661592,-0.6607771181072299,15,0.522747844787544,0.4778480838265403,-0.6788115023551706,false,false,false,false,artifacts\runs\search_opening_range_breakout_retest_20260818T233428Z_2e3c6b
CRT_INTRADAY_V1,opening_range_breakout_retest,BTCUSDT,random_search,765570,2022-03-31 00:00:00+00:00,2025-12-09 22:00:00+00:00,32385,15,100,1500,-0.058781501427584204,-0.13554621935370148,124,-0.4049684346728772,-0.6882193524329376,15,0.522747844787544,0.4778480838265403,-0.6788115023551706,false,false,false,false,artifacts\runs\search_opening_range_breakout_retest_20260818T225639Z_10f701
CRT_INTRADAY_V1,opening_range_breakout_retest,BTCUSDT,random_search,891022,2022-03-31 00:00:00+00:00,2025-12-09 22:00:00+00:00,32385,15,100,1500,-0.08325685303935737,-0.11318706495768283,150,-0.5640795440029117,-0.8144113414373773,15,0.522747844787544,0.4778480838265403,-0.6788115023551706,false,false,false,false,artifacts\runs\search_opening_range_breakout_retest_20260818T221319Z_f07f8f
CRT_INTRADAY_V1,opening_range_breakout_retest,ETHUSDT,genetic_algorithm,278037,2022-03-31 00:00:00+00:00,2025-12-09 22:00:00+00:00,32385,15,100,1500,-0.20733045093702307,-0.20902981358188255,122,-1.1519067785100532,-0.7306720588304849,15,-0.2190192992677874,0.24043085765021407,-0.74563556228467,false,true,false,false,artifacts\runs\search_opening_range_breakout_retest_20260819T005949Z_131d40
CRT_INTRADAY_V1,opening_range_breakout_retest,ETHUSDT,genetic_algorithm,341110,2022-03-31 00:00:00+00:00,2025-12-09 22:00:00+00:00,32385,15,100,1500,-0.24021623582522478,-0.24021623582522478,110,-1.3731749235840995,-1.0968081095959457,15,-0.2190192992677874,0.24043085765021407,-0.74563556228467,false,false,false,false,artifacts\runs\search_opening_range_breakout_retest_20260818T235852Z_5ef771
CRT_INTRADAY_V1,opening_range_breakout_retest,ETHUSDT,genetic_algorithm,605142,2022-03-31 00:00:00+00:00,2025-12-09 22:00:00+00:00,32385,15,100,1500,-0.13132361792698022,-0.13132361792698022,116,-0.7121495657309681,-0.5215941737871449,15,-0.2190192992677874,0.24043085765021407,-0.74563556228467,false,true,false,false,artifacts\runs\search_opening_range_breakout_retest_20260819T003727Z_bd4b0d
CRT_INTRADAY_V1,opening_range_breakout_retest,ETHUSDT,genetic_algorithm,671194,2022-03-31 00:00:00+00:00,2025-12-09 22:00:00+00:00,32385,15,100,1500,-0.20846265097275218,-0.20846265097275218,118,-1.1475126029873337,-0.7599256165545785,15,-0.2190192992677874,0.24043085765021407,-0.74563556228467,false,true,false,false,artifacts\runs\search_opening_range_breakout_retest_20260819T004454Z_762df3
CRT_INTRADAY_V1,opening_range_breakout_retest,ETHUSDT,genetic_algorithm,683778,2022-03-31 00:00:00+00:00,2025-12-09 22:00:00+00:00,32385,15,100,1500,-0.24772412445865832,-0.24772412445865832,136,-1.3619618167657912,-0.9988943227972228,15,-0.2190192992677874,0.24043085765021407,-0.74563556228467,false,false,false,false,artifacts\runs\search_opening_range_breakout_retest_20260819T001436Z_55982d
CRT_INTRADAY_V1,opening_range_breakout_retest,ETHUSDT,genetic_algorithm,692467,2022-03-31 00:00:00+00:00,2025-12-09 22:00:00+00:00,32385,15,100,1500,-0.08641389451701142,-0.09566987381008107,112,-0.43731376031596964,-0.27677433306714516,15,-0.2190192992677874,0.24043085765021407,-0.74563556228467,false,true,false,false,artifacts\runs\search_opening_range_breakout_retest_20260819T003001Z_cad325
CRT_INTRADAY_V1,opening_range_breakout_retest,ETHUSDT,genetic_algorithm,693857,2022-03-31 00:00:00+00:00,2025-12-09 22:00:00+00:00,32385,15,100,1500,-0.2193974265160361,-0.2346213241464502,114,-1.2439505795372747,-0.8608699221134729,15,-0.2190192992677874,0.24043085765021407,-0.74563556228467,false,false,false,false,artifacts\runs\search_opening_range_breakout_retest_20260819T000644Z_1471c5
CRT_INTRADAY_V1,opening_range_breakout_retest,ETHUSDT,genetic_algorithm,707014,2022-03-31 00:00:00+00:00,2025-12-09 22:00:00+00:00,32385,15,100,1500,-0.09772877794712709,-0.11243715053722714,102,-0.5306773008629883,-0.35176670503181595,15,-0.2190192992677874,0.24043085765021407,-0.74563556228467,false,true,false,false,artifacts\runs\search_opening_range_breakout_retest_20260819T005220Z_b5833e
CRT_INTRADAY_V1,opening_range_breakout_retest,ETHUSDT,genetic_algorithm,765570,2022-03-31 00:00:00+00:00,2025-12-09 22:00:00+00:00,32385,15,100,1500,-0.19131817809230522,-0.2063828090758243,136,-0.9456723138125661,-0.7217718609729408,15,-0.2190192992677874,0.24043085765021407,-0.74563556228467,false,true,false,false,artifacts\runs\search_opening_range_breakout_retest_20260819T002232Z_c7e5dc
CRT_INTRADAY_V1,opening_range_breakout_retest,ETHUSDT,genetic_algorithm,891022,2022-03-31 00:00:00+00:00,2025-12-09 22:00:00+00:00,32385,15,100,1500,-0.015644528857504558,-0.174470696550989,130,-0.04340632925118285,-0.05866303082031126,15,-0.2190192992677874,0.24043085765021407,-0.74563556228467,false,true,false,false,artifacts\runs\search_opening_range_breakout_retest_20260818T235101Z_349e9b
CRT_INTRADAY_V1,opening_range_breakout_retest,ETHUSDT,random_search,278037,2022-03-31 00:00:00+00:00,2025-12-09 22:00:00+00:00,32385,15,100,1500,0.009051630274438338,-0.07356422325541656,104,0.07415087330668549,-0.13334706922674144,15,-0.2190192992677874,0.24043085765021407,-0.74563556228467,true,true,false,false,artifacts\runs\search_opening_range_breakout_retest_20260819T005949Z_131d40
CRT_INTRADAY_V1,opening_range_breakout_retest,ETHUSDT,random_search,341110,2022-03-31 00:00:00+00:00,2025-12-09 22:00:00+00:00,32385,15,100,1500,-0.07732625759021661,-0.09682393148007096,100,-0.4727939047118177,-0.7631450961868548,15,-0.2190192992677874,0.24043085765021407,-0.74563556228467,false,true,false,false,artifacts\runs\search_opening_range_breakout_retest_20260818T235852Z_5ef771
CRT_INTRADAY_V1,opening_range_breakout_retest,ETHUSDT,random_search,605142,2022-03-31 00:00:00+00:00,2025-12-09 22:00:00+00:00,32385,15,100,1500,-0.04075562289573409,-0.0968749460135353,122,-0.19181042016468983,-0.33130409683644035,15,-0.2190192992677874,0.24043085765021407,-0.74563556228467,false,true,false,false,artifacts\runs\search_opening_range_breakout_retest_20260819T003727Z_bd4b0d
CRT_INTRADAY_V1,opening_range_breakout_retest,ETHUSDT,random_search,671194,2022-03-31 00:00:00+00:00,2025-12-09 22:00:00+00:00,32385,15,100,1500,-0.07868850355824519,-0.09315056378645248,104,-0.4719326842049855,-0.37089892540890723,15,-0.2190192992677874,0.24043085765021407,-0.74563556228467,false,true,false,false,artifacts\runs\search_opening_range_breakout_retest_20260819T004454Z_762df3
CRT_INTRADAY_V1,opening_range_breakout_retest,ETHUSDT,random_search,683778,2022-03-31 00:00:00+00:00,2025-12-09 22:00:00+00:00,32385,15,100,1500,-0.11868134899094707,-0.1458754692044606,106,-0.6624717360350804,-0.5216709179331503,15,-0.2190192992677874,0.24043085765021407,-0.74563556228467,false,true,false,false,artifacts\runs\search_opening_range_breakout_retest_20260819T001436Z_55982d
CRT_INTRADAY_V1,opening_range_breakout_retest,ETHUSDT,random_search,692467,2022-03-31 00:00:00+00:00,2025-12-09 22:00:00+00:00,32385,15,100,1500,-0.11512950407158162,-0.1730171578144074,116,-0.6268011242104763,-0.43598404972931065,15,-0.2190192992677874,0.24043085765021407,-0.74563556228467,false,true,false,false,artifacts\runs\search_opening_range_breakout_retest_20260819T003001Z_cad325
CRT_INTRADAY_V1,opening_range_breakout_retest,ETHUSDT,random_search,693857,2022-03-31 00:00:00+00:00,2025-12-09 22:00:00+00:00,32385,15,100,1500,-0.138700494730837,-0.1823320830344226,122,-0.7386612776979024,-0.4198985141734031,15,-0.2190192992677874,0.24043085765021407,-0.74563556228467,false,true,false,false,artifacts\runs\search_opening_range_breakout_retest_20260819T000644Z_1471c5
CRT_INTRADAY_V1,opening_range_breakout_retest,ETHUSDT,random_search,707014,2022-03-31 00:00:00+00:00,2025-12-09 22:00:00+00:00,32385,15,100,1500,-0.18482122305912285,-0.18957256359249408,132,-1.0209098477413858,-0.7202031036666149,15,-0.2190192992677874,0.24043085765021407,-0.74563556228467,false,true,false,false,artifacts\runs\search_opening_range_breakout_retest_20260819T005220Z_b5833e
CRT_INTRADAY_V1,opening_range_breakout_retest,ETHUSDT,random_search,765570,2022-03-31 00:00:00+00:00,2025-12-09 22:00:00+00:00,32385,15,100,1500,-0.05484869557196792,-0.09994888507224065,122,-0.2766793398129206,-0.12062761501470896,15,-0.2190192992677874,0.24043085765021407,-0.74563556228467,false,true,false,false,artifacts\runs\search_opening_range_breakout_retest_20260819T002232Z_c7e5dc
CRT_INTRADAY_V1,opening_range_breakout_retest,ETHUSDT,random_search,891022,2022-03-31 00:00:00+00:00,2025-12-09 22:00:00+00:00,32385,15,100,1500,-0.1794935132692006,-0.1794935132692006,108,-1.1756238500433136,-1.008669824198552,15,-0.2190192992677874,0.24043085765021407,-0.74563556228467,false,true,false,false,artifacts\runs\search_opening_range_breakout_retest_20260818T235101Z_349e9b
CRT_INTRADAY_V1,pdh_reclaim_short,BTCUSDT,genetic_algorithm,278037,2022-03-31 00:00:00+00:00,2025-12-09 22:00:00+00:00,32385,15,100,1500,-0.12342773860498868,-0.18132019924414533,244,-0.415310604667672,-0.09264968298692992,15,0.522747844787544,0.4778480838265403,-0.6788115023551706,false,false,false,false,artifacts\runs\search_pdh_reclaim_short_20260817T160835Z_2a0e68
CRT_INTRADAY_V1,pdh_reclaim_short,BTCUSDT,genetic_algorithm,341110,2022-03-31 00:00:00+00:00,2025-12-09 22:00:00+00:00,32385,15,100,1500,-0.12601996467609267,-0.20578598779541235,239,-0.42982905639298535,-0.14991301256820044,15,0.522747844787544,0.4778480838265403,-0.6788115023551706,false,false,false,false,artifacts\runs\search_pdh_reclaim_short_20260817T154737Z_0cb9a6
CRT_INTRADAY_V1,pdh_reclaim_short,BTCUSDT,genetic_algorithm,605142,2022-03-31 00:00:00+00:00,2025-12-09 22:00:00+00:00,32385,15,100,1500,-0.06572161978384417,-0.1815229023683017,247,-0.1994995648572103,-0.011208210300297032,15,0.522747844787544,0.4778480838265403,-0.6788115023551706,false,false,false,false,artifacts\runs\search_pdh_reclaim_short_20260817T160103Z_32df6c
CRT_INTRADAY_V1,pdh_reclaim_short,BTCUSDT,genetic_algorithm,671194,2022-03-31 00:00:00+00:00,2025-12-09 22:00:00+00:00,32385,15,100,1500,-0.11522864306901082,-0.19695190166743426,239,-0.3868504888846349,-0.22375388661906362,15,0.522747844787544,0.4778480838265403,-0.6788115023551706,false,false,false,false,artifacts\runs\search_pdh_reclaim_short_20260817T160334Z_d00a21
CRT_INTRADAY_V1,pdh_reclaim_short,BTCUSDT,genetic_algorithm,683778,2022-03-31 00:00:00+00:00,2025-12-09 22:00:00+00:00,32385,15,100,1500,-0.07879564290660945,-0.19695190166743426,240,-0.2380106840783037,0.05263752522007941,15,0.522747844787544,0.4778480838265403,-0.6788115023551706,false,false,false,false,artifacts\runs\search_pdh_reclaim_short_20260817T155242Z_51e148
CRT_INTRADAY_V1,pdh_reclaim_short,BTCUSDT,genetic_algorithm,692467,2022-03-31 00:00:00+00:00,2025-12-09 22:00:00+00:00,32385,15,100,1500,0.02112163184239302,-0.10632129918859701,235,0.11638692051797807,0.2005813159257982,15,0.522747844787544,0.4778480838265403,-0.6788115023551706,true,false,false,false,artifacts\runs\search_pdh_reclaim_short_20260817T155830Z_e54b66
CRT_INTRADAY_V1,pdh_reclaim_short,BTCUSDT,genetic_algorithm,693857,2022-03-31 00:00:00+00:00,2025-12-09 22:00:00+00:00,32385,15,100,1500,-0.05883350016986344,-0.18681061822144962,225,-0.17225413196461486,0.07525615128464812,15,0.522747844787544,0.4778480838265403,-0.6788115023551706,false,false,false,false,artifacts\runs\search_pdh_reclaim_short_20260817T155007Z_20df98
CRT_INTRADAY_V1,pdh_reclaim_short,BTCUSDT,genetic_algorithm,707014,2022-03-31 00:00:00+00:00,2025-12-09 22:00:00+00:00,32385,15,100,1500,-0.1605348629068124,-0.2371507955675869,267,-0.5146299195971576,-0.43292714664428383,15,0.522747844787544,0.4778480838265403,-0.6788115023551706,false,false,false,false,artifacts\runs\search_pdh_reclaim_short_20260817T160604Z_d45bc3
CRT_INTRADAY_V1,pdh_reclaim_short,BTCUSDT,genetic_algorithm,765570,2022-03-31 00:00:00+00:00,2025-12-09 22:00:00+00:00,32385,15,100,1500,-0.1561558455713825,-0.23317144044856952,235,-0.5431205065665481,-0.3385064311127659,15,0.522747844787544,0.4778480838265403,-0.6788115023551706,false,false,false,false,artifacts\runs\search_pdh_reclaim_short_20260817T155538Z_0bfd45
CRT_INTRADAY_V1,pdh_reclaim_short,BTCUSDT,genetic_algorithm,891022,2022-03-31 00:00:00+00:00,2025-12-09 22:00:00+00:00,32385,15,100,1500,-0.1271044009571488,-0.2157057847197854,215,-0.4399760246076589,-0.1952417273083321,15,0.522747844787544,0.4778480838265403,-0.6788115023551706,false,false,false,false,artifacts\runs\search_pdh_reclaim_short_20260817T154455Z_d03290
CRT_INTRADAY_V1,pdh_reclaim_short,BTCUSDT,random_search,278037,2022-03-31 00:00:00+00:00,2025-12-09 22:00:00+00:00,32385,15,100,1500,0.12733013491884648,-0.07340061649574081,198,0.504159924668319,0.692731376058563,15,0.522747844787544,0.4778480838265403,-0.6788115023551706,true,false,true,false,artifacts\runs\search_pdh_reclaim_short_20260817T160835Z_2a0e68
CRT_INTRADAY_V1,pdh_reclaim_short,BTCUSDT,random_search,341110,2022-03-31 00:00:00+00:00,2025-12-09 22:00:00+00:00,32385,15,100,1500,-0.08644956106422474,-0.2052065236969659,243,-0.2649146848832576,-0.04527892474797239,15,0.522747844787544,0.4778480838265403,-0.6788115023551706,false,false,false,false,artifacts\runs\search_pdh_reclaim_short_20260817T154737Z_0cb9a6
CRT_INTRADAY_V1,pdh_reclaim_short,BTCUSDT,random_search,605142,2022-03-31 00:00:00+00:00,2025-12-09 22:00:00+00:00,32385,15,100,1500,-0.07564812825967782,-0.1924904188631068,245,-0.23099046004217838,-0.0053376252146075664,15,0.522747844787544,0.4778480838265403,-0.6788115023551706,false,false,false,false,artifacts\runs\search_pdh_reclaim_short_20260817T160103Z_32df6c
CRT_INTRADAY_V1,pdh_reclaim_short,BTCUSDT,random_search,671194,2022-03-31 00:00:00+00:00,2025-12-09 22:00:00+00:00,32385,15,100,1500,-0.11781409850370128,-0.20172542667150262,230,-0.4181136806814341,-0.22931983914434884,15,0.522747844787544,0.4778480838265403,-0.6788115023551706,false,false,false,false,artifacts\runs\search_pdh_reclaim_short_20260817T160334Z_d00a21
CRT_INTRADAY_V1,pdh_reclaim_short,BTCUSDT,random_search,683778,2022-03-31 00:00:00+00:00,2025-12-09 22:00:00+00:00,32385,15,100,1500,0.12816908687591266,-0.08271868094294244,219,0.5043397838040492,0.45656293900653133,15,0.522747844787544,0.4778480838265403,-0.6788115023551706,true,false,true,false,artifacts\runs\search_pdh_reclaim_short_20260817T155242Z_51e148
CRT_INTRADAY_V1,pdh_reclaim_short,BTCUSDT,random_search,692467,2022-03-31 00:00:00+00:00,2025-12-09 22:00:00+00:00,32385,15,100,1500,0.03184118517586998,-0.08435444086868737,215,0.15777323729779721,0.3591344916133321,15,0.522747844787544,0.4778480838265403,-0.6788115023551706,true,false,false,false,artifacts\runs\search_pdh_reclaim_short_20260817T155830Z_e54b66
CRT_INTRADAY_V1,pdh_reclaim_short,BTCUSDT,random_search,693857,2022-03-31 00:00:00+00:00,2025-12-09 22:00:00+00:00,32385,15,100,1500,0.0759981350432326,-0.07968658179346422,251,0.3156427170318745,0.2823930123958293,15,0.522747844787544,0.4778480838265403,-0.6788115023551706,true,false,false,false,artifacts\runs\search_pdh_reclaim_short_20260817T155007Z_20df98
CRT_INTRADAY_V1,pdh_reclaim_short,BTCUSDT,random_search,707014,2022-03-31 00:00:00+00:00,2025-12-09 22:00:00+00:00,32385,15,100,1500,0.11196757456629447,-0.08720231097737474,227,0.4509652518169017,0.5133318670165672,15,0.522747844787544,0.4778480838265403,-0.6788115023551706,true,false,false,false,artifacts\runs\search_pdh_reclaim_short_20260817T160604Z_d45bc3
CRT_INTRADAY_V1,pdh_reclaim_short,BTCUSDT,random_search,765570,2022-03-31 00:00:00+00:00,2025-12-09 22:00:00+00:00,32385,15,100,1500,-0.09999804326900386,-0.21257232971496953,261,-0.31442644152715427,-0.08569947285393471,15,0.522747844787544,0.4778480838265403,-0.6788115023551706,false,false,false,false,artifacts\runs\search_pdh_reclaim_short_20260817T155538Z_0bfd45
CRT_INTRADAY_V1,pdh_reclaim_short,BTCUSDT,random_search,891022,2022-03-31 00:00:00+00:00,2025-12-09 22:00:00+00:00,32385,15,100,1500,-0.15204708141944878,-0.22943767316508668,225,-0.5465282405841926,-0.4036485480775082,15,0.522747844787544,0.4778480838265403,-0.6788115023551706,false,false,false,false,artifacts\runs\search_pdh_reclaim_short_20260817T154455Z_d03290
CRT_INTRADAY_V1,pdh_reclaim_short,ETHUSDT,genetic_algorithm,278037,2022-03-31 00:00:00+00:00,2025-12-09 22:00:00+00:00,32385,15,100,1500,-0.24820551431552285,-0.3543016829417607,372,-0.5273174137827182,-0.30775192211625135,15,-0.2190192992677874,0.24043085765021407,-0.74563556228467,false,false,false,false,artifacts\runs\search_pdh_reclaim_short_20260817T170023Z_c23465
CRT_INTRADAY_V1,pdh_reclaim_short,ETHUSDT,genetic_algorithm,341110,2022-03-31 00:00:00+00:00,2025-12-09 22:00:00+00:00,32385,15,100,1500,-0.2450219126527522,-0.34179752601459334,368,-0.5484143365987016,-0.2939302373856349,15,-0.2190192992677874,0.24043085765021407,-0.74563556228467,false,false,false,false,artifacts\runs\search_pdh_reclaim_short_20260817T163800Z_bc34b6
CRT_INTRADAY_V1,pdh_reclaim_short,ETHUSDT,genetic_algorithm,605142,2022-03-31 00:00:00+00:00,2025-12-09 22:00:00+00:00,32385,15,100,1500,-0.2724370318482523,-0.351308270484501,373,-0.5982520320534621,-0.39344216577360946,15,-0.2190192992677874,0.24043085765021407,-0.74563556228467,false,false,false,false,artifacts\runs\search_pdh_reclaim_short_20260817T165134Z_2824bf
CRT_INTRADAY_V1,pdh_reclaim_short,ETHUSDT,genetic_algorithm,671194,2022-03-31 00:00:00+00:00,2025-12-09 22:00:00+00:00,32385,15,100,1500,-0.18590229429196792,-0.3024396540296277,376,-0.36308112518623725,-0.13136543900308117,15,-0.2190192992677874,0.24043085765021407,-0.74563556228467,false,true,false,false,artifacts\runs\search_pdh_reclaim_short_20260817T165428Z_e05d9e
CRT_INTRADAY_V1,pdh_reclaim_short,ETHUSDT,genetic_algorithm,683778,2022-03-31 00:00:00+00:00,2025-12-09 22:00:00+00:00,32385,15,100,1500,-0.25588880531065705,-0.3512714640690061,344,-0.6032025708602784,-0.4467809449332923,15,-0.2190192992677874,0.24043085765021407,-0.74563556228467,false,false,false,false,artifacts\runs\search_pdh_reclaim_short_20260817T164323Z_92f4ed
CRT_INTRADAY_V1,pdh_reclaim_short,ETHUSDT,genetic_algorithm,692467,2022-03-31 00:00:00+00:00,2025-12-09 22:00:00+00:00,32385,15,100,1500,-0.21173543171807463,-0.30993119378098866,335,-0.4761101211957125,-0.12404448031184932,15,-0.2190192992677874,0.24043085765021407,-0.74563556228467,false,true,false,false,artifacts\runs\search_pdh_reclaim_short_20260817T164849Z_e6edfc
CRT_INTRADAY_V1,pdh_reclaim_short,ETHUSDT,genetic_algorithm,693857,2022-03-31 00:00:00+00:00,2025-12-09 22:00:00+00:00,32385,15,100,1500,-0.2856851801554502,-0.3750205418886925,412,-0.6403101079530151,-0.33342655559130385,15,-0.2190192992677874,0.24043085765021407,-0.74563556228467,false,false,false,false,artifacts\runs\search_pdh_reclaim_short_20260817T164043Z_80728d
CRT_INTRADAY_V1,pdh_reclaim_short,ETHUSDT,genetic_algorithm,707014,2022-03-31 00:00:00+00:00,2025-12-09 22:00:00+00:00,32385,15,100,1500,-0.3034113672536225,-0.36424567582290035,380,-0.6731315907282946,-0.3515494296382467,15,-0.2190192992677874,0.24043085765021407,-0.74563556228467,false,false,false,false,artifacts\runs\search_pdh_reclaim_short_20260817T165722Z_bbac1d
CRT_INTRADAY_V1,pdh_reclaim_short,ETHUSDT,genetic_algorithm,765570,2022-03-31 00:00:00+00:00,2025-12-09 22:00:00+00:00,32385,15,100,1500,-0.26117498570022457,-0.3543016829417617,386,-0.5742866988475491,-0.33699738024816894,15,-0.2190192992677874,0.24043085765021407,-0.74563556228467,false,false,false,false,artifacts\runs\search_pdh_reclaim_short_20260817T164604Z_a18f9e
CRT_INTRADAY_V1,pdh_reclaim_short,ETHUSDT,genetic_algorithm,891022,2022-03-31 00:00:00+00:00,2025-12-09 22:00:00+00:00,32385,15,100,1500,-0.21936675560203445,-0.34179752601459124,372,-0.4849275375979731,-0.21234796103408463,15,-0.2190192992677874,0.24043085765021407,-0.74563556228467,false,false,false,false,artifacts\runs\search_pdh_reclaim_short_20260817T163517Z_a99fcf
CRT_INTRADAY_V1,pdh_reclaim_short,ETHUSDT,random_search,278037,2022-03-31 00:00:00+00:00,2025-12-09 22:00:00+00:00,32385,15,100,1500,-0.20528990317307416,-0.30657528245662613,331,-0.4443882639983538,-0.11097482524877507,15,-0.2190192992677874,0.24043085765021407,-0.74563556228467,false,true,false,false,artifacts\runs\search_pdh_reclaim_short_20260817T170023Z_c23465
CRT_INTRADAY_V1,pdh_reclaim_short,ETHUSDT,random_search,341110,2022-03-31 00:00:00+00:00,2025-12-09 22:00:00+00:00,32385,15,100,1500,-0.1972169159857463,-0.3171747788321605,346,-0.3826497770363616,-0.09545730317454286,15,-0.2190192992677874,0.24043085765021407,-0.74563556228467,false,true,false,false,artifacts\runs\search_pdh_reclaim_short_20260817T163800Z_bc34b6
CRT_INTRADAY_V1,pdh_reclaim_short,ETHUSDT,random_search,605142,2022-03-31 00:00:00+00:00,2025-12-09 22:00:00+00:00,32385,15,100,1500,-0.24222635922385516,-0.3697946495242168,388,-0.5278060090538231,-0.24780004967186484,15,-0.2190192992677874,0.24043085765021407,-0.74563556228467,false,false,false,false,artifacts\runs\search_pdh_reclaim_short_20260817T165134Z_2824bf
CRT_INTRADAY_V1,pdh_reclaim_short,ETHUSDT,random_search,671194,2022-03-31 00:00:00+00:00,2025-12-09 22:00:00+00:00,32385,15,100,1500,-0.24088284450048258,-0.34839712846734594,363,-0.5382974179913381,-0.2735724920153055,15,-0.2190192992677874,0.24043085765021407,-0.74563556228467,false,false,false,false,artifacts\runs\search_pdh_reclaim_short_20260817T165428Z_e05d9e
CRT_INTRADAY_V1,pdh_reclaim_short,ETHUSDT,random_search,683778,2022-03-31 00:00:00+00:00,2025-12-09 22:00:00+00:00,32385,15,100,1500,-0.26981219913899934,-0.3485572015179963,381,-0.5608183499315711,-0.24326457744264388,15,-0.2190192992677874,0.24043085765021407,-0.74563556228467,false,false,false,false,artifacts\runs\search_pdh_reclaim_short_20260817T164323Z_92f4ed
CRT_INTRADAY_V1,pdh_reclaim_short,ETHUSDT,random_search,692467,2022-03-31 00:00:00+00:00,2025-12-09 22:00:00+00:00,32385,15,100,1500,-0.2729760448767342,-0.34874939368514213,366,-0.6069306862209719,-0.21484096359003996,15,-0.2190192992677874,0.24043085765021407,-0.74563556228467,false,false,false,false,artifacts\runs\search_pdh_reclaim_short_20260817T164849Z_e6edfc
CRT_INTRADAY_V1,pdh_reclaim_short,ETHUSDT,random_search,693857,2022-03-31 00:00:00+00:00,2025-12-09 22:00:00+00:00,32385,15,100,1500,-0.22930233058898208,-0.33722222388883805,386,-0.4533715811709791,-0.15654249868352055,15,-0.2190192992677874,0.24043085765021407,-0.74563556228467,false,false,false,false,artifacts\runs\search_pdh_reclaim_short_20260817T164043Z_80728d
CRT_INTRADAY_V1,pdh_reclaim_short,ETHUSDT,random_search,707014,2022-03-31 00:00:00+00:00,2025-12-09 22:00:00+00:00,32385,15,100,1500,-0.2652672651645416,-0.34196653907204766,396,-0.5497845207607586,-0.2445849328157356,15,-0.2190192992677874,0.24043085765021407,-0.74563556228467,false,false,false,false,artifacts\runs\search_pdh_reclaim_short_20260817T165722Z_bbac1d
CRT_INTRADAY_V1,pdh_reclaim_short,ETHUSDT,random_search,765570,2022-03-31 00:00:00+00:00,2025-12-09 22:00:00+00:00,32385,15,100,1500,-0.21994849703967057,-0.29268727192201593,367,-0.4723690132105157,-0.2648010468219591,15,-0.2190192992677874,0.24043085765021407,-0.74563556228467,false,false,false,false,artifacts\runs\search_pdh_reclaim_short_20260817T164604Z_a18f9e
CRT_INTRADAY_V1,pdh_reclaim_short,ETHUSDT,random_search,891022,2022-03-31 00:00:00+00:00,2025-12-09 22:00:00+00:00,32385,15,100,1500,-0.2180086918014581,-0.2661369515072267,390,-0.4621682984505845,-0.21480543684550682,15,-0.2190192992677874,0.24043085765021407,-0.74563556228467,false,true,false,false,artifacts\runs\search_pdh_reclaim_short_20260817T163517Z_a99fcf
CRT_INTRADAY_V1,pdl_reclaim_long,BTCUSDT,genetic_algorithm,278037,2022-03-31 00:00:00+00:00,2025-12-09 22:00:00+00:00,32385,15,100,1500,0.10658983423227286,-0.09308470560617799,257,0.3709367018342396,0.1705067009571128,15,0.522747844787544,0.4778480838265403,-0.6788115023551706,true,false,false,false,artifacts\runs\search_pdl_reclaim_long_20260816T201940Z_ffce79
CRT_INTRADAY_V1,pdl_reclaim_long,BTCUSDT,genetic_algorithm,341110,2022-03-31 00:00:00+00:00,2025-12-09 22:00:00+00:00,32385,15,100,1500,0.17631751491026249,-0.09755523226414475,297,0.528209458359764,0.1248297349784779,15,0.522747844787544,0.4778480838265403,-0.6788115023551706,true,false,true,false,artifacts\runs\search_pdl_reclaim_long_20260816T182211Z_a3d9b6
CRT_INTRADAY_V1,pdl_reclaim_long,BTCUSDT,genetic_algorithm,605142,2022-03-31 00:00:00+00:00,2025-12-09 22:00:00+00:00,32385,15,100,1500,0.11232068069044021,-0.10915580625838994,253,0.3824699731968913,0.3173923308720432,15,0.522747844787544,0.4778480838265403,-0.6788115023551706,true,false,false,false,artifacts\runs\search_pdl_reclaim_long_20260816T184448Z_40c48c
CRT_INTRADAY_V1,pdl_reclaim_long,BTCUSDT,genetic_algorithm,671194,2022-03-31 00:00:00+00:00,2025-12-09 22:00:00+00:00,32385,15,100,1500,0.12704429522130378,-0.09308470560617887,255,0.43251229263197094,0.22934263533241356,15,0.522747844787544,0.4778480838265403,-0.6788115023551706,true,false,false,false,artifacts\runs\search_pdl_reclaim_long_20260816T185046Z_863351
CRT_INTRADAY_V1,pdl_reclaim_long,BTCUSDT,genetic_algorithm,683778,2022-03-31 00:00:00+00:00,2025-12-09 22:00:00+00:00,32385,15,100,1500,0.1376987001816956,-0.14209026405058367,297,0.4177391546305537,0.1806443600916595,15,0.522747844787544,0.4778480838265403,-0.6788115023551706,true,false,false,false,artifacts\runs\search_pdl_reclaim_long_20260816T183420Z_41df0f
CRT_INTRADAY_V1,pdl_reclaim_long,BTCUSDT,genetic_algorithm,692467,2022-03-31 00:00:00+00:00,2025-12-09 22:00:00+00:00,32385,15,100,1500,0.28157974621944115,-0.09308470560617887,285,0.7877751578065445,0.5741391383285318,15,0.522747844787544,0.4778480838265403,-0.6788115023551706,true,false,true,false,artifacts\runs\search_pdl_reclaim_long_20260816T184125Z_e3c5dd
CRT_INTRADAY_V1,pdl_reclaim_long,BTCUSDT,genetic_algorithm,693857,2022-03-31 00:00:00+00:00,2025-12-09 22:00:00+00:00,32385,15,100,1500,0.0902979471747758,-0.09308470560617887,255,0.324442501438847,-0.09139957043257328,15,0.522747844787544,0.4778480838265403,-0.6788115023551706,true,false,false,false,artifacts\runs\search_pdl_reclaim_long_20260816T182549Z_3b936d
CRT_INTRADAY_V1,pdl_reclaim_long,BTCUSDT,genetic_algorithm,707014,2022-03-31 00:00:00+00:00,2025-12-09 22:00:00+00:00,32385,15,100,1500,0.10658983423227286,-0.09308470560617799,257,0.3709367018342396,0.1705067009571128,15,0.522747844787544,0.4778480838265403,-0.6788115023551706,true,false,false,false,artifacts\runs\search_pdl_reclaim_long_20260816T201452Z_4c8d31
CRT_INTRADAY_V1,pdl_reclaim_long,BTCUSDT,genetic_algorithm,765570,2022-03-31 00:00:00+00:00,2025-12-09 22:00:00+00:00,32385,15,100,1500,0.23148419905983442,-0.09308470560617887,293,0.6683197239933765,0.38191977028366547,15,0.522747844787544,0.4778480838265403,-0.6788115023551706,true,false,true,false,artifacts\runs\search_pdl_reclaim_long_20260816T183741Z_591a9f
CRT_INTRADAY_V1,pdl_reclaim_long,BTCUSDT,genetic_algorithm,891022,2022-03-31 00:00:00+00:00,2025-12-09 22:00:00+00:00,32385,15,100,1500,0.15377453401657215,-0.09308470560617799,251,0.5067310589411569,0.3713604350232649,15,0.522747844787544,0.4778480838265403,-0.6788115023551706,true,false,true,false,artifacts\runs\search_pdl_reclaim_long_20260816T181924Z_c5117a
CRT_INTRADAY_V1,pdl_reclaim_long,BTCUSDT,random_search,278037,2022-03-31 00:00:00+00:00,2025-12-09 22:00:00+00:00,32385,15,100,1500,0.20997758870806105,-0.14815801097441306,281,0.6217288587976498,0.4348848012113734,15,0.522747844787544,0.4778480838265403,-0.6788115023551706,true,false,true,false,artifacts\runs\search_pdl_reclaim_long_20260816T201940Z_ffce79
CRT_INTRADAY_V1,pdl_reclaim_long,BTCUSDT,random_search,341110,2022-03-31 00:00:00+00:00,2025-12-09 22:00:00+00:00,32385,15,100,1500,0.14529527386640217,-0.09308470560617887,273,0.5025154621035879,0.28177970130574,15,0.522747844787544,0.4778480838265403,-0.6788115023551706,true,false,true,false,artifacts\runs\search_pdl_reclaim_long_20260816T182211Z_a3d9b6
CRT_INTRADAY_V1,pdl_reclaim_long,BTCUSDT,random_search,605142,2022-03-31 00:00:00+00:00,2025-12-09 22:00:00+00:00,32385,15,100,1500,0.18070964644108556,-0.09474961714182106,221,0.5969177197376914,0.1720733028073889,15,0.522747844787544,0.4778480838265403,-0.6788115023551706,true,false,true,false,artifacts\runs\search_pdl_reclaim_long_20260816T184448Z_40c48c
CRT_INTRADAY_V1,pdl_reclaim_long,BTCUSDT,random_search,671194,2022-03-31 00:00:00+00:00,2025-12-09 22:00:00+00:00,32385,15,100,1500,0.16928028154066666,-0.09609473172125482,243,0.5587324849309091,0.14700426284128829,15,0.522747844787544,0.4778480838265403,-0.6788115023551706,true,false,true,false,artifacts\runs\search_pdl_reclaim_long_20260816T185046Z_863351
CRT_INTRADAY_V1,pdl_reclaim_long,BTCUSDT,random_search,683778,2022-03-31 00:00:00+00:00,2025-12-09 22:00:00+00:00,32385,15,100,1500,0.08365886970765901,-0.09747052299762271,235,0.30174449228980277,0.04749204478356687,15,0.522747844787544,0.4778480838265403,-0.6788115023551706,true,false,false,false,artifacts\runs\search_pdl_reclaim_long_20260816T183420Z_41df0f
CRT_INTRADAY_V1,pdl_reclaim_long,BTCUSDT,random_search,692467,2022-03-31 00:00:00+00:00,2025-12-09 22:00:00+00:00,32385,15,100,1500,0.09471528244696414,-0.11193349580611056,219,0.35926820263925896,0.0042935103495269486,15,0.522747844787544,0.4778480838265403,-0.6788115023551706,true,false,false,false,artifacts\runs\search_pdl_reclaim_long_20260816T184125Z_e3c5dd
CRT_INTRADAY_V1,pdl_reclaim_long,BTCUSDT,random_search,693857,2022-03-31 00:00:00+00:00,2025-12-09 22:00:00+00:00,32385,15,100,1500,0.07581122942334462,-0.08769813048753672,217,0.30005359139664267,-0.03352668777311805,15,0.522747844787544,0.4778480838265403,-0.6788115023551706,true,false,false,false,artifacts\runs\search_pdl_reclaim_long_20260816T182549Z_3b936d
CRT_INTRADAY_V1,pdl_reclaim_long,BTCUSDT,random_search,707014,2022-03-31 00:00:00+00:00,2025-12-09 22:00:00+00:00,32385,15,100,1500,0.08957656333463615,-0.12333988649701588,238,0.3233972088962606,0.05515599841044668,15,0.522747844787544,0.4778480838265403,-0.6788115023551706,true,false,false,false,artifacts\runs\search_pdl_reclaim_long_20260816T201452Z_4c8d31
CRT_INTRADAY_V1,pdl_reclaim_long,BTCUSDT,random_search,765570,2022-03-31 00:00:00+00:00,2025-12-09 22:00:00+00:00,32385,15,100,1500,0.17902960849678906,-0.08769813048753661,269,0.5406616889450919,0.23024608688455456,15,0.522747844787544,0.4778480838265403,-0.6788115023551706,true,false,true,false,artifacts\runs\search_pdl_reclaim_long_20260816T183741Z_591a9f
CRT_INTRADAY_V1,pdl_reclaim_long,BTCUSDT,random_search,891022,2022-03-31 00:00:00+00:00,2025-12-09 22:00:00+00:00,32385,15,100,1500,0.19794472187422962,-0.09308470560617887,291,0.6091020733087206,0.29462412609140703,15,0.522747844787544,0.4778480838265403,-0.6788115023551706,true,false,true,false,artifacts\runs\search_pdl_reclaim_long_20260816T181924Z_c5117a
CRT_INTRADAY_V1,pdl_reclaim_long,ETHUSDT,genetic_algorithm,278037,2022-03-31 00:00:00+00:00,2025-12-09 22:00:00+00:00,32385,15,100,1500,-0.20071695189618832,-0.3444089873396474,365,-0.33357119287462045,-0.29769468897232243,15,-0.2190192992677874,0.24043085765021407,-0.74563556228467,false,true,false,false,artifacts\runs\search_pdl_reclaim_long_20260816T205046Z_dcf6c2
CRT_INTRADAY_V1,pdl_reclaim_long,ETHUSDT,genetic_algorithm,341110,2022-03-31 00:00:00+00:00,2025-12-09 22:00:00+00:00,32385,15,100,1500,-0.22862016439032362,-0.36729586749919163,386,-0.3826076658126852,-0.21749012499601808,15,-0.2190192992677874,0.24043085765021407,-0.74563556228467,false,false,false,false,artifacts\runs\search_pdl_reclaim_long_20260816T202735Z_64161e
CRT_INTRADAY_V1,pdl_reclaim_long,ETHUSDT,genetic_algorithm,605142,2022-03-31 00:00:00+00:00,2025-12-09 22:00:00+00:00,32385,15,100,1500,-0.1742545145439347,-0.3033839577631835,367,-0.28453651434955657,-0.18942913776780382,15,-0.2190192992677874,0.24043085765021407,-0.74563556228467,false,true,false,false,artifacts\runs\search_pdl_reclaim_long_20260816T204213Z_37a7e1
CRT_INTRADAY_V1,pdl_reclaim_long,ETHUSDT,genetic_algorithm,671194,2022-03-31 00:00:00+00:00,2025-12-09 22:00:00+00:00,32385,15,100,1500,-0.2430751717097378,-0.356678206703651,359,-0.4561926820793298,-0.5524341732588379,15,-0.2190192992677874,0.24043085765021407,-0.74563556228467,false,false,false,false,artifacts\runs\search_pdl_reclaim_long_20260816T204516Z_3fdccd
CRT_INTRADAY_V1,pdl_reclaim_long,ETHUSDT,genetic_algorithm,683778,2022-03-31 00:00:00+00:00,2025-12-09 22:00:00+00:00,32385,15,100,1500,-0.20012176765394774,-0.3426005684803952,355,-0.3539624779849643,-0.48439772019402894,15,-0.2190192992677874,0.24043085765021407,-0.74563556228467,false,true,false,false,artifacts\runs\search_pdl_reclaim_long_20260816T203347Z_1b8bee
CRT_INTRADAY_V1,pdl_reclaim_long,ETHUSDT,genetic_algorithm,692467,2022-03-31 00:00:00+00:00,2025-12-09 22:00:00+00:00,32385,15,100,1500,-0.10914582645440785,-0.31437962975031064,372,-0.13514575475419982,0.09189311619809236,15,-0.2190192992677874,0.24043085765021407,-0.74563556228467,false,true,false,false,artifacts\runs\search_pdl_reclaim_long_20260816T203925Z_83b557
CRT_INTRADAY_V1,pdl_reclaim_long,ETHUSDT,genetic_algorithm,693857,2022-03-31 00:00:00+00:00,2025-12-09 22:00:00+00:00,32385,15,100,1500,-0.16447346736515578,-0.30721797856029365,369,-0.2626403704067428,-0.16524052670706388,15,-0.2190192992677874,0.24043085765021407,-0.74563556228467,false,true,false,false,artifacts\runs\search_pdl_reclaim_long_20260816T203025Z_e54ef8
CRT_INTRADAY_V1,pdl_reclaim_long,ETHUSDT,genetic_algorithm,707014,2022-03-31 00:00:00+00:00,2025-12-09 22:00:00+00:00,32385,15,100,1500,-0.1923691446456519,-0.32081785008602737,360,-0.32758883747893625,-0.26431595821809595,15,-0.2190192992677874,0.24043085765021407,-0.74563556228467,false,true,false,false,artifacts\runs\search_pdl_reclaim_long_20260816T204759Z_581e9b
CRT_INTRADAY_V1,pdl_reclaim_long,ETHUSDT,genetic_algorithm,765570,2022-03-31 00:00:00+00:00,2025-12-09 22:00:00+00:00,32385,15,100,1500,-0.19150288865900145,-0.33685139298966804,357,-0.3032420912315864,-0.24730295706007557,15,-0.2190192992677874,0.24043085765021407,-0.74563556228467,false,true,false,false,artifacts\runs\search_pdl_reclaim_long_20260816T203643Z_37bed0
CRT_INTRADAY_V1,pdl_reclaim_long,ETHUSDT,genetic_algorithm,891022,2022-03-31 00:00:00+00:00,2025-12-09 22:00:00+00:00,32385,15,100,1500,-0.2946341898283259,-0.4058705717842347,345,-0.6247971385415841,-0.4425463274655229,15,-0.2190192992677874,0.24043085765021407,-0.74563556228467,false,false,false,false,artifacts\runs\search_pdl_reclaim_long_20260816T202414Z_64d547
CRT_INTRADAY_V1,pdl_reclaim_long,ETHUSDT,random_search,278037,2022-03-31 00:00:00+00:00,2025-12-09 22:00:00+00:00,32385,15,100,1500,-0.2598076756380958,-0.37089941339579213,365,-0.46351727460628034,-0.5160061007190735,15,-0.2190192992677874,0.24043085765021407,-0.74563556228467,false,false,false,false,artifacts\runs\search_pdl_reclaim_long_20260816T205046Z_dcf6c2
CRT_INTRADAY_V1,pdl_reclaim_long,ETHUSDT,random_search,341110,2022-03-31 00:00:00+00:00,2025-12-09 22:00:00+00:00,32385,15,100,1500,-0.2872630562870093,-0.38925074533733417,373,-0.523495715794358,-0.4828146721122051,15,-0.2190192992677874,0.24043085765021407,-0.74563556228467,false,false,false,false,artifacts\runs\search_pdl_reclaim_long_20260816T202735Z_64161e
CRT_INTRADAY_V1,pdl_reclaim_long,ETHUSDT,random_search,605142,2022-03-31 00:00:00+00:00,2025-12-09 22:00:00+00:00,32385,15,100,1500,-0.1899549535242151,-0.33558173968605487,358,-0.31209744763078917,-0.14516304083583134,15,-0.2190192992677874,0.24043085765021407,-0.74563556228467,false,true,false,false,artifacts\runs\search_pdl_reclaim_long_20260816T204213Z_37a7e1
CRT_INTRADAY_V1,pdl_reclaim_long,ETHUSDT,random_search,671194,2022-03-31 00:00:00+00:00,2025-12-09 22:00:00+00:00,32385,15,100,1500,-0.20948024636075924,-0.3729891604022689,365,-0.35759654499323024,-0.4027986443844852,15,-0.2190192992677874,0.24043085765021407,-0.74563556228467,false,true,false,false,artifacts\runs\search_pdl_reclaim_long_20260816T204516Z_3fdccd
CRT_INTRADAY_V1,pdl_reclaim_long,ETHUSDT,random_search,683778,2022-03-31 00:00:00+00:00,2025-12-09 22:00:00+00:00,32385,15,100,1500,-0.23580191108181003,-0.37658499617348784,358,-0.3937041829453673,-0.32637710012793764,15,-0.2190192992677874,0.24043085765021407,-0.74563556228467,false,false,false,false,artifacts\runs\search_pdl_reclaim_long_20260816T203347Z_1b8bee
CRT_INTRADAY_V1,pdl_reclaim_long,ETHUSDT,random_search,692467,2022-03-31 00:00:00+00:00,2025-12-09 22:00:00+00:00,32385,15,100,1500,-0.235677849566571,-0.38032568858187166,348,-0.4318157658807269,-0.2798251440835811,15,-0.2190192992677874,0.24043085765021407,-0.74563556228467,false,false,false,false,artifacts\runs\search_pdl_reclaim_long_20260816T203925Z_83b557
CRT_INTRADAY_V1,pdl_reclaim_long,ETHUSDT,random_search,693857,2022-03-31 00:00:00+00:00,2025-12-09 22:00:00+00:00,32385,15,100,1500,-0.20794537003984948,-0.3165142848354474,343,-0.3544550175425173,-0.2244796228607605,15,-0.2190192992677874,0.24043085765021407,-0.74563556228467,false,true,false,false,artifacts\runs\search_pdl_reclaim_long_20260816T203025Z_e54ef8
CRT_INTRADAY_V1,pdl_reclaim_long,ETHUSDT,random_search,707014,2022-03-31 00:00:00+00:00,2025-12-09 22:00:00+00:00,32385,15,100,1500,-0.11084934745981323,-0.30875583461104306,375,-0.12721220800125058,0.27368230871364546,15,-0.2190192992677874,0.24043085765021407,-0.74563556228467,false,true,false,false,artifacts\runs\search_pdl_reclaim_long_20260816T204759Z_581e9b
CRT_INTRADAY_V1,pdl_reclaim_long,ETHUSDT,random_search,765570,2022-03-31 00:00:00+00:00,2025-12-09 22:00:00+00:00,32385,15,100,1500,-0.2657242210364038,-0.3977294993998294,360,-0.4925536725285975,-0.5112304300034182,15,-0.2190192992677874,0.24043085765021407,-0.74563556228467,false,false,false,false,artifacts\runs\search_pdl_reclaim_long_20260816T203643Z_37bed0
CRT_INTRADAY_V1,pdl_reclaim_long,ETHUSDT,random_search,891022,2022-03-31 00:00:00+00:00,2025-12-09 22:00:00+00:00,32385,15,100,1500,-0.2254274501423501,-0.364677127151915,387,-0.3828816862971539,-0.3316931554730438,15,-0.2190192992677874,0.24043085765021407,-0.74563556228467,false,false,false,false,artifacts\runs\search_pdl_reclaim_long_20260816T202414Z_64d547
CRT_INTRADAY_V1,session_liquidity_sweep,BTCUSDT,genetic_algorithm,278037,2022-03-31 00:00:00+00:00,2025-12-09 22:00:00+00:00,32385,15,100,1500,-0.05090636489346678,-0.1033047857381948,231,-0.18524998211197596,-0.474738263742271,15,0.522747844787544,0.4778480838265403,-0.6788115023551706,false,false,false,false,artifacts\runs\search_session_liquidity_sweep_20260818T101157Z_35efd8
CRT_INTRADAY_V1,session_liquidity_sweep,BTCUSDT,genetic_algorithm,341110,2022-03-31 00:00:00+00:00,2025-12-09 22:00:00+00:00,32385,15,100,1500,-0.005691358297585047,-0.09537706016087377,246,0.011436814511338177,-0.025087779381548467,15,0.522747844787544,0.4778480838265403,-0.6788115023551706,false,false,false,false,artifacts\runs\search_session_liquidity_sweep_20260818T083926Z_44200a
CRT_INTRADAY_V1,session_liquidity_sweep,BTCUSDT,genetic_algorithm,605142,2022-03-31 00:00:00+00:00,2025-12-09 22:00:00+00:00,32385,15,100,1500,-0.006169854481533621,-0.11027505455585362,228,0.0008461046515109173,-0.11385602180716405,15,0.522747844787544,0.4778480838265403,-0.6788115023551706,false,false,false,false,artifacts\runs\search_session_liquidity_sweep_20260818T092557Z_bdc474
CRT_INTRADAY_V1,session_liquidity_sweep,BTCUSDT,genetic_algorithm,671194,2022-03-31 00:00:00+00:00,2025-12-09 22:00:00+00:00,32385,15,100,1500,-0.11450289597996655,-0.17232717377526718,259,-0.50100629671081,-0.590760211250238,15,0.522747844787544,0.4778480838265403,-0.6788115023551706,false,false,false,false,artifacts\runs\search_session_liquidity_sweep_20260818T093731Z_0c66e0
CRT_INTRADAY_V1,session_liquidity_sweep,BTCUSDT,genetic_algorithm,683778,2022-03-31 00:00:00+00:00,2025-12-09 22:00:00+00:00,32385,15,100,1500,-0.09586847389886788,-0.11782465336228587,223,-0.4115004721653271,-0.6970892253305573,15,0.522747844787544,0.4778480838265403,-0.6788115023551706,false,false,false,false,artifacts\runs\search_session_liquidity_sweep_20260818T085843Z_3833c3
CRT_INTRADAY_V1,session_liquidity_sweep,BTCUSDT,genetic_algorithm,692467,2022-03-31 00:00:00+00:00,2025-12-09 22:00:00+00:00,32385,15,100,1500,-0.024556303146755498,-0.15004662926276957,258,-0.05482801830621278,-0.3416085653317888,15,0.522747844787544,0.4778480838265403,-0.6788115023551706,false,false,false,false,artifacts\runs\search_session_liquidity_sweep_20260818T091659Z_604cd2
CRT_INTRADAY_V1,session_liquidity_sweep,BTCUSDT,genetic_algorithm,693857,2022-03-31 00:00:00+00:00,2025-12-09 22:00:00+00:00,32385,15,100,1500,-0.02477235495675134,-0.11439481244879957,255,-0.060164565033272936,-0.28839059529177474,15,0.522747844787544,0.4778480838265403,-0.6788115023551706,false,false,false,false,artifacts\runs\search_session_liquidity_sweep_20260818T084918Z_d94adf
CRT_INTRADAY_V1,session_liquidity_sweep,BTCUSDT,genetic_algorithm,707014,2022-03-31 00:00:00+00:00,2025-12-09 22:00:00+00:00,32385,15,100,1500,0.09025935043994915,-0.06136758905239248,227,0.4068214769233499,0.002151114729398618,15,0.522747844787544,0.4778480838265403,-0.6788115023551706,true,false,false,false,artifacts\runs\search_session_liquidity_sweep_20260818T095551Z_0d2259
CRT_INTRADAY_V1,session_liquidity_sweep,BTCUSDT,genetic_algorithm,765570,2022-03-31 00:00:00+00:00,2025-12-09 22:00:00+00:00,32385,15,100,1500,-0.0532276397180812,-0.09896755974481863,278,-0.1820892755542802,-0.703708592272079,15,0.522747844787544,0.4778480838265403,-0.6788115023551706,false,false,false,false,artifacts\runs\search_session_liquidity_sweep_20260818T090753Z_ca7cc7
CRT_INTRADAY_V1,session_liquidity_sweep,BTCUSDT,genetic_algorithm,891022,2022-03-31 00:00:00+00:00,2025-12-09 22:00:00+00:00,32385,15,100,1500,0.04905671616929008,-0.1136051125261518,260,0.21974931243569804,-0.02570728853584036,15,0.522747844787544,0.4778480838265403,-0.6788115023551706,true,false,false,false,artifacts\runs\search_session_liquidity_sweep_20260818T071600Z_f070a2
CRT_INTRADAY_V1,session_liquidity_sweep,BTCUSDT,random_search,278037,2022-03-31 00:00:00+00:00,2025-12-09 22:00:00+00:00,32385,15,100,1500,-0.11372889263313923,-0.14694967842087048,232,-0.525224855180762,-0.7366795841180942,15,0.522747844787544,0.4778480838265403,-0.6788115023551706,false,false,false,false,artifacts\runs\search_session_liquidity_sweep_20260818T101157Z_35efd8
CRT_INTRADAY_V1,session_liquidity_sweep,BTCUSDT,random_search,341110,2022-03-31 00:00:00+00:00,2025-12-09 22:00:00+00:00,32385,15,100,1500,-0.08580658058923418,-0.12400859891091254,237,-0.37043589299778107,-0.3437623215838841,15,0.522747844787544,0.4778480838265403,-0.6788115023551706,false,false,false,false,artifacts\runs\search_session_liquidity_sweep_20260818T083926Z_44200a
CRT_INTRADAY_V1,session_liquidity_sweep,BTCUSDT,random_search,605142,2022-03-31 00:00:00+00:00,2025-12-09 22:00:00+00:00,32385,15,100,1500,-0.04165278556301155,-0.15584833241588825,242,-0.14065998948303554,-0.6486804788356397,15,0.522747844787544,0.4778480838265403,-0.6788115023551706,false,false,false,false,artifacts\runs\search_session_liquidity_sweep_20260818T092557Z_bdc474
CRT_INTRADAY_V1,session_liquidity_sweep,BTCUSDT,random_search,671194,2022-03-31 00:00:00+00:00,2025-12-09 22:00:00+00:00,32385,15,100,1500,0.03439378376158575,-0.10466603760304394,257,0.16528005552467212,-0.03760975965040414,15,0.522747844787544,0.4778480838265403,-0.6788115023551706,true,false,false,false,artifacts\runs\search_session_liquidity_sweep_20260818T093731Z_0c66e0
CRT_INTRADAY_V1,session_liquidity_sweep,BTCUSDT,random_search,683778,2022-03-31 00:00:00+00:00,2025-12-09 22:00:00+00:00,32385,15,100,1500,0.0038186820461596493,-0.11212353248805673,266,0.04934513779667328,-0.46948354904193407,15,0.522747844787544,0.4778480838265403,-0.6788115023551706,true,false,false,false,artifacts\runs\search_session_liquidity_sweep_20260818T085843Z_3833c3
CRT_INTRADAY_V1,session_liquidity_sweep,BTCUSDT,random_search,692467,2022-03-31 00:00:00+00:00,2025-12-09 22:00:00+00:00,32385,15,100,1500,0.027925955833828953,-0.08017339305732218,263,0.15451574671736232,-0.021423631720246337,15,0.522747844787544,0.4778480838265403,-0.6788115023551706,true,false,false,false,artifacts\runs\search_session_liquidity_sweep_20260818T091659Z_604cd2
CRT_INTRADAY_V1,session_liquidity_sweep,BTCUSDT,random_search,693857,2022-03-31 00:00:00+00:00,2025-12-09 22:00:00+00:00,32385,15,100,1500,-0.1922778163324217,-0.20027045924464182,278,-0.7120243323165738,-0.6901489261566316,15,0.522747844787544,0.4778480838265403,-0.6788115023551706,false,false,false,false,artifacts\runs\search_session_liquidity_sweep_20260818T084918Z_d94adf
CRT_INTRADAY_V1,session_liquidity_sweep,BTCUSDT,random_search,707014,2022-03-31 00:00:00+00:00,2025-12-09 22:00:00+00:00,32385,15,100,1500,-0.064216984408628,-0.11237563596021094,236,-0.28295519161084903,-0.7046562416938027,15,0.522747844787544,0.4778480838265403,-0.6788115023551706,false,false,false,false,artifacts\runs\search_session_liquidity_sweep_20260818T095551Z_0d2259
CRT_INTRADAY_V1,session_liquidity_sweep,BTCUSDT,random_search,765570,2022-03-31 00:00:00+00:00,2025-12-09 22:00:00+00:00,32385,15,100,1500,-0.08539696245485295,-0.14462976092524582,247,-0.38762411727625573,-0.6925919711686537,15,0.522747844787544,0.4778480838265403,-0.6788115023551706,false,false,false,false,artifacts\runs\search_session_liquidity_sweep_20260818T090753Z_ca7cc7
CRT_INTRADAY_V1,session_liquidity_sweep,BTCUSDT,random_search,891022,2022-03-31 00:00:00+00:00,2025-12-09 22:00:00+00:00,32385,15,100,1500,-0.05237777998333659,-0.10338875814397452,207,-0.2421156606040816,-0.19301142942030242,15,0.522747844787544,0.4778480838265403,-0.6788115023551706,false,false,false,false,artifacts\runs\search_session_liquidity_sweep_20260818T071600Z_f070a2
CRT_INTRADAY_V1,session_liquidity_sweep,ETHUSDT,genetic_algorithm,278037,2022-03-31 00:00:00+00:00,2025-12-09 22:00:00+00:00,32385,15,100,1500,-0.041632277482705704,-0.15319808024311987,183,-0.15075350543071736,-0.8135837790898663,15,-0.2190192992677874,0.24043085765021407,-0.74563556228467,false,true,false,false,artifacts\runs\search_session_liquidity_sweep_20260818T125431Z_050ed6
CRT_INTRADAY_V1,session_liquidity_sweep,ETHUSDT,genetic_algorithm,341110,2022-03-31 00:00:00+00:00,2025-12-09 22:00:00+00:00,32385,15,100,1500,-0.28571922455693743,-0.38465493712906407,231,-0.8652498141446385,-1.3376959448105548,15,-0.2190192992677874,0.24043085765021407,-0.74563556228467,false,false,false,false,artifacts\runs\search_session_liquidity_sweep_20260818T104642Z_0b1994
CRT_INTRADAY_V1,session_liquidity_sweep,ETHUSDT,genetic_algorithm,605142,2022-03-31 00:00:00+00:00,2025-12-09 22:00:00+00:00,32385,15,100,1500,-0.08816872851637325,-0.19022841862585638,242,-0.2310727582332374,-0.5605194983429629,15,-0.2190192992677874,0.24043085765021407,-0.74563556228467,false,true,false,false,artifacts\runs\search_session_liquidity_sweep_20260818T115858Z_557846
CRT_INTRADAY_V1,session_liquidity_sweep,ETHUSDT,genetic_algorithm,671194,2022-03-31 00:00:00+00:00,2025-12-09 22:00:00+00:00,32385,15,100,1500,-0.12848817869553608,-0.21362045743707225,260,-0.3962168154485373,-0.8587403871247908,15,-0.2190192992677874,0.24043085765021407,-0.74563556228467,false,true,false,false,artifacts\runs\search_session_liquidity_sweep_20260818T121750Z_3e4874
CRT_INTRADAY_V1,session_liquidity_sweep,ETHUSDT,genetic_algorithm,683778,2022-03-31 00:00:00+00:00,2025-12-09 22:00:00+00:00,32385,15,100,1500,-0.1392410777397095,-0.22190979836044733,237,-0.5204050395866743,-0.8160136491134544,15,-0.2190192992677874,0.24043085765021407,-0.74563556228467,false,true,false,false,artifacts\runs\search_session_liquidity_sweep_20260818T111816Z_2024e8
CRT_INTRADAY_V1,session_liquidity_sweep,ETHUSDT,genetic_algorithm,692467,2022-03-31 00:00:00+00:00,2025-12-09 22:00:00+00:00,32385,15,100,1500,-0.20348818133827862,-0.2799865031159411,224,-0.6209789321898317,-1.3870962154968194,15,-0.2190192992677874,0.24043085765021407,-0.74563556228467,false,true,false,false,artifacts\runs\search_session_liquidity_sweep_20260818T114511Z_7deded
CRT_INTRADAY_V1,session_liquidity_sweep,ETHUSDT,genetic_algorithm,693857,2022-03-31 00:00:00+00:00,2025-12-09 22:00:00+00:00,32385,15,100,1500,-0.2107194859700947,-0.2912782294078934,183,-0.9138808878936291,-1.0009701535637225,15,-0.2190192992677874,0.24043085765021407,-0.74563556228467,false,true,false,false,artifacts\runs\search_session_liquidity_sweep_20260818T110439Z_ac89f9
CRT_INTRADAY_V1,session_liquidity_sweep,ETHUSDT,genetic_algorithm,707014,2022-03-31 00:00:00+00:00,2025-12-09 22:00:00+00:00,32385,15,100,1500,-0.060629671959326115,-0.17998006016419987,219,-0.16740681602349597,-0.1013450041723422,15,-0.2190192992677874,0.24043085765021407,-0.74563556228467,false,true,false,false,artifacts\runs\search_session_liquidity_sweep_20260818T123800Z_e035e4
CRT_INTRADAY_V1,session_liquidity_sweep,ETHUSDT,genetic_algorithm,765570,2022-03-31 00:00:00+00:00,2025-12-09 22:00:00+00:00,32385,15,100,1500,-0.20732861444911954,-0.23977857439370587,217,-0.9347345634539593,-1.2495083840183168,15,-0.2190192992677874,0.24043085765021407,-0.74563556228467,false,true,false,false,artifacts\runs\search_session_liquidity_sweep_20260818T113128Z_805bf8
CRT_INTRADAY_V1,session_liquidity_sweep,ETHUSDT,genetic_algorithm,891022,2022-03-31 00:00:00+00:00,2025-12-09 22:00:00+00:00,32385,15,100,1500,-0.2150099169637837,-0.2911787749059671,199,-0.8782730275808893,-1.365977953830138,15,-0.2190192992677874,0.24043085765021407,-0.74563556228467,false,true,false,false,artifacts\runs\search_session_liquidity_sweep_20260818T103010Z_a0ec96
CRT_INTRADAY_V1,session_liquidity_sweep,ETHUSDT,random_search,278037,2022-03-31 00:00:00+00:00,2025-12-09 22:00:00+00:00,32385,15,100,1500,-0.11780336743789677,-0.22249125697539696,165,-0.5311713506651586,-1.059089699796457,15,-0.2190192992677874,0.24043085765021407,-0.74563556228467,false,true,false,false,artifacts\runs\search_session_liquidity_sweep_20260818T125431Z_050ed6
CRT_INTRADAY_V1,session_liquidity_sweep,ETHUSDT,random_search,341110,2022-03-31 00:00:00+00:00,2025-12-09 22:00:00+00:00,32385,15,100,1500,-0.047430078373579265,-0.14186352320268059,206,-0.1460515094868632,-0.6746648064995167,15,-0.2190192992677874,0.24043085765021407,-0.74563556228467,false,true,false,false,artifacts\runs\search_session_liquidity_sweep_20260818T104642Z_0b1994
CRT_INTRADAY_V1,session_liquidity_sweep,ETHUSDT,random_search,605142,2022-03-31 00:00:00+00:00,2025-12-09 22:00:00+00:00,32385,15,100,1500,-0.09205606659843102,-0.183613883414115,166,-0.3802653586648508,-0.5190147434491136,15,-0.2190192992677874,0.24043085765021407,-0.74563556228467,false,true,false,false,artifacts\runs\search_session_liquidity_sweep_20260818T115858Z_557846
CRT_INTRADAY_V1,session_liquidity_sweep,ETHUSDT,random_search,671194,2022-03-31 00:00:00+00:00,2025-12-09 22:00:00+00:00,32385,15,100,1500,-0.23549641644918684,-0.3177976202546817,225,-0.9072084315017769,-1.3414112355139107,15,-0.2190192992677874,0.24043085765021407,-0.74563556228467,false,false,false,false,artifacts\runs\search_session_liquidity_sweep_20260818T121750Z_3e4874
CRT_INTRADAY_V1,session_liquidity_sweep,ETHUSDT,random_search,683778,2022-03-31 00:00:00+00:00,2025-12-09 22:00:00+00:00,32385,15,100,1500,-0.1766642057398663,-0.2578739967970639,175,-0.8383470410565498,-1.3236541936820145,15,-0.2190192992677874,0.24043085765021407,-0.74563556228467,false,true,false,false,artifacts\runs\search_session_liquidity_sweep_20260818T111816Z_2024e8
CRT_INTRADAY_V1,session_liquidity_sweep,ETHUSDT,random_search,692467,2022-03-31 00:00:00+00:00,2025-12-09 22:00:00+00:00,32385,15,100,1500,-0.08429197547341638,-0.2375780075350321,226,-0.21544715254354654,-1.0634768853530099,15,-0.2190192992677874,0.24043085765021407,-0.74563556228467,false,true,false,false,artifacts\runs\search_session_liquidity_sweep_20260818T114511Z_7deded
CRT_INTRADAY_V1,session_liquidity_sweep,ETHUSDT,random_search,693857,2022-03-31 00:00:00+00:00,2025-12-09 22:00:00+00:00,32385,15,100,1500,-0.137088270180297,-0.2207864185902052,183,-0.5344972924915292,-0.8985432691142676,15,-0.2190192992677874,0.24043085765021407,-0.74563556228467,false,true,false,false,artifacts\runs\search_session_liquidity_sweep_20260818T110439Z_ac89f9
CRT_INTRADAY_V1,session_liquidity_sweep,ETHUSDT,random_search,707014,2022-03-31 00:00:00+00:00,2025-12-09 22:00:00+00:00,32385,15,100,1500,-0.0044478401138313695,-0.15858379709062653,150,0.013080408624893868,-0.3335676691510453,15,-0.2190192992677874,0.24043085765021407,-0.74563556228467,false,true,false,false,artifacts\runs\search_session_liquidity_sweep_20260818T123800Z_e035e4
CRT_INTRADAY_V1,session_liquidity_sweep,ETHUSDT,random_search,765570,2022-03-31 00:00:00+00:00,2025-12-09 22:00:00+00:00,32385,15,100,1500,-0.21013052528066534,-0.2845043012395232,239,-0.8242297366054915,-1.1843837716574748,15,-0.2190192992677874,0.24043085765021407,-0.74563556228467,false,true,false,false,artifacts\runs\search_session_liquidity_sweep_20260818T113128Z_805bf8
CRT_INTRADAY_V1,session_liquidity_sweep,ETHUSDT,random_search,891022,2022-03-31 00:00:00+00:00,2025-12-09 22:00:00+00:00,32385,15,100,1500,-0.15813527476880873,-0.32242545757776475,206,-0.4414547851230768,-0.7151031606975152,15,-0.2190192992677874,0.24043085765021407,-0.74563556228467,false,true,false,false,artifacts\runs\search_session_liquidity_sweep_20260818T103010Z_a0ec96
CRT_INTRADAY_V1,session_range_rotation,BTCUSDT,genetic_algorithm,278037,2022-03-31 00:00:00+00:00,2025-12-09 22:00:00+00:00,32385,15,100,1500,0.008483550708250576,-0.052243606041450175,90,0.07709568004948192,-0.4480785393800059,15,0.522747844787544,0.4778480838265403,-0.6788115023551706,true,false,false,false,artifacts\runs\search_session_range_rotation_20260818T145548Z_64ba22
CRT_INTRADAY_V1,session_range_rotation,BTCUSDT,genetic_algorithm,341110,2022-03-31 00:00:00+00:00,2025-12-09 22:00:00+00:00,32385,15,100,1500,-0.06487559115048902,-0.0841606052592686,76,-0.47410538298557653,-0.9689266960821431,15,0.522747844787544,0.4778480838265403,-0.6788115023551706,false,false,false,false,artifacts\runs\search_session_range_rotation_20260818T132046Z_e794f7
CRT_INTRADAY_V1,session_range_rotation,BTCUSDT,genetic_algorithm,605142,2022-03-31 00:00:00+00:00,2025-12-09 22:00:00+00:00,32385,15,100,1500,-0.01115209103792092,-0.06220415907423538,60,-0.08823568708976408,-0.23802423325541444,15,0.522747844787544,0.4778480838265403,-0.6788115023551706,false,false,false,false,artifacts\runs\search_session_range_rotation_20260818T141812Z_c57920
CRT_INTRADAY_V1,session_range_rotation,BTCUSDT,genetic_algorithm,671194,2022-03-31 00:00:00+00:00,2025-12-09 22:00:00+00:00,32385,15,100,1500,0.02418354834615588,-0.04892639272208876,70,0.21305449465327234,-0.11705513272265144,15,0.522747844787544,0.4778480838265403,-0.6788115023551706,true,false,false,false,artifacts\runs\search_session_range_rotation_20260818T142933Z_8d6e2e
CRT_INTRADAY_V1,session_range_rotation,BTCUSDT,genetic_algorithm,683778,2022-03-31 00:00:00+00:00,2025-12-09 22:00:00+00:00,32385,15,100,1500,-0.045378826659601024,-0.05551759209695195,90,-0.3499278389464817,-0.8705010612274565,15,0.522747844787544,0.4778480838265403,-0.6788115023551706,false,false,false,false,artifacts\runs\search_session_range_rotation_20260818T134335Z_51f670
CRT_INTRADAY_V1,session_range_rotation,BTCUSDT,genetic_algorithm,692467,2022-03-31 00:00:00+00:00,2025-12-09 22:00:00+00:00,32385,15,100,1500,-0.06280678762453551,-0.07197456830303373,70,-0.6564673580006583,-1.03288364247673,15,0.522747844787544,0.4778480838265403,-0.6788115023551706,false,false,false,false,artifacts\runs\search_session_range_rotation_20260818T140631Z_754ed7
CRT_INTRADAY_V1,session_range_rotation,BTCUSDT,genetic_algorithm,693857,2022-03-31 00:00:00+00:00,2025-12-09 22:00:00+00:00,32385,15,100,1500,-0.00279137749972036,-0.07484610327131869,74,-0.002334670252040825,-0.3405261117850141,15,0.522747844787544,0.4778480838265403,-0.6788115023551706,false,false,false,false,artifacts\runs\search_session_range_rotation_20260818T133214Z_1fef0b
CRT_INTRADAY_V1,session_range_rotation,BTCUSDT,genetic_algorithm,707014,2022-03-31 00:00:00+00:00,2025-12-09 22:00:00+00:00,32385,15,100,1500,-0.010863073929296752,-0.05784342266091724,76,-0.06430661650701537,-0.464363501775304,15,0.522747844787544,0.4778480838265403,-0.6788115023551706,false,false,false,false,artifacts\runs\search_session_range_rotation_20260818T144035Z_063dbd
CRT_INTRADAY_V1,session_range_rotation,BTCUSDT,genetic_algorithm,765570,2022-03-31 00:00:00+00:00,2025-12-09 22:00:00+00:00,32385,15,100,1500,-0.052170859288286686,-0.0699241776265388,52,-0.5384038841453989,-1.1298176885023303,15,0.522747844787544,0.4778480838265403,-0.6788115023551706,false,false,false,false,artifacts\runs\search_session_range_rotation_20260818T135512Z_c3aff0
CRT_INTRADAY_V1,session_range_rotation,BTCUSDT,genetic_algorithm,891022,2022-03-31 00:00:00+00:00,2025-12-09 22:00:00+00:00,32385,15,100,1500,-0.09227443347830688,-0.0973859226830841,58,-0.792494548427311,-0.8467316945482052,15,0.522747844787544,0.4778480838265403,-0.6788115023551706,false,false,false,false,artifacts\runs\search_session_range_rotation_20260818T130908Z_f89031
CRT_INTRADAY_V1,session_range_rotation,BTCUSDT,random_search,278037,2022-03-31 00:00:00+00:00,2025-12-09 22:00:00+00:00,32385,15,100,1500,0.03537529117253202,-0.038703626849778905,64,0.308502218288005,-0.1122841259826659,15,0.522747844787544,0.4778480838265403,-0.6788115023551706,true,false,true,false,artifacts\runs\search_session_range_rotation_20260818T145548Z_64ba22
CRT_INTRADAY_V1,session_range_rotation,BTCUSDT,random_search,341110,2022-03-31 00:00:00+00:00,2025-12-09 22:00:00+00:00,32385,15,100,1500,-0.047725460375418804,-0.06914617271485002,90,-0.3629014990104533,-0.6782855948928144,15,0.522747844787544,0.4778480838265403,-0.6788115023551706,false,false,false,false,artifacts\runs\search_session_range_rotation_20260818T132046Z_e794f7
CRT_INTRADAY_V1,session_range_rotation,BTCUSDT,random_search,605142,2022-03-31 00:00:00+00:00,2025-12-09 22:00:00+00:00,32385,15,100,1500,-0.058622161045421395,-0.058622161045421395,43,-0.6226205696320539,-1.252432806396045,15,0.522747844787544,0.4778480838265403,-0.6788115023551706,false,false,false,false,artifacts\runs\search_session_range_rotation_20260818T141812Z_c57920
CRT_INTRADAY_V1,session_range_rotation,BTCUSDT,random_search,671194,2022-03-31 00:00:00+00:00,2025-12-09 22:00:00+00:00,32385,15,100,1500,-0.018438495706455726,-0.050373546036522665,52,-0.15717611177384785,-0.3776284331371055,15,0.522747844787544,0.4778480838265403,-0.6788115023551706,false,false,false,false,artifacts\runs\search_session_range_rotation_20260818T142933Z_8d6e2e
CRT_INTRADAY_V1,session_range_rotation,BTCUSDT,random_search,683778,2022-03-31 00:00:00+00:00,2025-12-09 22:00:00+00:00,32385,15,100,1500,-0.07241559486966531,-0.09657018596853273,70,-0.5833470679111488,-0.7224545601623802,15,0.522747844787544,0.4778480838265403,-0.6788115023551706,false,false,false,false,artifacts\runs\search_session_range_rotation_20260818T134335Z_51f670
CRT_INTRADAY_V1,session_range_rotation,BTCUSDT,random_search,692467,2022-03-31 00:00:00+00:00,2025-12-09 22:00:00+00:00,32385,15,100,1500,-0.02733197920956587,-0.053656843693131284,96,-0.18017967330704945,-0.8331534335593452,15,0.522747844787544,0.4778480838265403,-0.6788115023551706,false,false,false,false,artifacts\runs\search_session_range_rotation_20260818T140631Z_754ed7
CRT_INTRADAY_V1,session_range_rotation,BTCUSDT,random_search,693857,2022-03-31 00:00:00+00:00,2025-12-09 22:00:00+00:00,32385,15,100,1500,-0.02737248743815679,-0.05187747115065389,92,-0.18918349481389268,-0.6618104633560112,15,0.522747844787544,0.4778480838265403,-0.6788115023551706,false,false,false,false,artifacts\runs\search_session_range_rotation_20260818T133214Z_1fef0b
CRT_INTRADAY_V1,session_range_rotation,BTCUSDT,random_search,707014,2022-03-31 00:00:00+00:00,2025-12-09 22:00:00+00:00,32385,15,100,1500,-0.06658813712551026,-0.10716141065713047,92,-0.3997313223455544,-0.5887601816880551,15,0.522747844787544,0.4778480838265403,-0.6788115023551706,false,false,false,false,artifacts\runs\search_session_range_rotation_20260818T144035Z_063dbd
CRT_INTRADAY_V1,session_range_rotation,BTCUSDT,random_search,765570,2022-03-31 00:00:00+00:00,2025-12-09 22:00:00+00:00,32385,15,100,1500,-0.05909905354234135,-0.0680977124875729,60,-0.5685039018046145,-0.9961459841010623,15,0.522747844787544,0.4778480838265403,-0.6788115023551706,false,false,false,false,artifacts\runs\search_session_range_rotation_20260818T135512Z_c3aff0
CRT_INTRADAY_V1,session_range_rotation,BTCUSDT,random_search,891022,2022-03-31 00:00:00+00:00,2025-12-09 22:00:00+00:00,32385,15,100,1500,-0.05922602958989376,-0.06522753448870278,64,-0.5799464257830637,-1.0079495168855916,15,0.522747844787544,0.4778480838265403,-0.6788115023551706,false,false,false,false,artifacts\runs\search_session_range_rotation_20260818T130908Z_f89031
CRT_INTRADAY_V1,session_range_rotation,ETHUSDT,genetic_algorithm,278037,2022-03-31 00:00:00+00:00,2025-12-09 22:00:00+00:00,32385,15,100,1500,-0.09895059964580188,-0.13263839872667216,86,-0.6198377963758692,-0.18177082596619218,15,-0.2190192992677874,0.24043085765021407,-0.74563556228467,false,true,false,false,artifacts\runs\search_session_range_rotation_20260818T220240Z_5342cd
CRT_INTRADAY_V1,session_range_rotation,ETHUSDT,genetic_algorithm,341110,2022-03-31 00:00:00+00:00,2025-12-09 22:00:00+00:00,32385,15,100,1500,-0.11606374007524878,-0.14447163233146842,103,-0.8035395890957794,-0.6748673617884632,15,-0.2190192992677874,0.24043085765021407,-0.74563556228467,false,true,false,false,artifacts\runs\search_session_range_rotation_20260818T155056Z_f022ed
CRT_INTRADAY_V1,session_range_rotation,ETHUSDT,genetic_algorithm,605142,2022-03-31 00:00:00+00:00,2025-12-09 22:00:00+00:00,32385,15,100,1500,-0.15985657234816408,-0.19126726190494436,104,-1.047886452875152,-0.7321877796916075,15,-0.2190192992677874,0.24043085765021407,-0.74563556228467,false,true,false,false,artifacts\runs\search_session_range_rotation_20260818T172438Z_5a43bf
CRT_INTRADAY_V1,session_range_rotation,ETHUSDT,genetic_algorithm,671194,2022-03-31 00:00:00+00:00,2025-12-09 22:00:00+00:00,32385,15,100,1500,-0.062221893495478686,-0.08041989313685582,88,-0.5888376474254389,-0.5176319630909778,15,-0.2190192992677874,0.24043085765021407,-0.74563556228467,false,true,false,false,artifacts\runs\search_session_range_rotation_20260818T173423Z_501015
CRT_INTRADAY_V1,session_range_rotation,ETHUSDT,genetic_algorithm,683778,2022-03-31 00:00:00+00:00,2025-12-09 22:00:00+00:00,32385,15,100,1500,-0.19381980367572416,-0.20401551206996305,110,-1.193154580242688,-0.8869210732500428,15,-0.2190192992677874,0.24043085765021407,-0.74563556228467,false,true,false,false,artifacts\runs\search_session_range_rotation_20260818T164216Z_0f8112
CRT_INTRADAY_V1,session_range_rotation,ETHUSDT,genetic_algorithm,692467,2022-03-31 00:00:00+00:00,2025-12-09 22:00:00+00:00,32385,15,100,1500,-0.15390961712485318,-0.195759421336819,124,-0.7940844960436095,-0.7448006008869614,15,-0.2190192992677874,0.24043085765021407,-0.74563556228467,false,true,false,false,artifacts\runs\search_session_range_rotation_20260818T171007Z_c0c5f8
CRT_INTRADAY_V1,session_range_rotation,ETHUSDT,genetic_algorithm,693857,2022-03-31 00:00:00+00:00,2025-12-09 22:00:00+00:00,32385,15,100,1500,-0.0943084723163019,-0.13876161668673748,109,-0.4941719189595315,-0.31234955594956865,15,-0.2190192992677874,0.24043085765021407,-0.74563556228467,false,true,false,false,artifacts\runs\search_session_range_rotation_20260818T162112Z_dcd998
CRT_INTRADAY_V1,session_range_rotation,ETHUSDT,genetic_algorithm,707014,2022-03-31 00:00:00+00:00,2025-12-09 22:00:00+00:00,32385,15,100,1500,-0.030836576338720723,-0.13406934422902073,125,-0.15566086814183572,0.10343121542911608,15,-0.2190192992677874,0.24043085765021407,-0.74563556228467,false,true,false,false,artifacts\runs\search_session_range_rotation_20260818T215157Z_5e05f8
CRT_INTRADAY_V1,session_range_rotation,ETHUSDT,genetic_algorithm,765570,2022-03-31 00:00:00+00:00,2025-12-09 22:00:00+00:00,32385,15,100,1500,-0.1857435247265644,-0.19604137329424298,100,-1.2353936787663444,-1.0383775042786842,15,-0.2190192992677874,0.24043085765021407,-0.74563556228467,false,true,false,false,artifacts\runs\search_session_range_rotation_20260818T165356Z_54600e
CRT_INTRADAY_V1,session_range_rotation,ETHUSDT,genetic_algorithm,891022,2022-03-31 00:00:00+00:00,2025-12-09 22:00:00+00:00,32385,15,100,1500,-0.07067040542985137,-0.11485351464258531,78,-0.605654635484513,-0.39245982218714803,15,-0.2190192992677874,0.24043085765021407,-0.74563556228467,false,true,false,false,artifacts\runs\search_session_range_rotation_20260818T152241Z_af43d7
CRT_INTRADAY_V1,session_range_rotation,ETHUSDT,random_search,278037,2022-03-31 00:00:00+00:00,2025-12-09 22:00:00+00:00,32385,15,100,1500,-0.1683958960679368,-0.20952917170352547,104,-0.9743764086135466,-1.0138124728799105,15,-0.2190192992677874,0.24043085765021407,-0.74563556228467,false,true,false,false,artifacts\runs\search_session_range_rotation_20260818T220240Z_5342cd
CRT_INTRADAY_V1,session_range_rotation,ETHUSDT,random_search,341110,2022-03-31 00:00:00+00:00,2025-12-09 22:00:00+00:00,32385,15,100,1500,-0.15102912953213954,-0.16176600879307812,99,-0.8997754463813749,-0.6306386371609265,15,-0.2190192992677874,0.24043085765021407,-0.74563556228467,false,true,false,false,artifacts\runs\search_session_range_rotation_20260818T155056Z_f022ed
CRT_INTRADAY_V1,session_range_rotation,ETHUSDT,random_search,605142,2022-03-31 00:00:00+00:00,2025-12-09 22:00:00+00:00,32385,15,100,1500,-0.13798340776874363,-0.15545333354983726,103,-0.9358026910573143,-0.6211438441502115,15,-0.2190192992677874,0.24043085765021407,-0.74563556228467,false,true,false,false,artifacts\runs\search_session_range_rotation_20260818T172438Z_5a43bf
CRT_INTRADAY_V1,session_range_rotation,ETHUSDT,random_search,671194,2022-03-31 00:00:00+00:00,2025-12-09 22:00:00+00:00,32385,15,100,1500,-0.032720118222805405,-0.10292181585889448,104,-0.24642747686093455,0.02538620273933847,15,-0.2190192992677874,0.24043085765021407,-0.74563556228467,false,true,false,false,artifacts\runs\search_session_range_rotation_20260818T173423Z_501015
CRT_INTRADAY_V1,session_range_rotation,ETHUSDT,random_search,683778,2022-03-31 00:00:00+00:00,2025-12-09 22:00:00+00:00,32385,15,100,1500,-0.08984680884837704,-0.12589519177041852,99,-0.6837514336263759,-0.5602394848369667,15,-0.2190192992677874,0.24043085765021407,-0.74563556228467,false,true,false,false,artifacts\runs\search_session_range_rotation_20260818T164216Z_0f8112
CRT_INTRADAY_V1,session_range_rotation,ETHUSDT,random_search,692467,2022-03-31 00:00:00+00:00,2025-12-09 22:00:00+00:00,32385,15,100,1500,-0.1872679702246225,-0.19754653922945398,111,-1.1152770745476888,-0.9350532363441657,15,-0.2190192992677874,0.24043085765021407,-0.74563556228467,false,true,false,false,artifacts\runs\search_session_range_rotation_20260818T171007Z_c0c5f8
CRT_INTRADAY_V1,session_range_rotation,ETHUSDT,random_search,693857,2022-03-31 00:00:00+00:00,2025-12-09 22:00:00+00:00,32385,15,100,1500,-0.06326325738299665,-0.15692144547562548,114,-0.34947296752898716,-0.681266224674427,15,-0.2190192992677874,0.24043085765021407,-0.74563556228467,false,true,false,false,artifacts\runs\search_session_range_rotation_20260818T162112Z_dcd998
CRT_INTRADAY_V1,session_range_rotation,ETHUSDT,random_search,707014,2022-03-31 00:00:00+00:00,2025-12-09 22:00:00+00:00,32385,15,100,1500,-0.1346871251992079,-0.1508383962279961,89,-0.9515628748036123,-0.5727836892299203,15,-0.2190192992677874,0.24043085765021407,-0.74563556228467,false,true,false,false,artifacts\runs\search_session_range_rotation_20260818T215157Z_5e05f8
CRT_INTRADAY_V1,session_range_rotation,ETHUSDT,random_search,765570,2022-03-31 00:00:00+00:00,2025-12-09 22:00:00+00:00,32385,15,100,1500,-0.14163682120991317,-0.1524924843819907,98,-0.9753926828822346,-0.672695015554824,15,-0.2190192992677874,0.24043085765021407,-0.74563556228467,false,true,false,false,artifacts\runs\search_session_range_rotation_20260818T165356Z_54600e
CRT_INTRADAY_V1,session_range_rotation,ETHUSDT,random_search,891022,2022-03-31 00:00:00+00:00,2025-12-09 22:00:00+00:00,32385,15,100,1500,-0.01329878024092812,-0.09777153841320918,104,-0.07082930764208564,-0.09592627415918685,15,-0.2190192992677874,0.24043085765021407,-0.74563556228467,false,true,false,false,artifacts\runs\search_session_range_rotation_20260818T152241Z_af43d7
R2,momentum,BTCUSDT,genetic_algorithm,278037,2022-03-31 00:00:00+00:00,2025-12-09 22:00:00+00:00,32385,15,300,4500,-0.45500610244203243,-0.5566455304036038,551,-0.4047718288835706,-0.8344759629994914,15,0.522747844787544,0.4778480838265403,-0.6788115023551706,false,false,false,false,artifacts\runs\search_momentum_20260809T193926Z_e8a408
R2,momentum,BTCUSDT,genetic_algorithm,341110,2022-03-31 00:00:00+00:00,2025-12-09 22:00:00+00:00,32385,15,300,4500,-0.45500610244203243,-0.5566455304036038,551,-0.4047718288835706,-0.8344759629994914,15,0.522747844787544,0.4778480838265403,-0.6788115023551706,false,false,false,false,artifacts\runs\search_momentum_20260809T192501Z_fef945
R2,momentum,BTCUSDT,genetic_algorithm,605142,2022-03-31 00:00:00+00:00,2025-12-09 22:00:00+00:00,32385,15,300,4500,-0.45454681740537073,-0.5562719003964881,547,-0.40399276943519047,-0.8335586096601767,15,0.522747844787544,0.4778480838265403,-0.6788115023551706,false,false,false,false,artifacts\runs\search_momentum_20260809T193349Z_0b89f7
R2,momentum,BTCUSDT,genetic_algorithm,671194,2022-03-31 00:00:00+00:00,2025-12-09 22:00:00+00:00,32385,15,300,4500,-0.45500610244203243,-0.5566455304036038,551,-0.4047718288835706,-0.8344759629994914,15,0.522747844787544,0.4778480838265403,-0.6788115023551706,false,false,false,false,artifacts\runs\search_momentum_20260809T193521Z_c234df
R2,momentum,BTCUSDT,genetic_algorithm,683778,2022-03-31 00:00:00+00:00,2025-12-09 22:00:00+00:00,32385,15,300,4500,-0.45500610244203243,-0.5566455304036038,551,-0.4047718288835706,-0.8344759629994914,15,0.522747844787544,0.4778480838265403,-0.6788115023551706,false,false,false,false,artifacts\runs\search_momentum_20260809T192900Z_38a04b
R2,momentum,BTCUSDT,genetic_algorithm,692467,2022-03-31 00:00:00+00:00,2025-12-09 22:00:00+00:00,32385,15,300,4500,-0.20206228183082142,-0.4364689922603745,528,-0.038336567167444574,-0.4835396233126492,15,0.522747844787544,0.4778480838265403,-0.6788115023551706,false,false,false,false,artifacts\runs\search_momentum_20260809T193214Z_cd763f
R2,momentum,BTCUSDT,genetic_algorithm,693857,2022-03-31 00:00:00+00:00,2025-12-09 22:00:00+00:00,32385,15,300,4500,-0.45500610244203243,-0.5566455304036038,551,-0.4047718288835706,-0.8344759629994914,15,0.522747844787544,0.4778480838265403,-0.6788115023551706,false,false,false,false,artifacts\runs\search_momentum_20260809T192701Z_a217f6
R2,momentum,BTCUSDT,genetic_algorithm,707014,2022-03-31 00:00:00+00:00,2025-12-09 22:00:00+00:00,32385,15,300,4500,-0.45500610244203243,-0.5566455304036038,551,-0.4047718288835706,-0.8344759629994914,15,0.522747844787544,0.4778480838265403,-0.6788115023551706,false,false,false,false,artifacts\runs\search_momentum_20260809T193710Z_fd7956
R2,momentum,BTCUSDT,genetic_algorithm,765570,2022-03-31 00:00:00+00:00,2025-12-09 22:00:00+00:00,32385,15,300,4500,-0.45500610244203243,-0.5566455304036038,551,-0.4047718288835706,-0.8344759629994914,15,0.522747844787544,0.4778480838265403,-0.6788115023551706,false,false,false,false,artifacts\runs\search_momentum_20260809T193037Z_170f9b
R2,momentum,BTCUSDT,genetic_algorithm,891022,2022-03-31 00:00:00+00:00,2025-12-09 22:00:00+00:00,32385,15,300,4500,-0.45500610244203243,-0.5566455304036038,551,-0.4047718288835706,-0.8344759629994914,15,0.522747844787544,0.4778480838265403,-0.6788115023551706,false,false,false,false,artifacts\runs\search_momentum_20260809T192310Z_0e9f5e
R2,momentum,BTCUSDT,random_search,278037,2022-03-31 00:00:00+00:00,2025-12-09 22:00:00+00:00,32385,15,300,4500,-0.14604074009856083,-0.4319370496653955,543,0.018560265100240354,-0.4430701595146982,15,0.522747844787544,0.4778480838265403,-0.6788115023551706,false,false,false,false,artifacts\runs\search_momentum_20260809T193926Z_e8a408
R2,momentum,BTCUSDT,random_search,341110,2022-03-31 00:00:00+00:00,2025-12-09 22:00:00+00:00,32385,15,300,4500,-0.3454353467544695,-0.53900738085811,540,-0.2261274084017946,-0.8037501527387677,15,0.522747844787544,0.4778480838265403,-0.6788115023551706,false,false,false,false,artifacts\runs\search_momentum_20260809T192501Z_fef945
R2,momentum,BTCUSDT,random_search,605142,2022-03-31 00:00:00+00:00,2025-12-09 22:00:00+00:00,32385,15,300,4500,-0.41141611028482694,-0.5942391106326772,625,-0.33510973365773566,-0.8987570064771698,15,0.522747844787544,0.4778480838265403,-0.6788115023551706,false,false,false,false,artifacts\runs\search_momentum_20260809T193349Z_0b89f7
R2,momentum,BTCUSDT,random_search,671194,2022-03-31 00:00:00+00:00,2025-12-09 22:00:00+00:00,32385,15,300,4500,-0.167871192449361,-0.44024630141468357,587,0.0022203751381893342,-0.48995494148343977,15,0.522747844787544,0.4778480838265403,-0.6788115023551706,false,false,false,false,artifacts\runs\search_momentum_20260809T193521Z_c234df
R2,momentum,BTCUSDT,random_search,683778,2022-03-31 00:00:00+00:00,2025-12-09 22:00:00+00:00,32385,15,300,4500,-0.2018780802122676,-0.4514598798988366,625,-0.03741898511037756,-0.5528053294919768,15,0.522747844787544,0.4778480838265403,-0.6788115023551706,false,false,false,false,artifacts\runs\search_momentum_20260809T192900Z_38a04b
R2,momentum,BTCUSDT,random_search,692467,2022-03-31 00:00:00+00:00,2025-12-09 22:00:00+00:00,32385,15,300,4500,-0.38574595129749345,-0.5117991884738831,563,-0.29519539592289473,-0.7214749828380945,15,0.522747844787544,0.4778480838265403,-0.6788115023551706,false,false,false,false,artifacts\runs\search_momentum_20260809T193214Z_cd763f
R2,momentum,BTCUSDT,random_search,693857,2022-03-31 00:00:00+00:00,2025-12-09 22:00:00+00:00,32385,15,300,4500,-0.35507232413161816,-0.5636300997866017,565,-0.24711212564916454,-0.8657147716501992,15,0.522747844787544,0.4778480838265403,-0.6788115023551706,false,false,false,false,artifacts\runs\search_momentum_20260809T192701Z_a217f6
R2,momentum,BTCUSDT,random_search,707014,2022-03-31 00:00:00+00:00,2025-12-09 22:00:00+00:00,32385,15,300,4500,-0.5884323164343885,-0.6347329428553744,579,-0.6263687244116883,-0.8868234678222092,15,0.522747844787544,0.4778480838265403,-0.6788115023551706,false,false,false,false,artifacts\runs\search_momentum_20260809T193710Z_fd7956
R2,momentum,BTCUSDT,random_search,765570,2022-03-31 00:00:00+00:00,2025-12-09 22:00:00+00:00,32385,15,300,4500,-0.45675141063566127,-0.567220143525933,526,-0.4679067254687203,-1.049358229552244,15,0.522747844787544,0.4778480838265403,-0.6788115023551706,false,false,false,false,artifacts\runs\search_momentum_20260809T193037Z_170f9b
R2,momentum,BTCUSDT,random_search,891022,2022-03-31 00:00:00+00:00,2025-12-09 22:00:00+00:00,32385,15,300,4500,-0.16594767064794003,-0.5166351580074775,626,0.00040628575091735536,-0.4160991583561831,15,0.522747844787544,0.4778480838265403,-0.6788115023551706,false,false,false,false,artifacts\runs\search_momentum_20260809T192310Z_0e9f5e
R2,momentum,ETHUSDT,genetic_algorithm,278037,2022-03-31 00:00:00+00:00,2025-12-09 22:00:00+00:00,32385,15,300,4500,-0.5652557942377145,-0.6581493509032257,457,-0.44450691249080565,-0.5732516588245945,15,-0.2190192992677874,0.24043085765021407,-0.74563556228467,false,false,false,false,artifacts\runs\search_momentum_20260809T212311Z_957b96
R2,momentum,ETHUSDT,genetic_algorithm,341110,2022-03-31 00:00:00+00:00,2025-12-09 22:00:00+00:00,32385,15,300,4500,-0.5074394131820942,-0.6126868303444161,453,-0.34250832469294656,-0.5192401131689767,15,-0.2190192992677874,0.24043085765021407,-0.74563556228467,false,false,false,false,artifacts\runs\search_momentum_20260809T194214Z_a4737b
R2,momentum,ETHUSDT,genetic_algorithm,605142,2022-03-31 00:00:00+00:00,2025-12-09 22:00:00+00:00,32385,15,300,4500,-0.5074394131820942,-0.6126868303444161,453,-0.34250832469294656,-0.5192401131689767,15,-0.2190192992677874,0.24043085765021407,-0.74563556228467,false,false,false,false,artifacts\runs\search_momentum_20260809T211613Z_59a084
R2,momentum,ETHUSDT,genetic_algorithm,671194,2022-03-31 00:00:00+00:00,2025-12-09 22:00:00+00:00,32385,15,300,4500,-0.5074394131820942,-0.6126868303444161,453,-0.34250832469294656,-0.5192401131689767,15,-0.2190192992677874,0.24043085765021407,-0.74563556228467,false,false,false,false,artifacts\runs\search_momentum_20260809T211831Z_fa1b15
R2,momentum,ETHUSDT,genetic_algorithm,683778,2022-03-31 00:00:00+00:00,2025-12-09 22:00:00+00:00,32385,15,300,4500,-0.5652557942377145,-0.6581493509032257,457,-0.44450691249080565,-0.5732516588245945,15,-0.2190192992677874,0.24043085765021407,-0.74563556228467,false,false,false,false,artifacts\runs\search_momentum_20260809T210925Z_629041
R2,momentum,ETHUSDT,genetic_algorithm,692467,2022-03-31 00:00:00+00:00,2025-12-09 22:00:00+00:00,32385,15,300,4500,-0.5074394131820942,-0.6126868303444161,453,-0.34250832469294656,-0.5192401131689767,15,-0.2190192992677874,0.24043085765021407,-0.74563556228467,false,false,false,false,artifacts\runs\search_momentum_20260809T211346Z_c5adcb
R2,momentum,ETHUSDT,genetic_algorithm,693857,2022-03-31 00:00:00+00:00,2025-12-09 22:00:00+00:00,32385,15,300,4500,-0.5074394131820942,-0.6126868303444161,453,-0.34250832469294656,-0.5192401131689767,15,-0.2190192992677874,0.24043085765021407,-0.74563556228467,false,false,false,false,artifacts\runs\search_momentum_20260809T194330Z_da2c46
R2,momentum,ETHUSDT,genetic_algorithm,707014,2022-03-31 00:00:00+00:00,2025-12-09 22:00:00+00:00,32385,15,300,4500,-0.5023290095935915,-0.6086683874055084,462,-0.3285871848917844,-0.4813769346553433,15,-0.2190192992677874,0.24043085765021407,-0.74563556228467,false,false,false,false,artifacts\runs\search_momentum_20260809T212045Z_a87258
R2,momentum,ETHUSDT,genetic_algorithm,765570,2022-03-31 00:00:00+00:00,2025-12-09 22:00:00+00:00,32385,15,300,4500,-0.5621341703229585,-0.6556947370237269,454,-0.4394351436379751,-0.554218132220156,15,-0.2190192992677874,0.24043085765021407,-0.74563556228467,false,false,false,false,artifacts\runs\search_momentum_20260809T211100Z_b49ab7
R2,momentum,ETHUSDT,genetic_algorithm,891022,2022-03-31 00:00:00+00:00,2025-12-09 22:00:00+00:00,32385,15,300,4500,-0.5074394131820942,-0.6126868303444161,453,-0.34250832469294656,-0.5192401131689767,15,-0.2190192992677874,0.24043085765021407,-0.74563556228467,false,false,false,false,artifacts\runs\search_momentum_20260809T194054Z_f9453b
R2,momentum,ETHUSDT,random_search,278037,2022-03-31 00:00:00+00:00,2025-12-09 22:00:00+00:00,32385,15,300,4500,-0.37937115477070604,-0.5517290275124491,405,-0.1926862427125792,-0.3872620691904852,15,-0.2190192992677874,0.24043085765021407,-0.74563556228467,false,false,false,false,artifacts\runs\search_momentum_20260809T212311Z_957b96
R2,momentum,ETHUSDT,random_search,341110,2022-03-31 00:00:00+00:00,2025-12-09 22:00:00+00:00,32385,15,300,4500,-0.4667740595095743,-0.5643630409385771,487,-0.2814754293008045,-0.39863786284778285,15,-0.2190192992677874,0.24043085765021407,-0.74563556228467,false,false,false,false,artifacts\runs\search_momentum_20260809T194214Z_a4737b
R2,momentum,ETHUSDT,random_search,605142,2022-03-31 00:00:00+00:00,2025-12-09 22:00:00+00:00,32385,15,300,4500,-0.3103065686381389,-0.5481665298296314,463,-0.09666640915276539,-0.23396045086532766,15,-0.2190192992677874,0.24043085765021407,-0.74563556228467,false,false,false,false,artifacts\runs\search_momentum_20260809T211613Z_59a084
R2,momentum,ETHUSDT,random_search,671194,2022-03-31 00:00:00+00:00,2025-12-09 22:00:00+00:00,32385,15,300,4500,-0.4763811640477845,-0.6795958757778695,390,-0.36761925988439836,-0.575543410379275,15,-0.2190192992677874,0.24043085765021407,-0.74563556228467,false,false,false,false,artifacts\runs\search_momentum_20260809T211831Z_fa1b15
R2,momentum,ETHUSDT,random_search,683778,2022-03-31 00:00:00+00:00,2025-12-09 22:00:00+00:00,32385,15,300,4500,-0.5051296353815018,-0.6052848278355074,457,-0.3535453045977303,-0.4872238654513273,15,-0.2190192992677874,0.24043085765021407,-0.74563556228467,false,false,false,false,artifacts\runs\search_momentum_20260809T210925Z_629041
R2,momentum,ETHUSDT,random_search,692467,2022-03-31 00:00:00+00:00,2025-12-09 22:00:00+00:00,32385,15,300,4500,-0.38151694880114206,-0.5678164659679074,482,-0.18387590933425238,-0.35863236139059546,15,-0.2190192992677874,0.24043085765021407,-0.74563556228467,false,false,false,false,artifacts\runs\search_momentum_20260809T211346Z_c5adcb
R2,momentum,ETHUSDT,random_search,693857,2022-03-31 00:00:00+00:00,2025-12-09 22:00:00+00:00,32385,15,300,4500,-0.5183416881683599,-0.5991825679373058,474,-0.36341485859546735,-0.48325814483526663,15,-0.2190192992677874,0.24043085765021407,-0.74563556228467,false,false,false,false,artifacts\runs\search_momentum_20260809T194330Z_da2c46
R2,momentum,ETHUSDT,random_search,707014,2022-03-31 00:00:00+00:00,2025-12-09 22:00:00+00:00,32385,15,300,4500,-0.5561323303259571,-0.6234758226771198,459,-0.4330170318072827,-0.5686329313300794,15,-0.2190192992677874,0.24043085765021407,-0.74563556228467,false,false,false,false,artifacts\runs\search_momentum_20260809T212045Z_a87258
R2,momentum,ETHUSDT,random_search,765570,2022-03-31 00:00:00+00:00,2025-12-09 22:00:00+00:00,32385,15,300,4500,-0.47429601310208536,-0.5935865676377388,459,-0.2881218348520992,-0.4549123239347949,15,-0.2190192992677874,0.24043085765021407,-0.74563556228467,false,false,false,false,artifacts\runs\search_momentum_20260809T211100Z_b49ab7
R2,momentum,ETHUSDT,random_search,891022,2022-03-31 00:00:00+00:00,2025-12-09 22:00:00+00:00,32385,15,300,4500,-0.6763656303442007,-0.7124188792885235,488,-0.7116734818953292,-0.9915483242469844,15,-0.2190192992677874,0.24043085765021407,-0.74563556228467,false,false,false,false,artifacts\runs\search_momentum_20260809T194054Z_f9453b
R3,BTC_ETH_confirmation,BTCUSDT,genetic_algorithm,278037,2022-03-31 00:00:00+00:00,2025-12-09 22:00:00+00:00,32385,15,100,1500,-0.7081233807627297,-0.8177158430727618,438,-0.6644092029640517,-0.5311783845034999,15,0.522747844787544,0.4778480838265403,-0.6788115023551706,false,false,false,false,artifacts\runs\search_BTC_ETH_confirmation_20260810T171707Z_1addb0
R3,BTC_ETH_confirmation,BTCUSDT,genetic_algorithm,341110,2022-03-31 00:00:00+00:00,2025-12-09 22:00:00+00:00,32385,15,100,1500,-0.5757615108056908,-0.7952802371430513,904,-0.46495045975834853,-0.7110424412742532,15,0.522747844787544,0.4778480838265403,-0.6788115023551706,false,false,false,false,artifacts\runs\search_BTC_ETH_confirmation_20260810T171214Z_f012e6
R3,BTC_ETH_confirmation,BTCUSDT,genetic_algorithm,605142,2022-03-31 00:00:00+00:00,2025-12-09 22:00:00+00:00,32385,15,100,1500,-0.2561080490096117,-0.5948465733325649,888,-0.015831729692743615,-0.09643764030300384,15,0.522747844787544,0.4778480838265403,-0.6788115023551706,false,false,false,false,artifacts\runs\search_BTC_ETH_confirmation_20260810T171524Z_a86832
R3,BTC_ETH_confirmation,BTCUSDT,genetic_algorithm,671194,2022-03-31 00:00:00+00:00,2025-12-09 22:00:00+00:00,32385,15,100,1500,-0.20642703406275353,-0.5993405374021905,666,0.04280964787715753,-0.3677329398450772,15,0.522747844787544,0.4778480838265403,-0.6788115023551706,false,false,false,false,artifacts\runs\search_BTC_ETH_confirmation_20260810T171556Z_3667b3
R3,BTC_ETH_confirmation,BTCUSDT,genetic_algorithm,683778,2022-03-31 00:00:00+00:00,2025-12-09 22:00:00+00:00,32385,15,100,1500,-0.6742515745705926,-0.7312880877168249,1097,-0.6255144440570529,-0.9484874666993164,15,0.522747844787544,0.4778480838265403,-0.6788115023551706,false,false,false,false,artifacts\runs\search_BTC_ETH_confirmation_20260810T171320Z_56f566
R3,BTC_ETH_confirmation,BTCUSDT,genetic_algorithm,692467,2022-03-31 00:00:00+00:00,2025-12-09 22:00:00+00:00,32385,15,100,1500,-0.8827349350326468,-0.8872717566088307,1010,-1.4848657357120842,-1.7447881460716064,15,0.522747844787544,0.4778480838265403,-0.6788115023551706,false,false,false,false,artifacts\runs\search_BTC_ETH_confirmation_20260810T171441Z_c952c7
R3,BTC_ETH_confirmation,BTCUSDT,genetic_algorithm,693857,2022-03-31 00:00:00+00:00,2025-12-09 22:00:00+00:00,32385,15,100,1500,-0.7722558669516117,-0.8389547165525048,935,-0.8941732656789363,-0.8166447397827249,15,0.522747844787544,0.4778480838265403,-0.6788115023551706,false,false,false,false,artifacts\runs\search_BTC_ETH_confirmation_20260810T171247Z_c5487d
R3,BTC_ETH_confirmation,BTCUSDT,genetic_algorithm,707014,2022-03-31 00:00:00+00:00,2025-12-09 22:00:00+00:00,32385,15,100,1500,-0.889958391564497,-0.9064085398817057,973,-1.4745771311822926,-1.4561338250983256,15,0.522747844787544,0.4778480838265403,-0.6788115023551706,false,false,false,false,artifacts\runs\search_BTC_ETH_confirmation_20260810T171633Z_03e572
R3,BTC_ETH_confirmation,BTCUSDT,genetic_algorithm,765570,2022-03-31 00:00:00+00:00,2025-12-09 22:00:00+00:00,32385,15,100,1500,-0.784752548998903,-0.7986678528291108,809,-0.8919765816042587,-1.0307059472794156,15,0.522747844787544,0.4778480838265403,-0.6788115023551706,false,false,false,false,artifacts\runs\search_BTC_ETH_confirmation_20260810T171403Z_3e2ff9
R3,BTC_ETH_confirmation,BTCUSDT,genetic_algorithm,891022,2022-03-31 00:00:00+00:00,2025-12-09 22:00:00+00:00,32385,15,100,1500,-0.2700640861003444,-0.684911065806456,866,-0.05483842047962645,-0.3396317755861611,15,0.522747844787544,0.4778480838265403,-0.6788115023551706,false,false,false,false,artifacts\runs\search_BTC_ETH_confirmation_20260810T171136Z_71332c
R3,BTC_ETH_confirmation,BTCUSDT,random_search,278037,2022-03-31 00:00:00+00:00,2025-12-09 22:00:00+00:00,32385,15,100,1500,-0.7590403739631656,-0.8153390174607346,774,-0.8126007494530537,-0.7595274434102629,15,0.522747844787544,0.4778480838265403,-0.6788115023551706,false,false,false,false,artifacts\runs\search_BTC_ETH_confirmation_20260810T171707Z_1addb0
R3,BTC_ETH_confirmation,BTCUSDT,random_search,341110,2022-03-31 00:00:00+00:00,2025-12-09 22:00:00+00:00,32385,15,100,1500,-0.6122707218600763,-0.79040834479155,852,-0.44184711710243557,-0.21709734428102417,15,0.522747844787544,0.4778480838265403,-0.6788115023551706,false,false,false,false,artifacts\runs\search_BTC_ETH_confirmation_20260810T171214Z_f012e6
R3,BTC_ETH_confirmation,BTCUSDT,random_search,605142,2022-03-31 00:00:00+00:00,2025-12-09 22:00:00+00:00,32385,15,100,1500,-0.6479617415244742,-0.7271842451616242,1049,-0.5414937033175334,-0.8508307020736425,15,0.522747844787544,0.4778480838265403,-0.6788115023551706,false,false,false,false,artifacts\runs\search_BTC_ETH_confirmation_20260810T171524Z_a86832
R3,BTC_ETH_confirmation,BTCUSDT,random_search,671194,2022-03-31 00:00:00+00:00,2025-12-09 22:00:00+00:00,32385,15,100,1500,-0.6678093984241511,-0.835194130593528,743,-0.5557180362532954,-0.809696067865041,15,0.522747844787544,0.4778480838265403,-0.6788115023551706,false,false,false,false,artifacts\runs\search_BTC_ETH_confirmation_20260810T171556Z_3667b3
R3,BTC_ETH_confirmation,BTCUSDT,random_search,683778,2022-03-31 00:00:00+00:00,2025-12-09 22:00:00+00:00,32385,15,100,1500,0.0293371142221186,-0.5157941207311878,778,0.2154049659253097,-0.0678395985138079,15,0.522747844787544,0.4778480838265403,-0.6788115023551706,true,false,false,false,artifacts\runs\search_BTC_ETH_confirmation_20260810T171320Z_56f566
R3,BTC_ETH_confirmation,BTCUSDT,random_search,692467,2022-03-31 00:00:00+00:00,2025-12-09 22:00:00+00:00,32385,15,100,1500,-0.6212463446369054,-0.7946494182054773,874,-0.40700535199250687,-0.5668358015728058,15,0.522747844787544,0.4778480838265403,-0.6788115023551706,false,false,false,false,artifacts\runs\search_BTC_ETH_confirmation_20260810T171441Z_c952c7
R3,BTC_ETH_confirmation,BTCUSDT,random_search,693857,2022-03-31 00:00:00+00:00,2025-12-09 22:00:00+00:00,32385,15,100,1500,-0.6982093164731937,-0.7908172261258665,690,-0.6447331687032668,-0.7555766526895291,15,0.522747844787544,0.4778480838265403,-0.6788115023551706,false,false,false,false,artifacts\runs\search_BTC_ETH_confirmation_20260810T171247Z_c5487d
R3,BTC_ETH_confirmation,BTCUSDT,random_search,707014,2022-03-31 00:00:00+00:00,2025-12-09 22:00:00+00:00,32385,15,100,1500,-0.4981699096986675,-0.7681031120118855,923,-0.34383269976780706,-0.700122468454435,15,0.522747844787544,0.4778480838265403,-0.6788115023551706,false,false,false,false,artifacts\runs\search_BTC_ETH_confirmation_20260810T171633Z_03e572
R3,BTC_ETH_confirmation,BTCUSDT,random_search,765570,2022-03-31 00:00:00+00:00,2025-12-09 22:00:00+00:00,32385,15,100,1500,-0.73816150552965,-0.8604321231213605,897,-0.7224084612739585,-0.7226777058532057,15,0.522747844787544,0.4778480838265403,-0.6788115023551706,false,false,false,false,artifacts\runs\search_BTC_ETH_confirmation_20260810T171403Z_3e2ff9
R3,BTC_ETH_confirmation,BTCUSDT,random_search,891022,2022-03-31 00:00:00+00:00,2025-12-09 22:00:00+00:00,32385,15,100,1500,-0.7716330718404262,-0.8905884219739628,902,-0.79028062675402,-1.0919214855037624,15,0.522747844787544,0.4778480838265403,-0.6788115023551706,false,false,false,false,artifacts\runs\search_BTC_ETH_confirmation_20260810T171136Z_71332c
R3,BTC_ETH_confirmation,ETHUSDT,genetic_algorithm,278037,2022-03-31 00:00:00+00:00,2025-12-09 22:00:00+00:00,32385,15,100,1500,3.73030755389956,-0.41748238598916143,794,1.127593564915247,1.083425970854231,15,-0.2190192992677874,0.24043085765021407,-0.74563556228467,true,true,true,true,artifacts\runs\search_BTC_ETH_confirmation_20260810T172437Z_cc1b00
R3,BTC_ETH_confirmation,ETHUSDT,genetic_algorithm,341110,2022-03-31 00:00:00+00:00,2025-12-09 22:00:00+00:00,32385,15,100,1500,-0.7739164504284041,-0.8792611361677771,1079,-0.4969866334652967,-0.4415240271709577,15,-0.2190192992677874,0.24043085765021407,-0.74563556228467,false,false,false,false,artifacts\runs\search_BTC_ETH_confirmation_20260810T171831Z_0ea595
R3,BTC_ETH_confirmation,ETHUSDT,genetic_algorithm,605142,2022-03-31 00:00:00+00:00,2025-12-09 22:00:00+00:00,32385,15,100,1500,-0.7202138216847971,-0.7959969713707209,735,-0.4065595782522427,-0.25420929893571376,15,-0.2190192992677874,0.24043085765021407,-0.74563556228467,false,false,false,false,artifacts\runs\search_BTC_ETH_confirmation_20260810T172217Z_55d17e
R3,BTC_ETH_confirmation,ETHUSDT,genetic_algorithm,671194,2022-03-31 00:00:00+00:00,2025-12-09 22:00:00+00:00,32385,15,100,1500,-0.028809121528845183,-0.7155569464595661,1162,0.2591360715437569,0.006348553247303079,15,-0.2190192992677874,0.24043085765021407,-0.74563556228467,false,true,false,false,artifacts\runs\search_BTC_ETH_confirmation_20260810T172312Z_c5e60d
R3,BTC_ETH_confirmation,ETHUSDT,genetic_algorithm,683778,2022-03-31 00:00:00+00:00,2025-12-09 22:00:00+00:00,32385,15,100,1500,-0.6925346126277874,-0.8605628302180578,1131,-0.29511694102661346,-0.5362119631308963,15,-0.2190192992677874,0.24043085765021407,-0.74563556228467,false,false,false,false,artifacts\runs\search_BTC_ETH_confirmation_20260810T172015Z_a927c1
R3,BTC_ETH_confirmation,ETHUSDT,genetic_algorithm,692467,2022-03-31 00:00:00+00:00,2025-12-09 22:00:00+00:00,32385,15,100,1500,-0.20989904828180606,-0.7519989866937776,871,0.1463099310786815,0.08674727148213605,15,-0.2190192992677874,0.24043085765021407,-0.74563556228467,false,true,false,false,artifacts\runs\search_BTC_ETH_confirmation_20260810T172130Z_5066fd
R3,BTC_ETH_confirmation,ETHUSDT,genetic_algorithm,693857,2022-03-31 00:00:00+00:00,2025-12-09 22:00:00+00:00,32385,15,100,1500,0.5452234746618536,-0.8494090302274712,872,0.4904779226765726,0.23462332257695453,15,-0.2190192992677874,0.24043085765021407,-0.74563556228467,true,true,false,false,artifacts\runs\search_BTC_ETH_confirmation_20260810T171918Z_6dca51
R3,BTC_ETH_confirmation,ETHUSDT,genetic_algorithm,707014,2022-03-31 00:00:00+00:00,2025-12-09 22:00:00+00:00,32385,15,100,1500,-0.6949495557907492,-0.8640659400623083,962,-0.27641377496821495,-0.28124926453801546,15,-0.2190192992677874,0.24043085765021407,-0.74563556228467,false,false,false,false,artifacts\runs\search_BTC_ETH_confirmation_20260810T172406Z_274bbb
R3,BTC_ETH_confirmation,ETHUSDT,genetic_algorithm,765570,2022-03-31 00:00:00+00:00,2025-12-09 22:00:00+00:00,32385,15,100,1500,-0.6064748339422572,-0.8105056293326112,948,-0.24370453288999575,-0.09995497255495132,15,-0.2190192992677874,0.24043085765021407,-0.74563556228467,false,false,false,false,artifacts\runs\search_BTC_ETH_confirmation_20260810T172048Z_705a04
R3,BTC_ETH_confirmation,ETHUSDT,genetic_algorithm,891022,2022-03-31 00:00:00+00:00,2025-12-09 22:00:00+00:00,32385,15,100,1500,0.025844045532106286,-0.6547540297153304,1006,0.3002963271319361,0.06874439595507437,15,-0.2190192992677874,0.24043085765021407,-0.74563556228467,true,true,false,false,artifacts\runs\search_BTC_ETH_confirmation_20260810T171747Z_3d600c
R3,BTC_ETH_confirmation,ETHUSDT,random_search,278037,2022-03-31 00:00:00+00:00,2025-12-09 22:00:00+00:00,32385,15,100,1500,-0.64788374063062,-0.7898048661498608,1049,-0.26460430294514775,-0.29925714494527367,15,-0.2190192992677874,0.24043085765021407,-0.74563556228467,false,false,false,false,artifacts\runs\search_BTC_ETH_confirmation_20260810T172437Z_cc1b00
R3,BTC_ETH_confirmation,ETHUSDT,random_search,341110,2022-03-31 00:00:00+00:00,2025-12-09 22:00:00+00:00,32385,15,100,1500,-0.7521828805611968,-0.8853369950482135,908,-0.4812195568523481,-0.6696313546248553,15,-0.2190192992677874,0.24043085765021407,-0.74563556228467,false,false,false,false,artifacts\runs\search_BTC_ETH_confirmation_20260810T171831Z_0ea595
R3,BTC_ETH_confirmation,ETHUSDT,random_search,605142,2022-03-31 00:00:00+00:00,2025-12-09 22:00:00+00:00,32385,15,100,1500,-0.5417437570542802,-0.801599251624553,951,-0.1908561476298535,-0.11064307526393383,15,-0.2190192992677874,0.24043085765021407,-0.74563556228467,false,false,false,false,artifacts\runs\search_BTC_ETH_confirmation_20260810T172217Z_55d17e
R3,BTC_ETH_confirmation,ETHUSDT,random_search,671194,2022-03-31 00:00:00+00:00,2025-12-09 22:00:00+00:00,32385,15,100,1500,-0.8997627570802517,-0.9450361009188972,1208,-0.7329334937431567,-0.877295426258792,15,-0.2190192992677874,0.24043085765021407,-0.74563556228467,false,false,false,false,artifacts\runs\search_BTC_ETH_confirmation_20260810T172312Z_c5e60d
R3,BTC_ETH_confirmation,ETHUSDT,random_search,683778,2022-03-31 00:00:00+00:00,2025-12-09 22:00:00+00:00,32385,15,100,1500,-0.43159911904629444,-0.8205059596240282,799,-0.025642998924599737,-0.1950188828077667,15,-0.2190192992677874,0.24043085765021407,-0.74563556228467,false,false,false,false,artifacts\runs\search_BTC_ETH_confirmation_20260810T172015Z_a927c1
R3,BTC_ETH_confirmation,ETHUSDT,random_search,692467,2022-03-31 00:00:00+00:00,2025-12-09 22:00:00+00:00,32385,15,100,1500,-0.5374609552884382,-0.7989601204021588,1076,-0.17395696092065888,-0.2088489979257044,15,-0.2190192992677874,0.24043085765021407,-0.74563556228467,false,false,false,false,artifacts\runs\search_BTC_ETH_confirmation_20260810T172130Z_5066fd
R3,BTC_ETH_confirmation,ETHUSDT,random_search,693857,2022-03-31 00:00:00+00:00,2025-12-09 22:00:00+00:00,32385,15,100,1500,-0.6123402264852045,-0.7508198201093245,906,-0.23471021841481698,-0.161128665985275,15,-0.2190192992677874,0.24043085765021407,-0.74563556228467,false,false,false,false,artifacts\runs\search_BTC_ETH_confirmation_20260810T171918Z_6dca51
R3,BTC_ETH_confirmation,ETHUSDT,random_search,707014,2022-03-31 00:00:00+00:00,2025-12-09 22:00:00+00:00,32385,15,100,1500,-0.940559169428292,-0.9513585556007748,1017,-1.0728926721109537,-0.9666757591445465,15,-0.2190192992677874,0.24043085765021407,-0.74563556228467,false,false,false,false,artifacts\runs\search_BTC_ETH_confirmation_20260810T172406Z_274bbb
R3,BTC_ETH_confirmation,ETHUSDT,random_search,765570,2022-03-31 00:00:00+00:00,2025-12-09 22:00:00+00:00,32385,15,100,1500,-0.9048216478338058,-0.9423269532140147,848,-0.8935568696835483,-1.0058952127300824,15,-0.2190192992677874,0.24043085765021407,-0.74563556228467,false,false,false,false,artifacts\runs\search_BTC_ETH_confirmation_20260810T172048Z_705a04
R3,BTC_ETH_confirmation,ETHUSDT,random_search,891022,2022-03-31 00:00:00+00:00,2025-12-09 22:00:00+00:00,32385,15,100,1500,-0.7181567492860215,-0.8204680475798071,845,-0.33072156890686444,-0.42760540679571746,15,-0.2190192992677874,0.24043085765021407,-0.74563556228467,false,false,false,false,artifacts\runs\search_BTC_ETH_confirmation_20260810T171747Z_3d600c
R3,breakout,BTCUSDT,genetic_algorithm,278037,2022-03-31 00:00:00+00:00,2025-12-09 22:00:00+00:00,32385,15,100,1500,-0.14604218443305517,-0.29886705333416064,306,-0.6942204692298614,-1.1734110358201488,15,0.522747844787544,0.4778480838265403,-0.6788115023551706,false,false,false,false,artifacts\runs\search_breakout_20260810T161506Z_8c9fe9
R3,breakout,BTCUSDT,genetic_algorithm,341110,2022-03-31 00:00:00+00:00,2025-12-09 22:00:00+00:00,32385,15,100,1500,-0.14604218443305517,-0.29886705333416064,306,-0.6942204692298614,-1.1734110358201488,15,0.522747844787544,0.4778480838265403,-0.6788115023551706,false,false,false,false,artifacts\runs\search_breakout_20260810T160747Z_1740fe
R3,breakout,BTCUSDT,genetic_algorithm,605142,2022-03-31 00:00:00+00:00,2025-12-09 22:00:00+00:00,32385,15,100,1500,-0.14604218443305517,-0.29886705333416064,306,-0.6942204692298614,-1.1734110358201488,15,0.522747844787544,0.4778480838265403,-0.6788115023551706,false,false,false,false,artifacts\runs\search_breakout_20260810T161228Z_dfe1b7
R3,breakout,BTCUSDT,genetic_algorithm,671194,2022-03-31 00:00:00+00:00,2025-12-09 22:00:00+00:00,32385,15,100,1500,-0.14604218443305517,-0.29886705333416064,306,-0.6942204692298614,-1.1734110358201488,15,0.522747844787544,0.4778480838265403,-0.6788115023551706,false,false,false,false,artifacts\runs\search_breakout_20260810T161320Z_67e5ec
R3,breakout,BTCUSDT,genetic_algorithm,683778,2022-03-31 00:00:00+00:00,2025-12-09 22:00:00+00:00,32385,15,100,1500,-0.14604218443305517,-0.29886705333416064,306,-0.6942204692298614,-1.1734110358201488,15,0.522747844787544,0.4778480838265403,-0.6788115023551706,false,false,false,false,artifacts\runs\search_breakout_20260810T160941Z_3b29d0
R3,breakout,BTCUSDT,genetic_algorithm,692467,2022-03-31 00:00:00+00:00,2025-12-09 22:00:00+00:00,32385,15,100,1500,-0.14604218443305517,-0.29886705333416064,306,-0.6942204692298614,-1.1734110358201488,15,0.522747844787544,0.4778480838265403,-0.6788115023551706,false,false,false,false,artifacts\runs\search_breakout_20260810T161131Z_dbfc3c
R3,breakout,BTCUSDT,genetic_algorithm,693857,2022-03-31 00:00:00+00:00,2025-12-09 22:00:00+00:00,32385,15,100,1500,-0.14604218443305517,-0.29886705333416064,306,-0.6942204692298614,-1.1734110358201488,15,0.522747844787544,0.4778480838265403,-0.6788115023551706,false,false,false,false,artifacts\runs\search_breakout_20260810T160843Z_2fc784
R3,breakout,BTCUSDT,genetic_algorithm,707014,2022-03-31 00:00:00+00:00,2025-12-09 22:00:00+00:00,32385,15,100,1500,-0.14604218443305517,-0.29886705333416064,306,-0.6942204692298614,-1.1734110358201488,15,0.522747844787544,0.4778480838265403,-0.6788115023551706,false,false,false,false,artifacts\runs\search_breakout_20260810T161413Z_c21e49
R3,breakout,BTCUSDT,genetic_algorithm,765570,2022-03-31 00:00:00+00:00,2025-12-09 22:00:00+00:00,32385,15,100,1500,-0.14604218443305517,-0.29886705333416064,306,-0.6942204692298614,-1.1734110358201488,15,0.522747844787544,0.4778480838265403,-0.6788115023551706,false,false,false,false,artifacts\runs\search_breakout_20260810T161035Z_ac9486
R3,breakout,BTCUSDT,genetic_algorithm,891022,2022-03-31 00:00:00+00:00,2025-12-09 22:00:00+00:00,32385,15,100,1500,-0.14604218443305517,-0.29886705333416064,306,-0.6942204692298614,-1.1734110358201488,15,0.522747844787544,0.4778480838265403,-0.6788115023551706,false,false,false,false,artifacts\runs\search_breakout_20260810T160652Z_347a09
R3,breakout,BTCUSDT,random_search,278037,2022-03-31 00:00:00+00:00,2025-12-09 22:00:00+00:00,32385,15,100,1500,-0.1911501372433002,-0.3359024563662343,324,-0.9147641576470451,-1.267787952459957,15,0.522747844787544,0.4778480838265403,-0.6788115023551706,false,false,false,false,artifacts\runs\search_breakout_20260810T161506Z_8c9fe9
R3,breakout,BTCUSDT,random_search,341110,2022-03-31 00:00:00+00:00,2025-12-09 22:00:00+00:00,32385,15,100,1500,-0.14604218443305517,-0.29886705333416064,306,-0.6942204692298614,-1.1734110358201488,15,0.522747844787544,0.4778480838265403,-0.6788115023551706,false,false,false,false,artifacts\runs\search_breakout_20260810T160747Z_1740fe
R3,breakout,BTCUSDT,random_search,605142,2022-03-31 00:00:00+00:00,2025-12-09 22:00:00+00:00,32385,15,100,1500,-0.20901463759958983,-0.3055881685967601,276,-1.1828828478969635,-1.4233344854474481,15,0.522747844787544,0.4778480838265403,-0.6788115023551706,false,false,false,false,artifacts\runs\search_breakout_20260810T161228Z_dfe1b7
R3,breakout,BTCUSDT,random_search,671194,2022-03-31 00:00:00+00:00,2025-12-09 22:00:00+00:00,32385,15,100,1500,-0.14291196941527495,-0.2962970237154767,304,-0.6598564140980371,-1.0489383381101764,15,0.522747844787544,0.4778480838265403,-0.6788115023551706,false,false,false,false,artifacts\runs\search_breakout_20260810T161320Z_67e5ec
R3,breakout,BTCUSDT,random_search,683778,2022-03-31 00:00:00+00:00,2025-12-09 22:00:00+00:00,32385,15,100,1500,-0.14604218443305517,-0.29886705333416064,306,-0.6942204692298614,-1.1734110358201488,15,0.522747844787544,0.4778480838265403,-0.6788115023551706,false,false,false,false,artifacts\runs\search_breakout_20260810T160941Z_3b29d0
R3,breakout,BTCUSDT,random_search,692467,2022-03-31 00:00:00+00:00,2025-12-09 22:00:00+00:00,32385,15,100,1500,-0.13676049236427834,-0.29124641916278105,404,-0.5562699593316034,-1.077855414880851,15,0.522747844787544,0.4778480838265403,-0.6788115023551706,false,false,false,false,artifacts\runs\search_breakout_20260810T161131Z_dbfc3c
R3,breakout,BTCUSDT,random_search,693857,2022-03-31 00:00:00+00:00,2025-12-09 22:00:00+00:00,32385,15,100,1500,-0.17843077058445367,-0.29629702371547617,326,-0.7673849127597234,-1.2148208287689302,15,0.522747844787544,0.4778480838265403,-0.6788115023551706,false,false,false,false,artifacts\runs\search_breakout_20260810T160843Z_2fc784
R3,breakout,BTCUSDT,random_search,707014,2022-03-31 00:00:00+00:00,2025-12-09 22:00:00+00:00,32385,15,100,1500,-0.10872354839591258,-0.26822698567121595,338,-0.4368439788220843,-0.924788220523742,15,0.522747844787544,0.4778480838265403,-0.6788115023551706,false,false,false,false,artifacts\runs\search_breakout_20260810T161413Z_c21e49
R3,breakout,BTCUSDT,random_search,765570,2022-03-31 00:00:00+00:00,2025-12-09 22:00:00+00:00,32385,15,100,1500,-0.18143126557247513,-0.29886705333416075,328,-0.7993624883309352,-1.3392935264789025,15,0.522747844787544,0.4778480838265403,-0.6788115023551706,false,false,false,false,artifacts\runs\search_breakout_20260810T161035Z_ac9486
R3,breakout,BTCUSDT,random_search,891022,2022-03-31 00:00:00+00:00,2025-12-09 22:00:00+00:00,32385,15,100,1500,-0.16987344589792375,-0.3184334561107828,370,-0.7849173391406935,-1.2020055324672858,15,0.522747844787544,0.4778480838265403,-0.6788115023551706,false,false,false,false,artifacts\runs\search_breakout_20260810T160652Z_347a09
R3,breakout,ETHUSDT,genetic_algorithm,278037,2022-03-31 00:00:00+00:00,2025-12-09 22:00:00+00:00,32385,15,100,1500,-0.2416116149375488,-0.272475660999264,438,-0.987972712268919,-1.2788686523807962,15,-0.2190192992677874,0.24043085765021407,-0.74563556228467,false,false,false,false,artifacts\runs\search_breakout_20260810T162520Z_a1c6ee
R3,breakout,ETHUSDT,genetic_algorithm,341110,2022-03-31 00:00:00+00:00,2025-12-09 22:00:00+00:00,32385,15,100,1500,-0.2528437506743496,-0.28325068378235907,442,-1.0282835319284633,-1.363614196465374,15,-0.2190192992677874,0.24043085765021407,-0.74563556228467,false,false,false,false,artifacts\runs\search_breakout_20260810T161703Z_c4ffc4
R3,breakout,ETHUSDT,genetic_algorithm,605142,2022-03-31 00:00:00+00:00,2025-12-09 22:00:00+00:00,32385,15,100,1500,-0.25767464906150206,-0.2647693608210858,430,-1.0807641822635163,-1.3877102322031238,15,-0.2190192992677874,0.24043085765021407,-0.74563556228467,false,false,false,false,artifacts\runs\search_breakout_20260810T162214Z_0865da
R3,breakout,ETHUSDT,genetic_algorithm,671194,2022-03-31 00:00:00+00:00,2025-12-09 22:00:00+00:00,32385,15,100,1500,-0.23599456248273953,-0.2670872050909091,426,-0.9549385645562514,-1.3193976958823053,15,-0.2190192992677874,0.24043085765021407,-0.74563556228467,false,false,false,false,artifacts\runs\search_breakout_20260810T162312Z_4849f3
R3,breakout,ETHUSDT,genetic_algorithm,683778,2022-03-31 00:00:00+00:00,2025-12-09 22:00:00+00:00,32385,15,100,1500,-0.2765672267178211,-0.27951528128031844,418,-1.2683361863996565,-1.5782306163407653,15,-0.2190192992677874,0.24043085765021407,-0.74563556228467,false,false,false,false,artifacts\runs\search_breakout_20260810T161903Z_2274a8
R3,breakout,ETHUSDT,genetic_algorithm,692467,2022-03-31 00:00:00+00:00,2025-12-09 22:00:00+00:00,32385,15,100,1500,-0.28333659364468466,-0.2901860435392686,428,-1.2816257306373569,-1.508944593400579,15,-0.2190192992677874,0.24043085765021407,-0.74563556228467,false,false,false,false,artifacts\runs\search_breakout_20260810T162110Z_b62a48
R3,breakout,ETHUSDT,genetic_algorithm,693857,2022-03-31 00:00:00+00:00,2025-12-09 22:00:00+00:00,32385,15,100,1500,-0.25767464906150206,-0.2647693608210858,430,-1.0807641822635163,-1.3877102322031238,15,-0.2190192992677874,0.24043085765021407,-0.74563556228467,false,false,false,false,artifacts\runs\search_breakout_20260810T161759Z_59f383
R3,breakout,ETHUSDT,genetic_algorithm,707014,2022-03-31 00:00:00+00:00,2025-12-09 22:00:00+00:00,32385,15,100,1500,-0.2426428161106049,-0.25371650494981934,424,-1.0216552443243632,-1.222546195813475,15,-0.2190192992677874,0.24043085765021407,-0.74563556228467,false,false,false,false,artifacts\runs\search_breakout_20260810T162417Z_9d55a1
R3,breakout,ETHUSDT,genetic_algorithm,765570,2022-03-31 00:00:00+00:00,2025-12-09 22:00:00+00:00,32385,15,100,1500,-0.23599456248273953,-0.2670872050909091,426,-0.9549385645562514,-1.3193976958823053,15,-0.2190192992677874,0.24043085765021407,-0.74563556228467,false,false,false,false,artifacts\runs\search_breakout_20260810T162006Z_1b4e45
R3,breakout,ETHUSDT,genetic_algorithm,891022,2022-03-31 00:00:00+00:00,2025-12-09 22:00:00+00:00,32385,15,100,1500,-0.1925741890500945,-0.20029109295037972,408,-0.7760197759519263,-1.00406604915941,15,-0.2190192992677874,0.24043085765021407,-0.74563556228467,false,true,false,false,artifacts\runs\search_breakout_20260810T161606Z_b3478d
R3,breakout,ETHUSDT,random_search,278037,2022-03-31 00:00:00+00:00,2025-12-09 22:00:00+00:00,32385,15,100,1500,-0.25767464906150206,-0.2647693608210858,430,-1.0807641822635163,-1.3877102322031238,15,-0.2190192992677874,0.24043085765021407,-0.74563556228467,false,false,false,false,artifacts\runs\search_breakout_20260810T162520Z_a1c6ee
R3,breakout,ETHUSDT,random_search,341110,2022-03-31 00:00:00+00:00,2025-12-09 22:00:00+00:00,32385,15,100,1500,-0.31618629953491384,-0.34141962036836315,464,-1.3365914173049729,-1.768049256247221,15,-0.2190192992677874,0.24043085765021407,-0.74563556228467,false,false,false,false,artifacts\runs\search_breakout_20260810T161703Z_c4ffc4
R3,breakout,ETHUSDT,random_search,605142,2022-03-31 00:00:00+00:00,2025-12-09 22:00:00+00:00,32385,15,100,1500,-0.2416116149375488,-0.272475660999264,438,-0.987972712268919,-1.2788686523807962,15,-0.2190192992677874,0.24043085765021407,-0.74563556228467,false,false,false,false,artifacts\runs\search_breakout_20260810T162214Z_0865da
R3,breakout,ETHUSDT,random_search,671194,2022-03-31 00:00:00+00:00,2025-12-09 22:00:00+00:00,32385,15,100,1500,-0.25767464906150206,-0.2647693608210858,430,-1.0807641822635163,-1.3877102322031238,15,-0.2190192992677874,0.24043085765021407,-0.74563556228467,false,false,false,false,artifacts\runs\search_breakout_20260810T162312Z_4849f3
R3,breakout,ETHUSDT,random_search,683778,2022-03-31 00:00:00+00:00,2025-12-09 22:00:00+00:00,32385,15,100,1500,-0.2397603183075463,-0.24581351868073775,460,-0.9386930824743732,-1.4002753568077426,15,-0.2190192992677874,0.24043085765021407,-0.74563556228467,false,false,false,false,artifacts\runs\search_breakout_20260810T161903Z_2274a8
R3,breakout,ETHUSDT,random_search,692467,2022-03-31 00:00:00+00:00,2025-12-09 22:00:00+00:00,32385,15,100,1500,-0.3238045614492687,-0.33305736466906355,470,-1.2728440732715443,-1.6608742577463629,15,-0.2190192992677874,0.24043085765021407,-0.74563556228467,false,false,false,false,artifacts\runs\search_breakout_20260810T162110Z_b62a48
R3,breakout,ETHUSDT,random_search,693857,2022-03-31 00:00:00+00:00,2025-12-09 22:00:00+00:00,32385,15,100,1500,-0.2528437506743496,-0.28325068378235907,442,-1.0282835319284633,-1.363614196465374,15,-0.2190192992677874,0.24043085765021407,-0.74563556228467,false,false,false,false,artifacts\runs\search_breakout_20260810T161759Z_59f383
R3,breakout,ETHUSDT,random_search,707014,2022-03-31 00:00:00+00:00,2025-12-09 22:00:00+00:00,32385,15,100,1500,-0.2617609694090225,-0.2647693608210858,424,-1.1037289552866052,-1.5417417992278883,15,-0.2190192992677874,0.24043085765021407,-0.74563556228467,false,false,false,false,artifacts\runs\search_breakout_20260810T162417Z_9d55a1
R3,breakout,ETHUSDT,random_search,765570,2022-03-31 00:00:00+00:00,2025-12-09 22:00:00+00:00,32385,15,100,1500,-0.22611506935343528,-0.22974771103180136,452,-0.8793108271153401,-1.2600640241254608,15,-0.2190192992677874,0.24043085765021407,-0.74563556228467,false,false,false,false,artifacts\runs\search_breakout_20260810T162006Z_1b4e45
R3,breakout,ETHUSDT,random_search,891022,2022-03-31 00:00:00+00:00,2025-12-09 22:00:00+00:00,32385,15,100,1500,-0.23599456248273953,-0.2670872050909091,426,-0.9549385645562514,-1.3193976958823053,15,-0.2190192992677874,0.24043085765021407,-0.74563556228467,false,false,false,false,artifacts\runs\search_breakout_20260810T161606Z_b3478d
R3,funding,BTCUSDT,genetic_algorithm,278037,2022-03-31 00:00:00+00:00,2025-12-09 22:00:00+00:00,32385,15,100,1500,-0.5817678267653149,-0.6737437531694337,327,-0.5735051007932801,-0.43036448917420794,15,0.522747844787544,0.4778480838265403,-0.6788115023551706,false,false,false,false,artifacts\runs\search_funding_20260810T170312Z_7e67d7
R3,funding,BTCUSDT,genetic_algorithm,341110,2022-03-31 00:00:00+00:00,2025-12-09 22:00:00+00:00,32385,15,100,1500,-0.09147174324817642,-0.4459977274409147,488,0.06082991939143211,0.06065907701084794,15,0.522747844787544,0.4778480838265403,-0.6788115023551706,false,false,false,false,artifacts\runs\search_funding_20260810T165940Z_9e8daa
R3,funding,BTCUSDT,genetic_algorithm,605142,2022-03-31 00:00:00+00:00,2025-12-09 22:00:00+00:00,32385,15,100,1500,0.5692409719689628,-0.47072983107855493,441,0.5383971734477616,0.5441563004825885,15,0.522747844787544,0.4778480838265403,-0.6788115023551706,true,true,true,false,artifacts\runs\search_funding_20260810T170155Z_353b1e
R3,funding,BTCUSDT,genetic_algorithm,671194,2022-03-31 00:00:00+00:00,2025-12-09 22:00:00+00:00,32385,15,100,1500,-0.2960078079467877,-0.6261921566260318,416,-0.10496128315140969,-0.15071373285044568,15,0.522747844787544,0.4778480838265403,-0.6788115023551706,false,false,false,false,artifacts\runs\search_funding_20260810T170222Z_0f4642
R3,funding,BTCUSDT,genetic_algorithm,683778,2022-03-31 00:00:00+00:00,2025-12-09 22:00:00+00:00,32385,15,100,1500,-0.360529216518677,-0.6159998988312423,353,-0.22113560877970614,-0.22769945316385212,15,0.522747844787544,0.4778480838265403,-0.6788115023551706,false,false,false,false,artifacts\runs\search_funding_20260810T170035Z_aa48b3
R3,funding,BTCUSDT,genetic_algorithm,692467,2022-03-31 00:00:00+00:00,2025-12-09 22:00:00+00:00,32385,15,100,1500,0.2594180880234318,-0.530166399411486,396,0.35320718042960864,0.5782110732702859,15,0.522747844787544,0.4778480838265403,-0.6788115023551706,true,false,false,false,artifacts\runs\search_funding_20260810T170127Z_551b36
R3,funding,BTCUSDT,genetic_algorithm,693857,2022-03-31 00:00:00+00:00,2025-12-09 22:00:00+00:00,32385,15,100,1500,-0.1294517370770436,-0.4088064902489107,463,0.03879744331401084,0.0593451292893886,15,0.522747844787544,0.4778480838265403,-0.6788115023551706,false,false,false,false,artifacts\runs\search_funding_20260810T170011Z_2f81d9
R3,funding,BTCUSDT,genetic_algorithm,707014,2022-03-31 00:00:00+00:00,2025-12-09 22:00:00+00:00,32385,15,100,1500,-0.40264439664568863,-0.6878264895199048,311,-0.24248344337144864,-0.14763549737267845,15,0.522747844787544,0.4778480838265403,-0.6788115023551706,false,false,false,false,artifacts\runs\search_funding_20260810T170248Z_1f002b
R3,funding,BTCUSDT,genetic_algorithm,765570,2022-03-31 00:00:00+00:00,2025-12-09 22:00:00+00:00,32385,15,100,1500,-0.40067120632057585,-0.7381766097476536,347,-0.2794585383218391,-0.4346687779075881,15,0.522747844787544,0.4778480838265403,-0.6788115023551706,false,false,false,false,artifacts\runs\search_funding_20260810T170101Z_41eae6
R3,funding,BTCUSDT,genetic_algorithm,891022,2022-03-31 00:00:00+00:00,2025-12-09 22:00:00+00:00,32385,15,100,1500,-0.24804393380517376,-0.6523684618496849,381,-0.042914620967314826,-0.09522603390226682,15,0.522747844787544,0.4778480838265403,-0.6788115023551706,false,false,false,false,artifacts\runs\search_funding_20260810T165915Z_400164
R3,funding,BTCUSDT,random_search,278037,2022-03-31 00:00:00+00:00,2025-12-09 22:00:00+00:00,32385,15,100,1500,-0.29945392809999116,-0.638869843130978,361,-0.12111802095587519,-0.385605599292791,15,0.522747844787544,0.4778480838265403,-0.6788115023551706,false,false,false,false,artifacts\runs\search_funding_20260810T170312Z_7e67d7
R3,funding,BTCUSDT,random_search,341110,2022-03-31 00:00:00+00:00,2025-12-09 22:00:00+00:00,32385,15,100,1500,-0.42237719399902374,-0.6853792029293588,298,-0.27780045780253804,-0.07241077872022769,15,0.522747844787544,0.4778480838265403,-0.6788115023551706,false,false,false,false,artifacts\runs\search_funding_20260810T165940Z_9e8daa
R3,funding,BTCUSDT,random_search,605142,2022-03-31 00:00:00+00:00,2025-12-09 22:00:00+00:00,32385,15,100,1500,-0.29718512707205735,-0.5078720564002295,310,-0.10595832975796164,0.0803757029878085,15,0.522747844787544,0.4778480838265403,-0.6788115023551706,false,false,false,false,artifacts\runs\search_funding_20260810T170155Z_353b1e
R3,funding,BTCUSDT,random_search,671194,2022-03-31 00:00:00+00:00,2025-12-09 22:00:00+00:00,32385,15,100,1500,-0.588744258475446,-0.7202145550524133,406,-0.45777708264794054,-0.8262220923144323,15,0.522747844787544,0.4778480838265403,-0.6788115023551706,false,false,false,false,artifacts\runs\search_funding_20260810T170222Z_0f4642
R3,funding,BTCUSDT,random_search,683778,2022-03-31 00:00:00+00:00,2025-12-09 22:00:00+00:00,32385,15,100,1500,-0.5160934233689428,-0.6369125037644171,344,-0.45010474908172143,-0.5101497848668569,15,0.522747844787544,0.4778480838265403,-0.6788115023551706,false,false,false,false,artifacts\runs\search_funding_20260810T170035Z_aa48b3
R3,funding,BTCUSDT,random_search,692467,2022-03-31 00:00:00+00:00,2025-12-09 22:00:00+00:00,32385,15,100,1500,-0.39591045405282743,-0.6698167881029065,321,-0.2599072284093065,-0.449692078239039,15,0.522747844787544,0.4778480838265403,-0.6788115023551706,false,false,false,false,artifacts\runs\search_funding_20260810T170127Z_551b36
R3,funding,BTCUSDT,random_search,693857,2022-03-31 00:00:00+00:00,2025-12-09 22:00:00+00:00,32385,15,100,1500,-0.2733311263150001,-0.6247114980730245,367,-0.06423059309858409,-0.15610522875029884,15,0.522747844787544,0.4778480838265403,-0.6788115023551706,false,false,false,false,artifacts\runs\search_funding_20260810T170011Z_2f81d9
R3,funding,BTCUSDT,random_search,707014,2022-03-31 00:00:00+00:00,2025-12-09 22:00:00+00:00,32385,15,100,1500,-0.23572324555183122,-0.5065260851607919,326,-0.0622495847277743,-0.07451546707311056,15,0.522747844787544,0.4778480838265403,-0.6788115023551706,false,false,false,false,artifacts\runs\search_funding_20260810T170248Z_1f002b
R3,funding,BTCUSDT,random_search,765570,2022-03-31 00:00:00+00:00,2025-12-09 22:00:00+00:00,32385,15,100,1500,-0.5669236077657663,-0.6926350459096737,417,-0.5491581597176691,-0.5629363082564949,15,0.522747844787544,0.4778480838265403,-0.6788115023551706,false,false,false,false,artifacts\runs\search_funding_20260810T170101Z_41eae6
R3,funding,BTCUSDT,random_search,891022,2022-03-31 00:00:00+00:00,2025-12-09 22:00:00+00:00,32385,15,100,1500,-0.45792089956565807,-0.5909241335406552,430,-0.3262326994975042,-0.05128638128972708,15,0.522747844787544,0.4778480838265403,-0.6788115023551706,false,false,false,false,artifacts\runs\search_funding_20260810T165915Z_400164
R3,funding,ETHUSDT,genetic_algorithm,278037,2022-03-31 00:00:00+00:00,2025-12-09 22:00:00+00:00,32385,15,100,1500,-0.3149905815685866,-0.5112104037221898,570,-0.04604524820874856,-0.24606546022957818,15,-0.2190192992677874,0.24043085765021407,-0.74563556228467,false,false,false,false,artifacts\runs\search_funding_20260810T171003Z_496032
R3,funding,ETHUSDT,genetic_algorithm,341110,2022-03-31 00:00:00+00:00,2025-12-09 22:00:00+00:00,32385,15,100,1500,-0.754093057961273,-0.8077681923476676,579,-0.6030416001328763,-0.6129428770247306,15,-0.2190192992677874,0.24043085765021407,-0.74563556228467,false,false,false,false,artifacts\runs\search_funding_20260810T170412Z_6ed922
R3,funding,ETHUSDT,genetic_algorithm,605142,2022-03-31 00:00:00+00:00,2025-12-09 22:00:00+00:00,32385,15,100,1500,-0.22402484816396584,-0.5374200777389078,413,0.028000211284855987,-0.1324889524832449,15,-0.2190192992677874,0.24043085765021407,-0.74563556228467,false,false,false,false,artifacts\runs\search_funding_20260810T170748Z_593fea
R3,funding,ETHUSDT,genetic_algorithm,671194,2022-03-31 00:00:00+00:00,2025-12-09 22:00:00+00:00,32385,15,100,1500,-0.45951950178886747,-0.6692798752266307,406,-0.1137318150563099,-0.14732418074744452,15,-0.2190192992677874,0.24043085765021407,-0.74563556228467,false,false,false,false,artifacts\runs\search_funding_20260810T170838Z_4bb7f4
R3,funding,ETHUSDT,genetic_algorithm,683778,2022-03-31 00:00:00+00:00,2025-12-09 22:00:00+00:00,32385,15,100,1500,-0.7407340503212496,-0.7794307337275074,473,-0.6101367589841359,-0.7418925566077816,15,-0.2190192992677874,0.24043085765021407,-0.74563556228467,false,false,false,false,artifacts\runs\search_funding_20260810T170517Z_700668
R3,funding,ETHUSDT,genetic_algorithm,692467,2022-03-31 00:00:00+00:00,2025-12-09 22:00:00+00:00,32385,15,100,1500,-0.35174757683989777,-0.7235546245912063,506,-0.046731333641043586,-0.3050254220688392,15,-0.2190192992677874,0.24043085765021407,-0.74563556228467,false,false,false,false,artifacts\runs\search_funding_20260810T170704Z_25f4c6
R3,funding,ETHUSDT,genetic_algorithm,693857,2022-03-31 00:00:00+00:00,2025-12-09 22:00:00+00:00,32385,15,100,1500,-0.2868141968422909,-0.6959517548186436,438,-0.01810496936335241,-0.08886622951085363,15,-0.2190192992677874,0.24043085765021407,-0.74563556228467,false,false,false,false,artifacts\runs\search_funding_20260810T170449Z_fe773f
R3,funding,ETHUSDT,genetic_algorithm,707014,2022-03-31 00:00:00+00:00,2025-12-09 22:00:00+00:00,32385,15,100,1500,-0.21224933166306914,-0.5518436702885525,584,0.05479727865614145,-0.028878332337405777,15,-0.2190192992677874,0.24043085765021407,-0.74563556228467,false,true,false,false,artifacts\runs\search_funding_20260810T170932Z_0c7f19
R3,funding,ETHUSDT,genetic_algorithm,765570,2022-03-31 00:00:00+00:00,2025-12-09 22:00:00+00:00,32385,15,100,1500,-0.3130745004286607,-0.7170968828904802,449,-0.0038220931369692414,-0.19289725125762117,15,-0.2190192992677874,0.24043085765021407,-0.74563556228467,false,false,false,false,artifacts\runs\search_funding_20260810T170617Z_30bdda
R3,funding,ETHUSDT,genetic_algorithm,891022,2022-03-31 00:00:00+00:00,2025-12-09 22:00:00+00:00,32385,15,100,1500,-0.6557192707455537,-0.7588468587052745,456,-0.33687953917761276,-0.34708771531850097,15,-0.2190192992677874,0.24043085765021407,-0.74563556228467,false,false,false,false,artifacts\runs\search_funding_20260810T170340Z_76c7c2
R3,funding,ETHUSDT,random_search,278037,2022-03-31 00:00:00+00:00,2025-12-09 22:00:00+00:00,32385,15,100,1500,-0.39765631456699924,-0.6238854426439149,549,-0.10795317368778536,0.0805527403637524,15,-0.2190192992677874,0.24043085765021407,-0.74563556228467,false,false,false,false,artifacts\runs\search_funding_20260810T171003Z_496032
R3,funding,ETHUSDT,random_search,341110,2022-03-31 00:00:00+00:00,2025-12-09 22:00:00+00:00,32385,15,100,1500,-0.6722984076355617,-0.746751388202042,345,-0.5206837833690506,-0.659689916624707,15,-0.2190192992677874,0.24043085765021407,-0.74563556228467,false,false,false,false,artifacts\runs\search_funding_20260810T170412Z_6ed922
R3,funding,ETHUSDT,random_search,605142,2022-03-31 00:00:00+00:00,2025-12-09 22:00:00+00:00,32385,15,100,1500,-0.5264905059967511,-0.6759325580232258,442,-0.19448028851460775,0.05352149481714875,15,-0.2190192992677874,0.24043085765021407,-0.74563556228467,false,false,false,false,artifacts\runs\search_funding_20260810T170748Z_593fea
R3,funding,ETHUSDT,random_search,671194,2022-03-31 00:00:00+00:00,2025-12-09 22:00:00+00:00,32385,15,100,1500,-0.7503708156723131,-0.7871709601588011,468,-0.6007578125167468,-0.732027214336494,15,-0.2190192992677874,0.24043085765021407,-0.74563556228467,false,false,false,false,artifacts\runs\search_funding_20260810T170838Z_4bb7f4
R3,funding,ETHUSDT,random_search,683778,2022-03-31 00:00:00+00:00,2025-12-09 22:00:00+00:00,32385,15,100,1500,-0.7592650609175068,-0.8044941616946131,581,-0.6071304871877291,-0.6074826592082042,15,-0.2190192992677874,0.24043085765021407,-0.74563556228467,false,false,false,false,artifacts\runs\search_funding_20260810T170517Z_700668
R3,funding,ETHUSDT,random_search,692467,2022-03-31 00:00:00+00:00,2025-12-09 22:00:00+00:00,32385,15,100,1500,-0.8230223642784805,-0.8433352515957102,365,-0.7885780943767059,-0.5109869763188729,15,-0.2190192992677874,0.24043085765021407,-0.74563556228467,false,false,false,false,artifacts\runs\search_funding_20260810T170704Z_25f4c6
R3,funding,ETHUSDT,random_search,693857,2022-03-31 00:00:00+00:00,2025-12-09 22:00:00+00:00,32385,15,100,1500,-0.297136182425105,-0.553411169909248,517,0.015331286743637781,0.019202085656138526,15,-0.2190192992677874,0.24043085765021407,-0.74563556228467,false,false,false,false,artifacts\runs\search_funding_20260810T170449Z_fe773f
R3,funding,ETHUSDT,random_search,707014,2022-03-31 00:00:00+00:00,2025-12-09 22:00:00+00:00,32385,15,100,1500,-0.67259090519205,-0.7214582790288817,475,-0.43599175657992467,-0.5447154828606616,15,-0.2190192992677874,0.24043085765021407,-0.74563556228467,false,false,false,false,artifacts\runs\search_funding_20260810T170932Z_0c7f19
R3,funding,ETHUSDT,random_search,765570,2022-03-31 00:00:00+00:00,2025-12-09 22:00:00+00:00,32385,15,100,1500,0.6423691108838605,-0.4945488316384168,433,0.5297506387554567,0.6066996950384903,15,-0.2190192992677874,0.24043085765021407,-0.74563556228467,true,true,true,false,artifacts\runs\search_funding_20260810T170617Z_30bdda
R3,funding,ETHUSDT,random_search,891022,2022-03-31 00:00:00+00:00,2025-12-09 22:00:00+00:00,32385,15,100,1500,-0.4564225216483745,-0.6172632097585888,464,-0.1606811432705276,-0.1018946665917087,15,-0.2190192992677874,0.24043085765021407,-0.74563556228467,false,false,false,false,artifacts\runs\search_funding_20260810T170340Z_76c7c2
R3,mean_reversion,BTCUSDT,genetic_algorithm,278037,2022-03-31 00:00:00+00:00,2025-12-09 22:00:00+00:00,32385,15,100,1500,-0.6930780480536431,-0.7334901663603894,409,-0.6578237310683552,-0.4988969303242088,15,0.522747844787544,0.4778480838265403,-0.6788115023551706,false,false,false,false,artifacts\runs\search_mean_reversion_20260810T163449Z_da4530
R3,mean_reversion,BTCUSDT,genetic_algorithm,341110,2022-03-31 00:00:00+00:00,2025-12-09 22:00:00+00:00,32385,15,100,1500,-0.3965770644786488,-0.6559180131134961,385,-0.21156626812331103,-0.2785247135002987,15,0.522747844787544,0.4778480838265403,-0.6788115023551706,false,false,false,false,artifacts\runs\search_mean_reversion_20260810T162817Z_d1d7bb
R3,mean_reversion,BTCUSDT,genetic_algorithm,605142,2022-03-31 00:00:00+00:00,2025-12-09 22:00:00+00:00,32385,15,100,1500,-0.5618674739126842,-0.6580181404184148,401,-0.46668159903484785,-0.22816111499379774,15,0.522747844787544,0.4778480838265403,-0.6788115023551706,false,false,false,false,artifacts\runs\search_mean_reversion_20260810T163232Z_709486
R3,mean_reversion,BTCUSDT,genetic_algorithm,671194,2022-03-31 00:00:00+00:00,2025-12-09 22:00:00+00:00,32385,15,100,1500,-0.23700831314627258,-0.5317981272699548,390,-0.049824423109041935,0.019219072079869903,15,0.522747844787544,0.4778480838265403,-0.6788115023551706,false,false,false,false,artifacts\runs\search_mean_reversion_20260810T163317Z_31558f
R3,mean_reversion,BTCUSDT,genetic_algorithm,683778,2022-03-31 00:00:00+00:00,2025-12-09 22:00:00+00:00,32385,15,100,1500,-0.6558492873760908,-0.7693792367610904,361,-0.5119861728805879,-0.46724670728562867,15,0.522747844787544,0.4778480838265403,-0.6788115023551706,false,false,false,false,artifacts\runs\search_mean_reversion_20260810T163001Z_755687
R3,mean_reversion,BTCUSDT,genetic_algorithm,692467,2022-03-31 00:00:00+00:00,2025-12-09 22:00:00+00:00,32385,15,100,1500,-0.514236986956685,-0.5556785770395015,410,-0.4279224853771215,-0.2656904405099555,15,0.522747844787544,0.4778480838265403,-0.6788115023551706,false,false,false,false,artifacts\runs\search_mean_reversion_20260810T163144Z_08be99
R3,mean_reversion,BTCUSDT,genetic_algorithm,693857,2022-03-31 00:00:00+00:00,2025-12-09 22:00:00+00:00,32385,15,100,1500,-0.6852857830722143,-0.743048834962465,401,-0.6222799926339814,-0.4026312317652534,15,0.522747844787544,0.4778480838265403,-0.6788115023551706,false,false,false,false,artifacts\runs\search_mean_reversion_20260810T162909Z_db197e
R3,mean_reversion,BTCUSDT,genetic_algorithm,707014,2022-03-31 00:00:00+00:00,2025-12-09 22:00:00+00:00,32385,15,100,1500,-0.37882414421077293,-0.6933809764747283,422,-0.13917100015011355,0.026321126951115645,15,0.522747844787544,0.4778480838265403,-0.6788115023551706,false,false,false,false,artifacts\runs\search_mean_reversion_20260810T163404Z_e87307
R3,mean_reversion,BTCUSDT,genetic_algorithm,765570,2022-03-31 00:00:00+00:00,2025-12-09 22:00:00+00:00,32385,15,100,1500,-0.3081110961245218,-0.42524036678784405,512,-0.17927024613089168,-0.09983761811951711,15,0.522747844787544,0.4778480838265403,-0.6788115023551706,false,false,false,false,artifacts\runs\search_mean_reversion_20260810T163053Z_89d713
R3,mean_reversion,BTCUSDT,genetic_algorithm,891022,2022-03-31 00:00:00+00:00,2025-12-09 22:00:00+00:00,32385,15,100,1500,-0.6184314641198214,-0.6746694184370897,501,-0.6420036829404122,-0.6165686892809092,15,0.522747844787544,0.4778480838265403,-0.6788115023551706,false,false,false,false,artifacts\runs\search_mean_reversion_20260810T162723Z_f90948
R3,mean_reversion,BTCUSDT,random_search,278037,2022-03-31 00:00:00+00:00,2025-12-09 22:00:00+00:00,32385,15,100,1500,-0.651745939165408,-0.7429309928031103,422,-0.5466280486196653,-0.24266183509160888,15,0.522747844787544,0.4778480838265403,-0.6788115023551706,false,false,false,false,artifacts\runs\search_mean_reversion_20260810T163449Z_da4530
R3,mean_reversion,BTCUSDT,random_search,341110,2022-03-31 00:00:00+00:00,2025-12-09 22:00:00+00:00,32385,15,100,1500,-0.6693993931647272,-0.7140794704638143,404,-0.702191570787154,-0.6805152361291664,15,0.522747844787544,0.4778480838265403,-0.6788115023551706,false,false,false,false,artifacts\runs\search_mean_reversion_20260810T162817Z_d1d7bb
R3,mean_reversion,BTCUSDT,random_search,605142,2022-03-31 00:00:00+00:00,2025-12-09 22:00:00+00:00,32385,15,100,1500,-0.4660238034948261,-0.5722792125803724,561,-0.21337532068711443,-0.07094326829833951,15,0.522747844787544,0.4778480838265403,-0.6788115023551706,false,false,false,false,artifacts\runs\search_mean_reversion_20260810T163232Z_709486
R3,mean_reversion,BTCUSDT,random_search,671194,2022-03-31 00:00:00+00:00,2025-12-09 22:00:00+00:00,32385,15,100,1500,-0.8080279221326596,-0.8496290109871816,529,-1.0272104327757272,-1.0651764553534384,15,0.522747844787544,0.4778480838265403,-0.6788115023551706,false,false,false,false,artifacts\runs\search_mean_reversion_20260810T163317Z_31558f
R3,mean_reversion,BTCUSDT,random_search,683778,2022-03-31 00:00:00+00:00,2025-12-09 22:00:00+00:00,32385,15,100,1500,-0.5500791420364535,-0.6725568755836602,369,-0.42791692116371993,-0.3069196152850673,15,0.522747844787544,0.4778480838265403,-0.6788115023551706,false,false,false,false,artifacts\runs\search_mean_reversion_20260810T163001Z_755687
R3,mean_reversion,BTCUSDT,random_search,692467,2022-03-31 00:00:00+00:00,2025-12-09 22:00:00+00:00,32385,15,100,1500,-0.5573317161455279,-0.7738232726539794,308,-0.39099011848845566,-0.3557194946267859,15,0.522747844787544,0.4778480838265403,-0.6788115023551706,false,false,false,false,artifacts\runs\search_mean_reversion_20260810T163144Z_08be99
R3,mean_reversion,BTCUSDT,random_search,693857,2022-03-31 00:00:00+00:00,2025-12-09 22:00:00+00:00,32385,15,100,1500,-0.6120297934514063,-0.7039454379893793,422,-0.6153141076740621,-0.6953664096026928,15,0.522747844787544,0.4778480838265403,-0.6788115023551706,false,false,false,false,artifacts\runs\search_mean_reversion_20260810T162909Z_db197e
R3,mean_reversion,BTCUSDT,random_search,707014,2022-03-31 00:00:00+00:00,2025-12-09 22:00:00+00:00,32385,15,100,1500,-0.5873397805375148,-0.6246414010124497,334,-0.454374050228701,-0.4293565057744315,15,0.522747844787544,0.4778480838265403,-0.6788115023551706,false,false,false,false,artifacts\runs\search_mean_reversion_20260810T163404Z_e87307
R3,mean_reversion,BTCUSDT,random_search,765570,2022-03-31 00:00:00+00:00,2025-12-09 22:00:00+00:00,32385,15,100,1500,-0.8248502488351774,-0.8485214226296629,444,-1.2540759644726243,-0.987952488186394,15,0.522747844787544,0.4778480838265403,-0.6788115023551706,false,false,false,false,artifacts\runs\search_mean_reversion_20260810T163053Z_89d713
R3,mean_reversion,BTCUSDT,random_search,891022,2022-03-31 00:00:00+00:00,2025-12-09 22:00:00+00:00,32385,15,100,1500,-0.3625888518963386,-0.632468744293476,574,-0.1914648370002126,-0.20997755969926082,15,0.522747844787544,0.4778480838265403,-0.6788115023551706,false,false,false,false,artifacts\runs\search_mean_reversion_20260810T162723Z_f90948
R3,mean_reversion,ETHUSDT,genetic_algorithm,278037,2022-03-31 00:00:00+00:00,2025-12-09 22:00:00+00:00,32385,15,100,1500,-0.6468819245100383,-0.7653287693412653,473,-0.4240351226902093,-0.25152196765744156,15,-0.2190192992677874,0.24043085765021407,-0.74563556228467,false,false,false,false,artifacts\runs\search_mean_reversion_20260810T164243Z_8124af
R3,mean_reversion,ETHUSDT,genetic_algorithm,341110,2022-03-31 00:00:00+00:00,2025-12-09 22:00:00+00:00,32385,15,100,1500,-0.7856468921569773,-0.8300591238979329,455,-0.8426984938205435,-0.5931996715984915,15,-0.2190192992677874,0.24043085765021407,-0.74563556228467,false,false,false,false,artifacts\runs\search_mean_reversion_20260810T163631Z_473bee
R3,mean_reversion,ETHUSDT,genetic_algorithm,605142,2022-03-31 00:00:00+00:00,2025-12-09 22:00:00+00:00,32385,15,100,1500,-0.6258595040598499,-0.7137172853133529,523,-0.5117635244232741,-0.24910883599064398,15,-0.2190192992677874,0.24043085765021407,-0.74563556228467,false,false,false,false,artifacts\runs\search_mean_reversion_20260810T164025Z_a0ad93
R3,mean_reversion,ETHUSDT,genetic_algorithm,671194,2022-03-31 00:00:00+00:00,2025-12-09 22:00:00+00:00,32385,15,100,1500,-0.7749951104926763,-0.8262669154239386,644,-0.8798532749110086,-0.7208093921791622,15,-0.2190192992677874,0.24043085765021407,-0.74563556228467,false,false,false,false,artifacts\runs\search_mean_reversion_20260810T164113Z_471639
R3,mean_reversion,ETHUSDT,genetic_algorithm,683778,2022-03-31 00:00:00+00:00,2025-12-09 22:00:00+00:00,32385,15,100,1500,-0.8275120543279642,-0.8642910084495097,572,-1.0080125807158833,-0.7125765840034339,15,-0.2190192992677874,0.24043085765021407,-0.74563556228467,false,false,false,false,artifacts\runs\search_mean_reversion_20260810T163803Z_458fe6
R3,mean_reversion,ETHUSDT,genetic_algorithm,692467,2022-03-31 00:00:00+00:00,2025-12-09 22:00:00+00:00,32385,15,100,1500,-0.6527111866603759,-0.750440783337893,477,-0.5261716288550787,-0.33110664263388945,15,-0.2190192992677874,0.24043085765021407,-0.74563556228467,false,false,false,false,artifacts\runs\search_mean_reversion_20260810T163936Z_03df8e
R3,mean_reversion,ETHUSDT,genetic_algorithm,693857,2022-03-31 00:00:00+00:00,2025-12-09 22:00:00+00:00,32385,15,100,1500,-0.559734643100642,-0.7082998680833459,423,-0.38822086590639887,-0.16493607346145323,15,-0.2190192992677874,0.24043085765021407,-0.74563556228467,false,false,false,false,artifacts\runs\search_mean_reversion_20260810T163717Z_72f0a4
R3,mean_reversion,ETHUSDT,genetic_algorithm,707014,2022-03-31 00:00:00+00:00,2025-12-09 22:00:00+00:00,32385,15,100,1500,-0.8190808006823297,-0.8603796372306411,449,-1.0440713861808189,-0.9157360948953264,15,-0.2190192992677874,0.24043085765021407,-0.74563556228467,false,false,false,false,artifacts\runs\search_mean_reversion_20260810T164158Z_9e0e76
R3,mean_reversion,ETHUSDT,genetic_algorithm,765570,2022-03-31 00:00:00+00:00,2025-12-09 22:00:00+00:00,32385,15,100,1500,-0.6606447625027253,-0.7309564253561198,389,-0.44859462046450765,-0.3336188719510739,15,-0.2190192992677874,0.24043085765021407,-0.74563556228467,false,false,false,false,artifacts\runs\search_mean_reversion_20260810T163848Z_d99428
R3,mean_reversion,ETHUSDT,genetic_algorithm,891022,2022-03-31 00:00:00+00:00,2025-12-09 22:00:00+00:00,32385,15,100,1500,-0.7140883580495532,-0.7751510354019231,660,-0.650410405576383,-0.3728000670142107,15,-0.2190192992677874,0.24043085765021407,-0.74563556228467,false,false,false,false,artifacts\runs\search_mean_reversion_20260810T163541Z_e427ad
R3,mean_reversion,ETHUSDT,random_search,278037,2022-03-31 00:00:00+00:00,2025-12-09 22:00:00+00:00,32385,15,100,1500,-0.8032163188714176,-0.8433306893383574,530,-0.934423352032666,-0.6095028871974275,15,-0.2190192992677874,0.24043085765021407,-0.74563556228467,false,false,false,false,artifacts\runs\search_mean_reversion_20260810T164243Z_8124af
R3,mean_reversion,ETHUSDT,random_search,341110,2022-03-31 00:00:00+00:00,2025-12-09 22:00:00+00:00,32385,15,100,1500,-0.794955751913106,-0.8374392631382105,369,-0.8648342760761392,-0.6147333009321733,15,-0.2190192992677874,0.24043085765021407,-0.74563556228467,false,false,false,false,artifacts\runs\search_mean_reversion_20260810T163631Z_473bee
R3,mean_reversion,ETHUSDT,random_search,605142,2022-03-31 00:00:00+00:00,2025-12-09 22:00:00+00:00,32385,15,100,1500,-0.729880081304648,-0.8204867489218131,422,-0.7136865790181268,-0.4269571520340247,15,-0.2190192992677874,0.24043085765021407,-0.74563556228467,false,false,false,false,artifacts\runs\search_mean_reversion_20260810T164025Z_a0ad93
R3,mean_reversion,ETHUSDT,random_search,671194,2022-03-31 00:00:00+00:00,2025-12-09 22:00:00+00:00,32385,15,100,1500,-0.8868184963769781,-0.9102687892991437,346,-1.264563157806735,-1.0763136992758335,15,-0.2190192992677874,0.24043085765021407,-0.74563556228467,false,false,false,false,artifacts\runs\search_mean_reversion_20260810T164113Z_471639
R3,mean_reversion,ETHUSDT,random_search,683778,2022-03-31 00:00:00+00:00,2025-12-09 22:00:00+00:00,32385,15,100,1500,-0.8136768515758106,-0.8509347365038046,501,-0.921589152463687,-0.715377113998269,15,-0.2190192992677874,0.24043085765021407,-0.74563556228467,false,false,false,false,artifacts\runs\search_mean_reversion_20260810T163803Z_458fe6
R3,mean_reversion,ETHUSDT,random_search,692467,2022-03-31 00:00:00+00:00,2025-12-09 22:00:00+00:00,32385,15,100,1500,-0.7607060372143873,-0.8221337719273245,409,-0.7116511417751653,-0.4775681650033097,15,-0.2190192992677874,0.24043085765021407,-0.74563556228467,false,false,false,false,artifacts\runs\search_mean_reversion_20260810T163936Z_03df8e
R3,mean_reversion,ETHUSDT,random_search,693857,2022-03-31 00:00:00+00:00,2025-12-09 22:00:00+00:00,32385,15,100,1500,-0.8449336385639588,-0.8713052316153247,564,-0.9487004442872856,-0.5902007249310713,15,-0.2190192992677874,0.24043085765021407,-0.74563556228467,false,false,false,false,artifacts\runs\search_mean_reversion_20260810T163717Z_72f0a4
R3,mean_reversion,ETHUSDT,random_search,707014,2022-03-31 00:00:00+00:00,2025-12-09 22:00:00+00:00,32385,15,100,1500,-0.8534244031223486,-0.9040871647306407,441,-0.9293366972891255,-0.7037349411268483,15,-0.2190192992677874,0.24043085765021407,-0.74563556228467,false,false,false,false,artifacts\runs\search_mean_reversion_20260810T164158Z_9e0e76
R3,mean_reversion,ETHUSDT,random_search,765570,2022-03-31 00:00:00+00:00,2025-12-09 22:00:00+00:00,32385,15,100,1500,-0.7439147633201972,-0.7874662827189934,537,-0.6525996272887914,-0.42835577847803186,15,-0.2190192992677874,0.24043085765021407,-0.74563556228467,false,false,false,false,artifacts\runs\search_mean_reversion_20260810T163848Z_d99428
R3,mean_reversion,ETHUSDT,random_search,891022,2022-03-31 00:00:00+00:00,2025-12-09 22:00:00+00:00,32385,15,100,1500,-0.7557035470971953,-0.8209003426684613,539,-0.6903832270241183,-0.34376492941843073,15,-0.2190192992677874,0.24043085765021407,-0.74563556228467,false,false,false,false,artifacts\runs\search_mean_reversion_20260810T163541Z_e427ad
R3,volatility_breakout,BTCUSDT,genetic_algorithm,278037,2022-03-31 00:00:00+00:00,2025-12-09 22:00:00+00:00,32385,15,100,1500,-0.28657794681002025,-0.5422984267822932,228,-0.17930200496414256,-0.7067322128210901,15,0.522747844787544,0.4778480838265403,-0.6788115023551706,false,false,false,false,artifacts\runs\search_volatility_breakout_20260810T165249Z_2b3547
R3,volatility_breakout,BTCUSDT,genetic_algorithm,341110,2022-03-31 00:00:00+00:00,2025-12-09 22:00:00+00:00,32385,15,100,1500,-0.04937974791075472,-0.4689896718906891,253,0.0906154376619092,-0.7225840732775367,15,0.522747844787544,0.4778480838265403,-0.6788115023551706,false,false,false,false,artifacts\runs\search_volatility_breakout_20260810T164634Z_5c8ecd
R3,volatility_breakout,BTCUSDT,genetic_algorithm,605142,2022-03-31 00:00:00+00:00,2025-12-09 22:00:00+00:00,32385,15,100,1500,-0.34526973892512447,-0.534644719475057,176,-0.2801138577583769,-0.7828958042368355,15,0.522747844787544,0.4778480838265403,-0.6788115023551706,false,false,false,false,artifacts\runs\search_volatility_breakout_20260810T165117Z_60ee2f
R3,volatility_breakout,BTCUSDT,genetic_algorithm,671194,2022-03-31 00:00:00+00:00,2025-12-09 22:00:00+00:00,32385,15,100,1500,-0.45989483320346924,-0.4988475140240627,300,-0.4398914568711921,-1.0265573973773918,15,0.522747844787544,0.4778480838265403,-0.6788115023551706,false,false,false,false,artifacts\runs\search_volatility_breakout_20260810T165146Z_a01e44
R3,volatility_breakout,BTCUSDT,genetic_algorithm,683778,2022-03-31 00:00:00+00:00,2025-12-09 22:00:00+00:00,32385,15,100,1500,0.5106930126207785,-0.489158765200844,265,0.5151717297900925,-0.05002154163530744,15,0.522747844787544,0.4778480838265403,-0.6788115023551706,true,false,true,false,artifacts\runs\search_volatility_breakout_20260810T164833Z_dd08f2
R3,volatility_breakout,BTCUSDT,genetic_algorithm,692467,2022-03-31 00:00:00+00:00,2025-12-09 22:00:00+00:00,32385,15,100,1500,-0.30628730408817384,-0.5856919714577751,185,-0.17592390679659098,-0.7314445228999784,15,0.522747844787544,0.4778480838265403,-0.6788115023551706,false,false,false,false,artifacts\runs\search_volatility_breakout_20260810T165024Z_7c9c87
R3,volatility_breakout,BTCUSDT,genetic_algorithm,693857,2022-03-31 00:00:00+00:00,2025-12-09 22:00:00+00:00,32385,15,100,1500,-0.21230763487606497,-0.5040409272848067,239,-0.10411576494818849,-0.9956646088550857,15,0.522747844787544,0.4778480838265403,-0.6788115023551706,false,false,false,false,artifacts\runs\search_volatility_breakout_20260810T164734Z_f28272
R3,volatility_breakout,BTCUSDT,genetic_algorithm,707014,2022-03-31 00:00:00+00:00,2025-12-09 22:00:00+00:00,32385,15,100,1500,-0.2781226032107167,-0.4850233285328145,199,-0.12825439607743783,-0.722498487963057,15,0.522747844787544,0.4778480838265403,-0.6788115023551706,false,false,false,false,artifacts\runs\search_volatility_breakout_20260810T165216Z_24a660
R3,volatility_breakout,BTCUSDT,genetic_algorithm,765570,2022-03-31 00:00:00+00:00,2025-12-09 22:00:00+00:00,32385,15,100,1500,-0.5165816351298385,-0.6544212451494216,219,-0.559241170702012,-0.5122949804652566,15,0.522747844787544,0.4778480838265403,-0.6788115023551706,false,false,false,false,artifacts\runs\search_volatility_breakout_20260810T164929Z_914e3a
R3,volatility_breakout,BTCUSDT,genetic_algorithm,891022,2022-03-31 00:00:00+00:00,2025-12-09 22:00:00+00:00,32385,15,100,1500,0.11825378435985878,-0.4733126452686738,222,0.251389929989893,-0.21598173617920455,15,0.522747844787544,0.4778480838265403,-0.6788115023551706,true,false,false,false,artifacts\runs\search_volatility_breakout_20260810T164530Z_807a3b
R3,volatility_breakout,BTCUSDT,random_search,278037,2022-03-31 00:00:00+00:00,2025-12-09 22:00:00+00:00,32385,15,100,1500,-0.4890282937431638,-0.5308585708524405,205,-0.45713745867103317,-1.1818197678829212,15,0.522747844787544,0.4778480838265403,-0.6788115023551706,false,false,false,false,artifacts\runs\search_volatility_breakout_20260810T165249Z_2b3547
R3,volatility_breakout,BTCUSDT,random_search,341110,2022-03-31 00:00:00+00:00,2025-12-09 22:00:00+00:00,32385,15,100,1500,0.05599892196425538,-0.48159571410548707,222,0.21524139709601406,-0.024750727017165318,15,0.522747844787544,0.4778480838265403,-0.6788115023551706,true,false,false,false,artifacts\runs\search_volatility_breakout_20260810T164634Z_5c8ecd
R3,volatility_breakout,BTCUSDT,random_search,605142,2022-03-31 00:00:00+00:00,2025-12-09 22:00:00+00:00,32385,15,100,1500,0.2576845519347035,-0.3239231204922264,191,0.3539721718867366,0.062030775247596814,15,0.522747844787544,0.4778480838265403,-0.6788115023551706,true,false,true,false,artifacts\runs\search_volatility_breakout_20260810T165117Z_60ee2f
R3,volatility_breakout,BTCUSDT,random_search,671194,2022-03-31 00:00:00+00:00,2025-12-09 22:00:00+00:00,32385,15,100,1500,0.07385128226389659,-0.39769850252271555,273,0.21551070298799344,-0.1096162248512569,15,0.522747844787544,0.4778480838265403,-0.6788115023551706,true,false,false,false,artifacts\runs\search_volatility_breakout_20260810T165146Z_a01e44
R3,volatility_breakout,BTCUSDT,random_search,683778,2022-03-31 00:00:00+00:00,2025-12-09 22:00:00+00:00,32385,15,100,1500,-0.12967594466661625,-0.4917252508800861,282,0.05852828214267643,-0.4509621487555175,15,0.522747844787544,0.4778480838265403,-0.6788115023551706,false,false,false,false,artifacts\runs\search_volatility_breakout_20260810T164833Z_dd08f2
R3,volatility_breakout,BTCUSDT,random_search,692467,2022-03-31 00:00:00+00:00,2025-12-09 22:00:00+00:00,32385,15,100,1500,0.12668850865878145,-0.44553039807960737,241,0.26111098037115416,-0.18572173323476882,15,0.522747844787544,0.4778480838265403,-0.6788115023551706,true,false,false,false,artifacts\runs\search_volatility_breakout_20260810T165024Z_7c9c87
R3,volatility_breakout,BTCUSDT,random_search,693857,2022-03-31 00:00:00+00:00,2025-12-09 22:00:00+00:00,32385,15,100,1500,0.823643808866944,-0.35755994533679714,226,0.6555544892578444,-0.1415126190982915,15,0.522747844787544,0.4778480838265403,-0.6788115023551706,true,true,true,false,artifacts\runs\search_volatility_breakout_20260810T164734Z_f28272
R3,volatility_breakout,BTCUSDT,random_search,707014,2022-03-31 00:00:00+00:00,2025-12-09 22:00:00+00:00,32385,15,100,1500,-0.5616836965406273,-0.6803771646667482,231,-0.5367918147804753,-0.5511990903652092,15,0.522747844787544,0.4778480838265403,-0.6788115023551706,false,false,false,false,artifacts\runs\search_volatility_breakout_20260810T165216Z_24a660
R3,volatility_breakout,BTCUSDT,random_search,765570,2022-03-31 00:00:00+00:00,2025-12-09 22:00:00+00:00,32385,15,100,1500,-0.3782427329554586,-0.5174737675679506,237,-0.43916753686871307,-0.25086304543425963,15,0.522747844787544,0.4778480838265403,-0.6788115023551706,false,false,false,false,artifacts\runs\search_volatility_breakout_20260810T164929Z_914e3a
R3,volatility_breakout,BTCUSDT,random_search,891022,2022-03-31 00:00:00+00:00,2025-12-09 22:00:00+00:00,32385,15,100,1500,1.3143728877484486,-0.41891093965044734,350,0.8354792431613381,0.010367897767638409,15,0.522747844787544,0.4778480838265403,-0.6788115023551706,true,true,true,false,artifacts\runs\search_volatility_breakout_20260810T164530Z_807a3b
R3,volatility_breakout,ETHUSDT,genetic_algorithm,278037,2022-03-31 00:00:00+00:00,2025-12-09 22:00:00+00:00,32385,15,100,1500,-0.7726333115077696,-0.8880232043207411,283,-0.6706176034626021,-0.41372941146512127,15,-0.2190192992677874,0.24043085765021407,-0.74563556228467,false,false,false,false,artifacts\runs\search_volatility_breakout_20260810T165814Z_2c8939
R3,volatility_breakout,ETHUSDT,genetic_algorithm,341110,2022-03-31 00:00:00+00:00,2025-12-09 22:00:00+00:00,32385,15,100,1500,0.273960016815066,-0.5594393911728208,278,0.36172308725339086,0.21550040953149102,15,-0.2190192992677874,0.24043085765021407,-0.74563556228467,true,true,true,false,artifacts\runs\search_volatility_breakout_20260810T165350Z_faab89
R3,volatility_breakout,ETHUSDT,genetic_algorithm,605142,2022-03-31 00:00:00+00:00,2025-12-09 22:00:00+00:00,32385,15,100,1500,-0.686266419422491,-0.8323288511964562,325,-0.5921775486297207,-0.2725062326545292,15,-0.2190192992677874,0.24043085765021407,-0.74563556228467,false,false,false,false,artifacts\runs\search_volatility_breakout_20260810T165631Z_298138
R3,volatility_breakout,ETHUSDT,genetic_algorithm,671194,2022-03-31 00:00:00+00:00,2025-12-09 22:00:00+00:00,32385,15,100,1500,-0.791529740826985,-0.8646722764585096,223,-0.7609113204518314,-0.532465959569639,15,-0.2190192992677874,0.24043085765021407,-0.74563556228467,false,false,false,false,artifacts\runs\search_volatility_breakout_20260810T165707Z_969abd
R3,volatility_breakout,ETHUSDT,genetic_algorithm,683778,2022-03-31 00:00:00+00:00,2025-12-09 22:00:00+00:00,32385,15,100,1500,-0.47950621546122574,-0.7234463526157277,255,-0.2698207337433312,-0.21383721990809898,15,-0.2190192992677874,0.24043085765021407,-0.74563556228467,false,false,false,false,artifacts\runs\search_volatility_breakout_20260810T165448Z_e7460d
R3,volatility_breakout,ETHUSDT,genetic_algorithm,692467,2022-03-31 00:00:00+00:00,2025-12-09 22:00:00+00:00,32385,15,100,1500,-0.718045723893813,-0.8037747166869278,309,-0.6938884031757593,-0.6170220008376109,15,-0.2190192992677874,0.24043085765021407,-0.74563556228467,false,false,false,false,artifacts\runs\search_volatility_breakout_20260810T165556Z_413076
R3,volatility_breakout,ETHUSDT,genetic_algorithm,693857,2022-03-31 00:00:00+00:00,2025-12-09 22:00:00+00:00,32385,15,100,1500,0.2760464512384029,-0.4958232529208412,311,0.36297936959796084,0.5793227293360653,15,-0.2190192992677874,0.24043085765021407,-0.74563556228467,true,true,true,false,artifacts\runs\search_volatility_breakout_20260810T165419Z_8c9fa6
R3,volatility_breakout,ETHUSDT,genetic_algorithm,707014,2022-03-31 00:00:00+00:00,2025-12-09 22:00:00+00:00,32385,15,100,1500,-0.7386703840581063,-0.8624685646990345,347,-0.672083001924629,-0.45492014850564916,15,-0.2190192992677874,0.24043085765021407,-0.74563556228467,false,false,false,false,artifacts\runs\search_volatility_breakout_20260810T165743Z_334bd0
R3,volatility_breakout,ETHUSDT,genetic_algorithm,765570,2022-03-31 00:00:00+00:00,2025-12-09 22:00:00+00:00,32385,15,100,1500,0.09501952282092807,-0.4539534346209403,305,0.2526866892458388,0.24706027730524793,15,-0.2190192992677874,0.24043085765021407,-0.74563556228467,true,true,false,false,artifacts\runs\search_volatility_breakout_20260810T165520Z_4dc080
R3,volatility_breakout,ETHUSDT,genetic_algorithm,891022,2022-03-31 00:00:00+00:00,2025-12-09 22:00:00+00:00,32385,15,100,1500,-0.8318427632259557,-0.8974763833485317,295,-0.7738455434956285,-0.6309704546354489,15,-0.2190192992677874,0.24043085765021407,-0.74563556228467,false,false,false,false,artifacts\runs\search_volatility_breakout_20260810T165320Z_1d87b2
R3,volatility_breakout,ETHUSDT,random_search,278037,2022-03-31 00:00:00+00:00,2025-12-09 22:00:00+00:00,32385,15,100,1500,-0.7458290198019665,-0.8923641364992146,261,-0.7112928923009461,-0.7862889320585607,15,-0.2190192992677874,0.24043085765021407,-0.74563556228467,false,false,false,false,artifacts\runs\search_volatility_breakout_20260810T165814Z_2c8939
R3,volatility_breakout,ETHUSDT,random_search,341110,2022-03-31 00:00:00+00:00,2025-12-09 22:00:00+00:00,32385,15,100,1500,-0.8142867994073276,-0.9078929896144265,345,-0.7924042109181065,-0.5661453675879832,15,-0.2190192992677874,0.24043085765021407,-0.74563556228467,false,false,false,false,artifacts\runs\search_volatility_breakout_20260810T165350Z_faab89
R3,volatility_breakout,ETHUSDT,random_search,605142,2022-03-31 00:00:00+00:00,2025-12-09 22:00:00+00:00,32385,15,100,1500,-0.7442694769324811,-0.8110196382053286,310,-0.6859030180132367,-0.9362229475995747,15,-0.2190192992677874,0.24043085765021407,-0.74563556228467,false,false,false,false,artifacts\runs\search_volatility_breakout_20260810T165631Z_298138
R3,volatility_breakout,ETHUSDT,random_search,671194,2022-03-31 00:00:00+00:00,2025-12-09 22:00:00+00:00,32385,15,100,1500,-0.6533479451084838,-0.8144964353978403,306,-0.5135143382208621,-0.07846708567695523,15,-0.2190192992677874,0.24043085765021407,-0.74563556228467,false,false,false,false,artifacts\runs\search_volatility_breakout_20260810T165707Z_969abd
R3,volatility_breakout,ETHUSDT,random_search,683778,2022-03-31 00:00:00+00:00,2025-12-09 22:00:00+00:00,32385,15,100,1500,-0.37283162807241754,-0.6796272361275393,271,-0.11320602368236547,-0.22382295077942346,15,-0.2190192992677874,0.24043085765021407,-0.74563556228467,false,false,false,false,artifacts\runs\search_volatility_breakout_20260810T165448Z_e7460d
R3,volatility_breakout,ETHUSDT,random_search,692467,2022-03-31 00:00:00+00:00,2025-12-09 22:00:00+00:00,32385,15,100,1500,-0.7262153828026401,-0.8602779024298565,290,-0.6388132807368282,-0.4783613800776236,15,-0.2190192992677874,0.24043085765021407,-0.74563556228467,false,false,false,false,artifacts\runs\search_volatility_breakout_20260810T165556Z_413076
R3,volatility_breakout,ETHUSDT,random_search,693857,2022-03-31 00:00:00+00:00,2025-12-09 22:00:00+00:00,32385,15,100,1500,-0.7530852602318072,-0.8624894327954719,275,-0.8330699627385457,-0.5926206945807864,15,-0.2190192992677874,0.24043085765021407,-0.74563556228467,false,false,false,false,artifacts\runs\search_volatility_breakout_20260810T165419Z_8c9fa6
R3,volatility_breakout,ETHUSDT,random_search,707014,2022-03-31 00:00:00+00:00,2025-12-09 22:00:00+00:00,32385,15,100,1500,0.215291208390886,-0.647508750569338,304,0.32953663281543666,0.1271121225969931,15,-0.2190192992677874,0.24043085765021407,-0.74563556228467,true,true,true,false,artifacts\runs\search_volatility_breakout_20260810T165743Z_334bd0
R3,volatility_breakout,ETHUSDT,random_search,765570,2022-03-31 00:00:00+00:00,2025-12-09 22:00:00+00:00,32385,15,100,1500,-0.7857633359386752,-0.8224076567709646,296,-0.7626895301294696,-0.8674956512606113,15,-0.2190192992677874,0.24043085765021407,-0.74563556228467,false,false,false,false,artifacts\runs\search_volatility_breakout_20260810T165520Z_4dc080
R3,volatility_breakout,ETHUSDT,random_search,891022,2022-03-31 00:00:00+00:00,2025-12-09 22:00:00+00:00,32385,15,100,1500,-0.37096608200862635,-0.7015379170063027,315,-0.1395799341453332,0.10415906229323021,15,-0.2190192992677874,0.24043085765021407,-0.74563556228467,false,false,false,false,artifacts\runs\search_volatility_breakout_20260810T165320Z_1d87b2
S3,macro_event_brake,BTCUSDT,genetic_algorithm,278037,2022-03-31 00:00:00+00:00,2025-12-09 22:00:00+00:00,32385,15,100,1500,-0.29864909400762607,-0.5012044958373274,386,-0.21806508712678893,-1.057780094586312,15,0.522747844787544,0.4778480838265403,-0.6788115023551706,false,false,false,false,artifacts\runs\search_macro_event_brake_20260826T165937Z_bc2d4d
S3,macro_event_brake,BTCUSDT,genetic_algorithm,341110,2022-03-31 00:00:00+00:00,2025-12-09 22:00:00+00:00,32385,15,100,1500,-0.3452828834147976,-0.5634892783001307,378,-0.2765597991453639,-1.1410082338755774,15,0.522747844787544,0.4778480838265403,-0.6788115023551706,false,false,false,false,artifacts\runs\search_macro_event_brake_20260826T165111Z_759d00
S3,macro_event_brake,BTCUSDT,genetic_algorithm,605142,2022-03-31 00:00:00+00:00,2025-12-09 22:00:00+00:00,32385,15,100,1500,-0.34604212947021074,-0.5552936288506132,374,-0.28071392152575986,-1.1190540720664106,15,0.522747844787544,0.4778480838265403,-0.6788115023551706,false,false,false,false,artifacts\runs\search_macro_event_brake_20260826T165642Z_327457
S3,macro_event_brake,BTCUSDT,genetic_algorithm,671194,2022-03-31 00:00:00+00:00,2025-12-09 22:00:00+00:00,32385,15,100,1500,-0.33846652358053086,-0.5563541039231233,389,-0.27852047930757595,-1.1258619650780233,15,0.522747844787544,0.4778480838265403,-0.6788115023551706,false,false,false,false,artifacts\runs\search_macro_event_brake_20260826T165752Z_4fefb4
S3,macro_event_brake,BTCUSDT,genetic_algorithm,683778,2022-03-31 00:00:00+00:00,2025-12-09 22:00:00+00:00,32385,15,100,1500,-0.2345780734568793,-0.5265313374892682,370,-0.13327372933301784,-0.9361258997309843,15,0.522747844787544,0.4778480838265403,-0.6788115023551706,false,false,false,false,artifacts\runs\search_macro_event_brake_20260826T165327Z_b4795e
S3,macro_event_brake,BTCUSDT,genetic_algorithm,692467,2022-03-31 00:00:00+00:00,2025-12-09 22:00:00+00:00,32385,15,100,1500,-0.3435895252618555,-0.5057077027295495,404,-0.27255465861396205,-1.1014588417492388,15,0.522747844787544,0.4778480838265403,-0.6788115023551706,false,false,false,false,artifacts\runs\search_macro_event_brake_20260826T165543Z_e55b94
S3,macro_event_brake,BTCUSDT,genetic_algorithm,693857,2022-03-31 00:00:00+00:00,2025-12-09 22:00:00+00:00,32385,15,100,1500,-0.36414542120770044,-0.5690305474344448,382,-0.3054817480236882,-1.156218550935256,15,0.522747844787544,0.4778480838265403,-0.6788115023551706,false,false,false,false,artifacts\runs\search_macro_event_brake_20260826T165203Z_aa9b56
S3,macro_event_brake,BTCUSDT,genetic_algorithm,707014,2022-03-31 00:00:00+00:00,2025-12-09 22:00:00+00:00,32385,15,100,1500,0.05700091123449935,-0.4297583363631432,400,0.19739938068050047,-0.5580213822518424,15,0.522747844787544,0.4778480838265403,-0.6788115023551706,true,false,false,false,artifacts\runs\search_macro_event_brake_20260826T165839Z_e3e159
S3,macro_event_brake,BTCUSDT,genetic_algorithm,765570,2022-03-31 00:00:00+00:00,2025-12-09 22:00:00+00:00,32385,15,100,1500,-0.36241953476960254,-0.605005277575027,377,-0.26747421792175824,-0.9394435979310628,15,0.522747844787544,0.4778480838265403,-0.6788115023551706,false,false,false,false,artifacts\runs\search_macro_event_brake_20260826T165442Z_c6c852
S3,macro_event_brake,BTCUSDT,genetic_algorithm,891022,2022-03-31 00:00:00+00:00,2025-12-09 22:00:00+00:00,32385,15,100,1500,-0.2144673344185729,-0.48457340005982186,384,-0.09642310624128296,-0.9164263402550769,15,0.522747844787544,0.4778480838265403,-0.6788115023551706,false,false,false,false,artifacts\runs\search_macro_event_brake_20260826T165030Z_a96b9f
S3,macro_event_brake,BTCUSDT,random_search,278037,2022-03-31 00:00:00+00:00,2025-12-09 22:00:00+00:00,32385,15,100,1500,-0.4089875611295817,-0.5807105063085503,394,-0.3628404909882578,-1.116375413760069,15,0.522747844787544,0.4778480838265403,-0.6788115023551706,false,false,false,false,artifacts\runs\search_macro_event_brake_20260826T165937Z_bc2d4d
S3,macro_event_brake,BTCUSDT,random_search,341110,2022-03-31 00:00:00+00:00,2025-12-09 22:00:00+00:00,32385,15,100,1500,-0.29464923710579294,-0.538561816974608,358,-0.2056335417272344,-1.062663974059108,15,0.522747844787544,0.4778480838265403,-0.6788115023551706,false,false,false,false,artifacts\runs\search_macro_event_brake_20260826T165111Z_759d00
S3,macro_event_brake,BTCUSDT,random_search,605142,2022-03-31 00:00:00+00:00,2025-12-09 22:00:00+00:00,32385,15,100,1500,-0.2206285498800027,-0.48514910184970417,412,-0.08307348112288801,-0.7694930278815507,15,0.522747844787544,0.4778480838265403,-0.6788115023551706,false,false,false,false,artifacts\runs\search_macro_event_brake_20260826T165642Z_327457
S3,macro_event_brake,BTCUSDT,random_search,671194,2022-03-31 00:00:00+00:00,2025-12-09 22:00:00+00:00,32385,15,100,1500,-0.3278535180113,-0.5151839421050948,386,-0.23918623378495107,-1.00866763213211,15,0.522747844787544,0.4778480838265403,-0.6788115023551706,false,false,false,false,artifacts\runs\search_macro_event_brake_20260826T165752Z_4fefb4
S3,macro_event_brake,BTCUSDT,random_search,683778,2022-03-31 00:00:00+00:00,2025-12-09 22:00:00+00:00,32385,15,100,1500,-0.20021911947108728,-0.45668825159415594,392,-0.08561831904328429,-0.8107547820751428,15,0.522747844787544,0.4778480838265403,-0.6788115023551706,false,false,false,false,artifacts\runs\search_macro_event_brake_20260826T165327Z_b4795e
S3,macro_event_brake,BTCUSDT,random_search,692467,2022-03-31 00:00:00+00:00,2025-12-09 22:00:00+00:00,32385,15,100,1500,-0.19880163463340272,-0.4953188368444972,386,-0.0794208276017225,-0.9420787811345208,15,0.522747844787544,0.4778480838265403,-0.6788115023551706,false,false,false,false,artifacts\runs\search_macro_event_brake_20260826T165543Z_e55b94
S3,macro_event_brake,BTCUSDT,random_search,693857,2022-03-31 00:00:00+00:00,2025-12-09 22:00:00+00:00,32385,15,100,1500,-0.42366662206796346,-0.5955696062959084,359,-0.4040925708069274,-1.2084030266183192,15,0.522747844787544,0.4778480838265403,-0.6788115023551706,false,false,false,false,artifacts\runs\search_macro_event_brake_20260826T165203Z_aa9b56
S3,macro_event_brake,BTCUSDT,random_search,707014,2022-03-31 00:00:00+00:00,2025-12-09 22:00:00+00:00,32385,15,100,1500,-0.25752379228637057,-0.5347306143033296,385,-0.16115019847338502,-1.0117473131600356,15,0.522747844787544,0.4778480838265403,-0.6788115023551706,false,false,false,false,artifacts\runs\search_macro_event_brake_20260826T165839Z_e3e159
S3,macro_event_brake,BTCUSDT,random_search,765570,2022-03-31 00:00:00+00:00,2025-12-09 22:00:00+00:00,32385,15,100,1500,-0.39797912146751113,-0.6011130548039904,389,-0.33126380149533036,-1.0108348651692796,15,0.522747844787544,0.4778480838265403,-0.6788115023551706,false,false,false,false,artifacts\runs\search_macro_event_brake_20260826T165442Z_c6c852
S3,macro_event_brake,BTCUSDT,random_search,891022,2022-03-31 00:00:00+00:00,2025-12-09 22:00:00+00:00,32385,15,100,1500,-0.3194565137260409,-0.5006373242882466,373,-0.21950361653021708,-0.9611017992289429,15,0.522747844787544,0.4778480838265403,-0.6788115023551706,false,false,false,false,artifacts\runs\search_macro_event_brake_20260826T165030Z_a96b9f
S3,macro_event_brake,ETHUSDT,genetic_algorithm,278037,2022-03-31 00:00:00+00:00,2025-12-09 22:00:00+00:00,32385,15,100,1500,-0.613370201847334,-0.7172478041551291,406,-0.45583101795932995,-0.8041564706770827,15,-0.2190192992677874,0.24043085765021407,-0.74563556228467,false,false,false,false,artifacts\runs\search_macro_event_brake_20260826T170933Z_1c153d
S3,macro_event_brake,ETHUSDT,genetic_algorithm,341110,2022-03-31 00:00:00+00:00,2025-12-09 22:00:00+00:00,32385,15,100,1500,-0.5457806395666471,-0.6788164307821185,419,-0.34451144919994986,-0.6697349326304816,15,-0.2190192992677874,0.24043085765021407,-0.74563556228467,false,false,false,false,artifacts\runs\search_macro_event_brake_20260826T170143Z_5f1278
S3,macro_event_brake,ETHUSDT,genetic_algorithm,605142,2022-03-31 00:00:00+00:00,2025-12-09 22:00:00+00:00,32385,15,100,1500,-0.6509695760359409,-0.7298750569840067,443,-0.5297348410843267,-0.7450715285982976,15,-0.2190192992677874,0.24043085765021407,-0.74563556228467,false,false,false,false,artifacts\runs\search_macro_event_brake_20260826T170726Z_b94aa6
S3,macro_event_brake,ETHUSDT,genetic_algorithm,671194,2022-03-31 00:00:00+00:00,2025-12-09 22:00:00+00:00,32385,15,100,1500,-0.5079963843587467,-0.678049737369474,409,-0.30328247538284175,-0.5905430969367401,15,-0.2190192992677874,0.24043085765021407,-0.74563556228467,false,false,false,false,artifacts\runs\search_macro_event_brake_20260826T170811Z_0dd983
S3,macro_event_brake,ETHUSDT,genetic_algorithm,683778,2022-03-31 00:00:00+00:00,2025-12-09 22:00:00+00:00,32385,15,100,1500,-0.6427242517833283,-0.7264761114538162,424,-0.5131299976768702,-0.7820288693437383,15,-0.2190192992677874,0.24043085765021407,-0.74563556228467,false,false,false,false,artifacts\runs\search_macro_event_brake_20260826T170427Z_d8e8a9
S3,macro_event_brake,ETHUSDT,genetic_algorithm,692467,2022-03-31 00:00:00+00:00,2025-12-09 22:00:00+00:00,32385,15,100,1500,-0.6690492269302486,-0.7617499650475655,436,-0.5916719331692156,-0.7003623557995184,15,-0.2190192992677874,0.24043085765021407,-0.74563556228467,false,false,false,false,artifacts\runs\search_macro_event_brake_20260826T170630Z_ff3fa8
S3,macro_event_brake,ETHUSDT,genetic_algorithm,693857,2022-03-31 00:00:00+00:00,2025-12-09 22:00:00+00:00,32385,15,100,1500,-0.5347093582072466,-0.6928877635241006,414,-0.33329007488319873,-0.6216921248541183,15,-0.2190192992677874,0.24043085765021407,-0.74563556228467,false,false,false,false,artifacts\runs\search_macro_event_brake_20260826T170304Z_f36024
S3,macro_event_brake,ETHUSDT,genetic_algorithm,707014,2022-03-31 00:00:00+00:00,2025-12-09 22:00:00+00:00,32385,15,100,1500,-0.6224688703799584,-0.6893982502924565,433,-0.46946117730359693,-0.7283275177822987,15,-0.2190192992677874,0.24043085765021407,-0.74563556228467,false,false,false,false,artifacts\runs\search_macro_event_brake_20260826T170851Z_2a3083
S3,macro_event_brake,ETHUSDT,genetic_algorithm,765570,2022-03-31 00:00:00+00:00,2025-12-09 22:00:00+00:00,32385,15,100,1500,-0.5654290298536531,-0.7226871235864727,430,-0.37183643707821334,-0.5860012030722871,15,-0.2190192992677874,0.24043085765021407,-0.74563556228467,false,false,false,false,artifacts\runs\search_macro_event_brake_20260826T170536Z_837103
S3,macro_event_brake,ETHUSDT,genetic_algorithm,891022,2022-03-31 00:00:00+00:00,2025-12-09 22:00:00+00:00,32385,15,100,1500,-0.6426741397784003,-0.7174320858309293,406,-0.5657610999445648,-0.7351445798736955,15,-0.2190192992677874,0.24043085765021407,-0.74563556228467,false,false,false,false,artifacts\runs\search_macro_event_brake_20260826T170037Z_157071
S3,macro_event_brake,ETHUSDT,random_search,278037,2022-03-31 00:00:00+00:00,2025-12-09 22:00:00+00:00,32385,15,100,1500,-0.5175367951929865,-0.7059621267026271,439,-0.30418287121091553,-0.5842938651608057,15,-0.2190192992677874,0.24043085765021407,-0.74563556228467,false,false,false,false,artifacts\runs\search_macro_event_brake_20260826T170933Z_1c153d
S3,macro_event_brake,ETHUSDT,random_search,341110,2022-03-31 00:00:00+00:00,2025-12-09 22:00:00+00:00,32385,15,100,1500,-0.4870503200770686,-0.7452123331360054,401,-0.32054290039739847,-0.6122829534736208,15,-0.2190192992677874,0.24043085765021407,-0.74563556228467,false,false,false,false,artifacts\runs\search_macro_event_brake_20260826T170143Z_5f1278
S3,macro_event_brake,ETHUSDT,random_search,605142,2022-03-31 00:00:00+00:00,2025-12-09 22:00:00+00:00,32385,15,100,1500,-0.7565270732472889,-0.8261919375754672,418,-0.858103531949967,-0.9868381607647279,15,-0.2190192992677874,0.24043085765021407,-0.74563556228467,false,false,false,false,artifacts\runs\search_macro_event_brake_20260826T170726Z_b94aa6
S3,macro_event_brake,ETHUSDT,random_search,671194,2022-03-31 00:00:00+00:00,2025-12-09 22:00:00+00:00,32385,15,100,1500,-0.6538956038306358,-0.7102194423133139,442,-0.5421334053871458,-0.7225485608263462,15,-0.2190192992677874,0.24043085765021407,-0.74563556228467,false,false,false,false,artifacts\runs\search_macro_event_brake_20260826T170811Z_0dd983
S3,macro_event_brake,ETHUSDT,random_search,683778,2022-03-31 00:00:00+00:00,2025-12-09 22:00:00+00:00,32385,15,100,1500,-0.27302427396979545,-0.6887120528950438,413,-0.031825828758570096,-0.4176388471563674,15,-0.2190192992677874,0.24043085765021407,-0.74563556228467,false,false,false,false,artifacts\runs\search_macro_event_brake_20260826T170427Z_d8e8a9
S3,macro_event_brake,ETHUSDT,random_search,692467,2022-03-31 00:00:00+00:00,2025-12-09 22:00:00+00:00,32385,15,100,1500,-0.7606896135034384,-0.8124395838609908,406,-0.8480656751417183,-1.035838604159835,15,-0.2190192992677874,0.24043085765021407,-0.74563556228467,false,false,false,false,artifacts\runs\search_macro_event_brake_20260826T170630Z_ff3fa8
S3,macro_event_brake,ETHUSDT,random_search,693857,2022-03-31 00:00:00+00:00,2025-12-09 22:00:00+00:00,32385,15,100,1500,-0.5006056506585308,-0.7158779693177271,415,-0.3251741057005696,-0.5753124108906593,15,-0.2190192992677874,0.24043085765021407,-0.74563556228467,false,false,false,false,artifacts\runs\search_macro_event_brake_20260826T170304Z_f36024
S3,macro_event_brake,ETHUSDT,random_search,707014,2022-03-31 00:00:00+00:00,2025-12-09 22:00:00+00:00,32385,15,100,1500,-0.46461138732836793,-0.6623304068079827,434,-0.23253191452905414,-0.5723825150317812,15,-0.2190192992677874,0.24043085765021407,-0.74563556228467,false,false,false,false,artifacts\runs\search_macro_event_brake_20260826T170851Z_2a3083
S3,macro_event_brake,ETHUSDT,random_search,765570,2022-03-31 00:00:00+00:00,2025-12-09 22:00:00+00:00,32385,15,100,1500,-0.5743237074084164,-0.6902088664050503,422,-0.38808246186170353,-0.7098494282685727,15,-0.2190192992677874,0.24043085765021407,-0.74563556228467,false,false,false,false,artifacts\runs\search_macro_event_brake_20260826T170536Z_837103
S3,macro_event_brake,ETHUSDT,random_search,891022,2022-03-31 00:00:00+00:00,2025-12-09 22:00:00+00:00,32385,15,100,1500,-0.5044691612561508,-0.6361022979065816,428,-0.28840143905982996,-0.5732637400940227,15,-0.2190192992677874,0.24043085765021407,-0.74563556228467,false,false,false,false,artifacts\runs\search_macro_event_brake_20260826T170037Z_157071
