round,family,symbol,seed,scenario,n_bars,total_return,sharpe,ann_volatility,max_drawdown,ci_low,ci_high,ci_excludes_zero,bh_total_return,beats_bh,positive
R2,momentum,BTCUSDT,278037,taker_4_1,32385,-0.1460407400985606,0.018560265100240354,0.3113262548195387,-0.4319370496653955,-0.011645711617748739,0.01239237087225758,False,0.522747844787544,False,False
R2,momentum,BTCUSDT,278037,maker_2_1,32385,-0.04092862566852462,0.11937355630765135,0.31125643358455135,-0.40147455316940706,-0.010457982276753238,0.013468583954225774,False,0.5230520209126748,False,False
R2,momentum,BTCUSDT,278037,no_fees,32385,0.14143256477476274,0.2706418526125998,0.311193634522387,-0.3641374962663513,-0.00868006986085729,0.015009069642419364,False,0.5235082851004165,False,True
R2,momentum,BTCUSDT,278037,gross,32385,0.21625199723337984,0.3258252112944986,0.3112210246553595,-0.35635878307614555,-0.008118756043526514,0.0156110548441898,False,1.0065896149726061,False,True
R2,momentum,BTCUSDT,341110,taker_4_1,32385,-0.3454353467544663,-0.2261274084017946,0.30333329384001234,-0.53900738085811,-0.014779987242362307,0.01044576546864865,False,0.522747844787544,False,False
R2,momentum,BTCUSDT,341110,maker_2_1,32385,-0.26560794272563204,-0.1236023333725259,0.3032707928445974,-0.5158395794128127,-0.013605881949967936,0.011502179731957742,False,0.5230520209126748,False,False
R2,momentum,BTCUSDT,341110,no_fees,32385,-0.1272897728343595,0.030260301692141188,0.30321949272222826,-0.4852374905636576,-0.011866630176662852,0.013125061878799589,False,0.5235082851004165,False,False
R2,momentum,BTCUSDT,341110,gross,32385,-0.0696257974021719,0.0873483856924802,0.3032370199671311,-0.48316438618716995,-0.011235146943853573,0.013701166028735993,False,1.0065896149726061,False,False
R2,momentum,BTCUSDT,605142,taker_4_1,32385,-0.4114161102848267,-0.33510973365773566,0.2965383841043631,-0.5942391106326772,-0.015744188344376638,0.010523954168418422,False,0.522747844787544,False,False
R2,momentum,BTCUSDT,605142,maker_2_1,32385,-0.32950909442606924,-0.21640225525874218,0.29645888738046805,-0.5746126071968156,-0.014404108266304895,0.011650981258694074,False,0.5230520209126748,False,False
R2,momentum,BTCUSDT,605142,no_fees,32385,-0.1848327152817928,-0.03821553454667821,0.29638683093597135,-0.5514519613212853,-0.012398405662979676,0.013320808434508403,False,0.5235082851004165,False,False
R2,momentum,BTCUSDT,605142,gross,32385,-0.13829108013863578,0.012489295094529783,0.29642165685057775,-0.5487182604607295,-0.011777536115957622,0.013967818226120633,False,1.0065896149726061,False,False
R2,momentum,BTCUSDT,671194,taker_4_1,32385,-0.16787119244936055,0.0022203751381893815,0.3174546765663123,-0.44024630141468357,-0.012294152074742886,0.013193857164355732,False,0.522747844787544,False,False
R2,momentum,BTCUSDT,671194,maker_2_1,32385,-0.05718586892209965,0.10858282045004898,0.31738648144695963,-0.41598609498730765,-0.0110390714207391,0.014283300401166136,False,0.5230520209126748,False,False
R2,momentum,BTCUSDT,671194,no_fees,32385,0.13698989444692278,0.26817516885297776,0.3173280210003321,-0.3844792690358043,-0.009153918750263038,0.015915955973508967,False,0.5235082851004165,False,True
R2,momentum,BTCUSDT,671194,gross,32385,0.22005954027502694,0.32828085693408093,0.31734372337831734,-0.37533854338825434,-0.00858249418442496,0.01663684205470251,False,1.0065896149726061,False,True
R2,momentum,BTCUSDT,683778,taker_4_1,32385,-0.2018780802122676,-0.03741898511037756,0.31378828150055516,-0.4514598798988366,-0.011822261818194436,0.012340266308375012,False,0.522747844787544,False,False
R2,momentum,BTCUSDT,683778,maker_2_1,32385,-0.09045555397607519,0.0751789948792067,0.31371909587802455,-0.42446943256891034,-0.010580546270025673,0.013434725075101588,False,0.5230520209126748,False,False
R2,momentum,BTCUSDT,683778,no_fees,32385,0.1064526510329129,0.24413409834608862,0.3136602990937981,-0.38148471804232775,-0.008734627127088139,0.015119653393437857,False,0.5235082851004165,False,True
R2,momentum,BTCUSDT,683778,gross,32385,0.18976759864150394,0.3067404256478929,0.31368138719678185,-0.372011790855876,-0.008039053824455397,0.015645486759086828,False,1.0065896149726061,False,True
R2,momentum,BTCUSDT,692467,taker_4_1,32385,-0.38574595129749345,-0.29519539592289473,0.2970322298318464,-0.5117991884738831,-0.015191739857169198,0.009855382994869327,False,0.522747844787544,False,False
R2,momentum,BTCUSDT,692467,maker_2_1,32385,-0.31097896280380444,-0.19068686651507855,0.29697720070230027,-0.4703617279715707,-0.013926459728543769,0.010913892874631285,False,0.5230520209126748,False,False
R2,momentum,BTCUSDT,692467,no_fees,32385,-0.1814603291344996,-0.03384687161646507,0.29693466664008605,-0.43658733312416675,-0.01206671841911132,0.012386405669475338,False,0.5235082851004165,False,False
R2,momentum,BTCUSDT,692467,gross,32385,-0.1418499410708881,0.009227210312204914,0.29696268083953425,-0.4332415537845231,-0.011623420764756394,0.01273913567121402,False,1.0065896149726061,False,False
R2,momentum,BTCUSDT,693857,taker_4_1,32385,-0.35507232413161816,-0.2471121256491645,0.29903737152979454,-0.5636300997866017,-0.015601821519900432,0.00982251485093455,False,0.522747844787544,False,False
R2,momentum,BTCUSDT,693857,maker_2_1,32385,-0.27278376393696313,-0.13860031119417035,0.2989624495968795,-0.5457166733971147,-0.014398633429355821,0.01095424213626472,False,0.5230520209126748,False,False
R2,momentum,BTCUSDT,693857,no_fees,32385,-0.12929600251725837,0.024265796709831592,0.29889475725368225,-0.5183712069838841,-0.012635600215167998,0.01268370094586213,False,0.5235082851004165,False,False
R2,momentum,BTCUSDT,693857,gross,32385,-0.07547967019152046,0.07855807859377896,0.2989216376661181,-0.5156905575820292,-0.012048218303271014,0.013373481437172761,False,1.0065896149726061,False,False
R2,momentum,BTCUSDT,707014,taker_4_1,32385,-0.5884323164343885,-0.6263687244116882,0.3077068807207494,-0.6347329428553743,-0.019452163270124643,0.006075284460180278,False,0.522747844787544,False,False
R2,momentum,BTCUSDT,707014,maker_2_1,32385,-0.5341518346488265,-0.5176601601778003,0.3076354399341726,-0.5884594014857103,-0.018224156208194047,0.0072038592014613155,False,0.5230520209126748,False,False
R2,momentum,BTCUSDT,707014,no_fees,32385,-0.4390472581818773,-0.3544504025154134,0.3075735771589535,-0.5094672225860672,-0.01633359803083461,0.008905868619966928,False,0.5235082851004165,False,False
R2,momentum,BTCUSDT,707014,gross,32385,-0.40796809920084975,-0.3070415602062484,0.3075681618903245,-0.4825011506296315,-0.015891543857922477,0.009452349760462806,False,1.0065896149726061,False,False
R2,momentum,BTCUSDT,765570,taker_4_1,32385,-0.45675141063566116,-0.46790672546872014,0.27301554261609434,-0.567220143525933,-0.016748319951051152,0.007374420516550871,False,0.522747844787544,False,False
R2,momentum,BTCUSDT,765570,maker_2_1,32385,-0.39645515165224465,-0.36374365863639846,0.2729660547740405,-0.5311476603845207,-0.015647038614136844,0.008394121430945737,False,0.5230520209126748,False,False
R2,momentum,BTCUSDT,765570,no_fees,32385,-0.2932614009842095,-0.2073990002876327,0.27293027313432117,-0.47133979956666283,-0.013927434885924074,0.00994492417287979,False,0.5235082851004165,False,False
R2,momentum,BTCUSDT,765570,gross,32385,-0.25084769062099854,-0.14962978682852673,0.27293723638289186,-0.4597206057927785,-0.013442177471978596,0.010654436221406166,False,1.0065896149726061,False,False
R2,momentum,BTCUSDT,891022,taker_4_1,32385,-0.16594767064794003,0.00040628575091735536,0.3135923981103987,-0.5166351580074775,-0.012849851511883253,0.013171423562039384,False,0.522747844787544,False,False
R2,momentum,BTCUSDT,891022,maker_2_1,32385,-0.05085268066250703,0.11187056349618794,0.313535916176971,-0.49518250526492813,-0.011624891758894734,0.01417793824268638,False,0.5230520209126748,False,False
R2,momentum,BTCUSDT,891022,no_fees,32385,0.15218376030331915,0.27910352655357784,0.3134947377539117,-0.4677707767423589,-0.009756279106396506,0.015690546892418732,False,0.5235082851004165,False,True
R2,momentum,BTCUSDT,891022,gross,32385,0.23088603018861265,0.33611410058232516,0.31348543553219593,-0.4624584454467052,-0.009149470822937506,0.01645546482808233,False,1.0065896149726061,False,True
R2,momentum,ETHUSDT,278037,taker_4_1,32385,-0.37937115477070593,-0.19268624271257917,0.3508708889529784,-0.5517290275124493,-0.012993520341621285,0.007465423794714761,False,-0.2190192992677874,False,False
R2,momentum,ETHUSDT,278037,maker_2_1,32385,-0.3268513758196566,-0.13009554495349235,0.3508479139768634,-0.5347140763706479,-0.01224606448999691,0.00809042418819196,False,-0.21886363421170063,False,False
R2,momentum,ETHUSDT,278037,no_fees,32385,-0.23964540831154457,-0.03619172324847431,0.35083674850208324,-0.512638232517779,-0.011161063828663258,0.00905380186134378,False,-0.21863013662755293,False,False
R2,momentum,ETHUSDT,278037,gross,32385,-0.1829023640009385,0.019349046141816175,0.35089280621011354,-0.5047295136943903,-0.010635509561734806,0.009670966223485709,False,0.009306446361522447,False,False
R2,momentum,ETHUSDT,341110,taker_4_1,32385,-0.4667740595095743,-0.2814754293008045,0.3663186931508149,-0.5643630409385771,-0.014028354317177312,0.006298495592829765,False,-0.2190192992677874,False,False
R2,momentum,ETHUSDT,341110,maker_2_1,32385,-0.41173712876665713,-0.2089736007625796,0.3663000648617622,-0.5278775639009126,-0.013216697517169666,0.0070542399502629555,False,-0.21886363421170063,False,False
R2,momentum,ETHUSDT,341110,no_fees,32385,-0.3183751186800131,-0.10019958258830326,0.366299346892726,-0.4963125029345151,-0.011998337190671744,0.008188207654730469,False,-0.21863013662755293,False,False
R2,momentum,ETHUSDT,341110,gross,32385,-0.2571249578866297,-0.03660429127274217,0.366351379442096,-0.486759809861844,-0.011369894122547209,0.008942886797641112,False,0.009306446361522447,False,False
R2,momentum,ETHUSDT,605142,taker_4_1,32385,-0.3103065686381352,-0.09666640915276536,0.3622327999305736,-0.5481665298296314,-0.011895332237939418,0.008509352330342071,False,-0.2190192992677874,False,False
R2,momentum,ETHUSDT,605142,maker_2_1,32385,-0.24338329297250394,-0.02751820302996215,0.3622275587160848,-0.5340273722544497,-0.01114778875758386,0.00925498267301748,False,-0.21886363421170063,False,False
R2,momentum,ETHUSDT,605142,no_fees,32385,-0.1306581199807918,0.07620248087153328,0.3622452575659005,-0.5122525859487861,-0.00999467665527291,0.01038777408730353,False,-0.21863013662755293,True,False
R2,momentum,ETHUSDT,605142,gross,32385,-0.059871024114310445,0.13468396747747113,0.36229539210463646,-0.5045500983339771,-0.009453087528742497,0.011036209652073277,False,0.009306446361522447,False,False
R2,momentum,ETHUSDT,671194,taker_4_1,32385,-0.4763811640477845,-0.36761925988439825,0.32897939787499647,-0.6795958757778695,-0.016308714778577964,0.006180997891110919,False,-0.2190192992677874,False,False
R2,momentum,ETHUSDT,671194,maker_2_1,32385,-0.43378578612203966,-0.3033250332532864,0.32897517817193966,-0.6688347755186896,-0.015562987903210415,0.006810128249305417,False,-0.21886363421170063,False,False
R2,momentum,ETHUSDT,671194,no_fees,32385,-0.3633273040932453,-0.20686554360441037,0.32899279316611474,-0.6553105784576796,-0.014443004119871929,0.007792845592937228,False,-0.21863013662755293,False,False
R2,momentum,ETHUSDT,671194,gross,32385,-0.3217958768316571,-0.1548753675027526,0.3290181459278,-0.6476348510645851,-0.013709283466585688,0.008353663531520355,False,0.009306446361522447,False,False
R2,momentum,ETHUSDT,683778,taker_4_1,32385,-0.5051296353815018,-0.3535453045977303,0.35761908993049296,-0.6052848278355074,-0.014692945348665117,0.0056764357100460355,False,-0.2190192992677874,False,False
R2,momentum,ETHUSDT,683778,maker_2_1,32385,-0.4573272363448466,-0.2838114950939949,0.3576136186552535,-0.5710314344469021,-0.013952161244106046,0.006385632951279791,False,-0.21886363421170063,False,False
R2,momentum,ETHUSDT,683778,no_fees,32385,-0.37684997297608513,-0.1791936342174621,0.3576316458003904,-0.5487734880881314,-0.01280632838416188,0.007449105426092921,False,-0.21863013662755293,False,False
R2,momentum,ETHUSDT,683778,gross,32385,-0.32981267919715396,-0.12411888615533166,0.3576608945916927,-0.5385058434834207,-0.012241027029766694,0.008056552434005363,False,0.009306446361522447,False,False
R2,momentum,ETHUSDT,692467,taker_4_1,32385,-0.38151694880114206,-0.18387590933425235,0.358337056304449,-0.5678164659679074,-0.012839282867987628,0.007413779509626838,False,-0.2190192992677874,False,False
R2,momentum,ETHUSDT,692467,maker_2_1,32385,-0.31890530267256334,-0.11111376028908342,0.35831544311358743,-0.5495569680434411,-0.012021654800181926,0.008225001281946689,False,-0.21886363421170063,False,False
R2,momentum,ETHUSDT,692467,no_fees,32385,-0.21293366411580972,-0.0019539301237341882,0.35830990693362336,-0.525661572690884,-0.010794432611422655,0.009395354804462946,False,-0.21863013662755293,True,False
R2,momentum,ETHUSDT,692467,gross,32385,-0.1490574357200043,0.05700428928485889,0.3583745365915168,-0.5178806641508962,-0.01016293384851597,0.010036896528248867,False,0.009306446361522447,False,False
R2,momentum,ETHUSDT,693857,taker_4_1,32385,-0.5183416881683598,-0.3634148585954673,0.3628572424187172,-0.5991825679373056,-0.014112864493497766,0.00573419910075295,False,-0.2190192992677874,False,False
R2,momentum,ETHUSDT,693857,maker_2_1,32385,-0.470312436778039,-0.29262509138433596,0.36282135260265413,-0.5632473418934223,-0.013311164807944267,0.006467071679504939,False,-0.21886363421170063,False,False
R2,momentum,ETHUSDT,693857,no_fees,32385,-0.3891630503729656,-0.18640067461569654,0.36279379689673347,-0.5051487496180362,-0.012184442303161246,0.007485930943925882,False,-0.21863013662755293,False,False
R2,momentum,ETHUSDT,693857,gross,32385,-0.33657911071621727,-0.12476343125393723,0.3628471369275211,-0.49580635907192716,-0.011461375255539372,0.008266172399735629,False,0.009306446361522447,False,False
R2,momentum,ETHUSDT,707014,taker_4_1,32385,-0.5561323303259571,-0.4330170318072827,0.3588762435819417,-0.6234758226771198,-0.014612849345482352,0.004690519343056026,False,-0.2190192992677874,False,False
R2,momentum,ETHUSDT,707014,maker_2_1,32385,-0.5133204076177249,-0.3637317956649141,0.35881914134138554,-0.5931480947219668,-0.013797863017616955,0.005388166156858187,False,-0.21886363421170063,False,False
R2,momentum,ETHUSDT,707014,no_fees,32385,-0.44125648258647276,-0.2597439464741366,0.3587592284230223,-0.5430948161452012,-0.012611224490314796,0.006364877764209994,False,-0.21863013662755293,False,False
R2,momentum,ETHUSDT,707014,gross,32385,-0.3943283377356389,-0.19886072284253636,0.3588120532406055,-0.5190277250360025,-0.01203773966795027,0.007065081168381009,False,0.009306446361522447,False,False
R2,momentum,ETHUSDT,765570,taker_4_1,32385,-0.4742960131020848,-0.2881218348520992,0.36845063053157373,-0.5935865676377388,-0.013882651256691341,0.006332044562618218,False,-0.2190192992677874,False,False
R2,momentum,ETHUSDT,765570,maker_2_1,32385,-0.42327240997757243,-0.2201525897504722,0.36842982074505465,-0.5618312357700119,-0.01311707758783791,0.007017526202481328,False,-0.21886363421170063,False,False
R2,momentum,ETHUSDT,765570,no_fees,32385,-0.33732655519645693,-0.11817612181468704,0.36842417652132703,-0.5361985447554444,-0.011967459466944386,0.008131541256249928,False,-0.21863013662755293,False,False
R2,momentum,ETHUSDT,765570,gross,32385,-0.2800989278183328,-0.057307431170445185,0.3684750592318341,-0.5288470824526752,-0.011420803030763071,0.008880724802100951,False,0.009306446361522447,False,False
R2,momentum,ETHUSDT,891022,taker_4_1,32385,-0.6763656303442,-0.7116734818953292,0.34513047489735643,-0.712418879288523,-0.01923904354955499,0.00327729565030891,False,-0.2190192992677874,False,False
R2,momentum,ETHUSDT,891022,maker_2_1,32385,-0.6431712587426024,-0.6352325426112284,0.3451017092659221,-0.6862677969053236,-0.01835666488678319,0.004054876053050567,False,-0.21886363421170063,False,False
R2,momentum,ETHUSDT,891022,no_fees,32385,-0.586903315384705,-0.5205046170305744,0.3450868148841903,-0.6553847586570275,-0.017039043966855016,0.0052012976132594585,False,-0.21863013662755293,False,False
R2,momentum,ETHUSDT,891022,gross,32385,-0.5522056556498113,-0.4572201582293257,0.3451171814264594,-0.6492558227091111,-0.01620452636380407,0.005970289158145701,False,0.009306446361522447,False,False
R3,BTC_ETH_confirmation,BTCUSDT,278037,taker_4_1,32385,-0.7590403739631656,-0.8126007494530537,0.38321601366453867,-0.8153390174607346,-0.01843835684837506,0.000843424908616688,False,0.522747844787544,False,False
R3,BTC_ETH_confirmation,BTCUSDT,278037,maker_2_1,32385,-0.7118149591937657,-0.6865964509711547,0.3831027764377316,-0.7839891761643596,-0.017126398760500507,0.00224108189205428,False,0.5230520209126748,False,False
R3,BTC_ETH_confirmation,BTCUSDT,278037,no_fees,32385,-0.6231008523158317,-0.49737402667831176,0.3829916251582549,-0.7288750589857735,-0.01520749028638321,0.004246373743019716,False,0.5235082851004165,False,False
R3,BTC_ETH_confirmation,BTCUSDT,278037,gross,32385,-0.6075425334714363,-0.4688531537617827,0.3829711370171703,-0.722345050702385,-0.014950593026372841,0.004535111126299856,False,1.0065896149726061,False,False
R3,BTC_ETH_confirmation,BTCUSDT,341110,taker_4_1,32385,-0.6122707218600763,-0.44184711710243557,0.39940537358701594,-0.79040834479155,-0.01630966450287766,0.006265376019733945,False,0.522747844787544,False,False
R3,BTC_ETH_confirmation,BTCUSDT,341110,maker_2_1,32385,-0.5171864216018128,-0.2934519985007352,0.3993275833661157,-0.7789535619029089,-0.014695248181827051,0.008004536011663491,False,0.5230520209126748,False,False
R3,BTC_ETH_confirmation,BTCUSDT,341110,no_fees,32385,-0.32918284523566543,-0.07073696132453872,0.3992894753647636,-0.7605936994467303,-0.0121413980993416,0.01054802893093897,False,0.5235082851004165,False,False
R3,BTC_ETH_confirmation,BTCUSDT,341110,gross,32385,-0.27024638334156903,-0.013706347864688818,0.3992750879989448,-0.7625006125710931,-0.011646968862469624,0.011410802306476725,False,1.0065896149726061,False,False
R3,BTC_ETH_confirmation,BTCUSDT,605142,taker_4_1,32385,-0.6479617415244742,-0.5414937033175334,0.38473740138051,-0.7271842451616242,-0.016599372263544507,0.004825939091836804,False,0.522747844787544,False,False
R3,BTC_ETH_confirmation,BTCUSDT,605142,maker_2_1,32385,-0.5426315613789318,-0.3576628997677439,0.38463936700199647,-0.6773577290126358,-0.014611586068722367,0.0067618741428843564,False,0.5230520209126748,False,False
R3,BTC_ETH_confirmation,BTCUSDT,605142,no_fees,32385,-0.32279344616883554,-0.08172105277800992,0.3845858188444779,-0.59511075267265,-0.01177244246551147,0.009907039354611626,False,0.5235082851004165,False,False
R3,BTC_ETH_confirmation,BTCUSDT,605142,gross,32385,-0.2635661864705673,-0.022768421124878712,0.3845716826618837,-0.5920680830200593,-0.011206734662975585,0.010637773763804297,False,1.0065896149726061,False,False
R3,BTC_ETH_confirmation,BTCUSDT,671194,taker_4_1,32385,-0.6678093984241511,-0.5557180362532953,0.395519397918277,-0.835194130593528,-0.016664753111068707,0.00423892041368292,False,0.522747844787544,False,False
R3,BTC_ETH_confirmation,BTCUSDT,671194,maker_2_1,32385,-0.6070861480679473,-0.4410160157281107,0.39546886108971324,-0.808890614575766,-0.015473931400293012,0.005416942472845747,False,0.5230520209126748,False,False
R3,BTC_ETH_confirmation,BTCUSDT,671194,no_fees,32385,-0.4946075646009569,-0.2688728033882144,0.395444826137489,-0.7613751589735942,-0.013601033251403254,0.007253251171531687,False,0.5235082851004165,False,False
R3,BTC_ETH_confirmation,BTCUSDT,671194,gross,32385,-0.46041417565534126,-0.22411986738415982,0.39542817827112176,-0.759098815162556,-0.013223080468053686,0.007837990649913612,False,1.0065896149726061,False,False
R3,BTC_ETH_confirmation,BTCUSDT,683778,taker_4_1,32385,0.0293371142221186,0.2154049659253097,0.3907238566099752,-0.5157941207311878,-0.008626596954149681,0.012737099820380548,False,0.522747844787544,False,True
R3,BTC_ETH_confirmation,BTCUSDT,683778,maker_2_1,32385,0.24641238971906287,0.34786527954011665,0.39061851152116256,-0.486224655320612,-0.007201170595046804,0.014192819107749548,False,0.5230520209126748,False,True
R3,BTC_ETH_confirmation,BTCUSDT,683778,no_fees,32385,0.6606386766001329,0.5465964712398979,0.3905271383229096,-0.4441836968914926,-0.005001456900136775,0.016497841506132996,False,0.5235082851004165,True,True
R3,BTC_ETH_confirmation,BTCUSDT,683778,gross,32385,0.8004076863716771,0.6025745563251134,0.3905154680862356,-0.445565706199183,-0.004500984559460193,0.017159563797568687,False,1.0065896149726061,False,True
R3,BTC_ETH_confirmation,BTCUSDT,692467,taker_4_1,32385,-0.6212463446369054,-0.40700535199250676,0.42405929702715717,-0.7946494182054773,-0.015544224160116384,0.006340369302987836,False,0.522747844787544,False,False
R3,BTC_ETH_confirmation,BTCUSDT,692467,maker_2_1,32385,-0.509188754041864,-0.24185421595457882,0.4239580554571554,-0.7412816653619883,-0.013696388970803572,0.008138815479665527,False,0.5230520209126748,False,False
R3,BTC_ETH_confirmation,BTCUSDT,692467,no_fees,32385,-0.27609539374390735,0.006019017638567725,0.42390595625689753,-0.6349681177131168,-0.010988852433687257,0.01063684148912848,False,0.5235082851004165,False,False
R3,BTC_ETH_confirmation,BTCUSDT,692467,gross,32385,-0.218309482345852,0.05501172006698685,0.4238938991496431,-0.6172730309067768,-0.010483434902855483,0.011072087470432658,False,1.0065896149726061,False,False
R3,BTC_ETH_confirmation,BTCUSDT,693857,taker_4_1,32385,-0.6982093164731937,-0.6447331687032668,0.38658333909695436,-0.7908172261258665,-0.017177920096028525,0.0038424527198310148,False,0.522747844787544,False,False
R3,BTC_ETH_confirmation,BTCUSDT,693857,maker_2_1,32385,-0.6431750596410938,-0.5277012841854551,0.3865105958377823,-0.7723400598246721,-0.01592197264053401,0.004977377229702017,False,0.5230520209126748,False,False
R3,BTC_ETH_confirmation,BTCUSDT,693857,no_fees,32385,-0.5412855855744749,-0.35201780030740354,0.38645969761360255,-0.7424393741519209,-0.014040708865635082,0.007039895287945146,False,0.5235082851004165,False,False
R3,BTC_ETH_confirmation,BTCUSDT,693857,gross,32385,-0.5121937757417536,-0.30901884341304314,0.3864387757049071,-0.7432231173140382,-0.013700540607930719,0.007625478474069184,False,1.0065896149726061,False,False
R3,BTC_ETH_confirmation,BTCUSDT,707014,taker_4_1,32385,-0.49816990969866703,-0.34383269976780706,0.35695765799401136,-0.7681031120118855,-0.015613394553862613,0.007457100703188577,False,0.522747844787544,False,False
R3,BTC_ETH_confirmation,BTCUSDT,707014,maker_2_1,32385,-0.387380048296309,-0.1927628791837833,0.35689907174620134,-0.7243290171976482,-0.013967722174772643,0.009031976426925116,False,0.5230520209126748,False,False
R3,BTC_ETH_confirmation,BTCUSDT,707014,no_fees,32385,-0.17376138129656604,0.03392884712189241,0.3568745266606828,-0.6427242836445093,-0.011544657507209021,0.011466692826996519,False,0.5235082851004165,False,False
R3,BTC_ETH_confirmation,BTCUSDT,707014,gross,32385,-0.1290018830911448,0.07391316890316912,0.35687406232065305,-0.6205644751118249,-0.0112579076949856,0.011964473229303918,False,1.0065896149726061,False,False
R3,BTC_ETH_confirmation,BTCUSDT,765570,taker_4_1,32385,-0.73816150552965,-0.7224084612739585,0.3941481073245226,-0.8604321231213605,-0.01908397913096367,0.002782928785802885,False,0.522747844787544,False,False
R3,BTC_ETH_confirmation,BTCUSDT,765570,maker_2_1,32385,-0.6666824177266382,-0.5570292332419382,0.39404105916233867,-0.8448086884202299,-0.01728380930334354,0.004734263390696086,False,0.5230520209126748,False,False
R3,BTC_ETH_confirmation,BTCUSDT,765570,no_fees,32385,-0.521330419880457,-0.30872006915753974,0.39397205814955766,-0.8181617942516802,-0.014679711506164695,0.007725774102066745,False,0.5235082851004165,False,False
R3,BTC_ETH_confirmation,BTCUSDT,765570,gross,32385,-0.4935483513000981,-0.27002056640821404,0.3939517439332664,-0.8212077980944459,-0.014412972481074838,0.0081571551478528,False,1.0065896149726061,False,False
R3,BTC_ETH_confirmation,BTCUSDT,891022,taker_4_1,32385,-0.7716330718404262,-0.79028062675402,0.40272543978503983,-0.8905884219739628,-0.020268594197917753,0.0016228927359181683,False,0.522747844787544,False,False
R3,BTC_ETH_confirmation,BTCUSDT,891022,maker_2_1,32385,-0.7136747209222845,-0.6386544023641907,0.40261854682769543,-0.8642097390617044,-0.018537631580755724,0.0032768109102470923,False,0.5230520209126748,False,False
R3,BTC_ETH_confirmation,BTCUSDT,891022,no_fees,32385,-0.5980725351711929,-0.4109844941800581,0.40253610880829893,-0.8122730794811889,-0.015937467038939487,0.005720463660743707,False,0.5235082851004165,False,False
R3,BTC_ETH_confirmation,BTCUSDT,891022,gross,32385,-0.5668033989178258,-0.36067554482463343,0.4025186242089657,-0.7973699862586585,-0.015466535199951621,0.00630960544509599,False,1.0065896149726061,False,False
R3,BTC_ETH_confirmation,ETHUSDT,278037,taker_4_1,32385,-0.647883740630619,-0.26460430294514775,0.5321320634924784,-0.7898048661498602,-0.013915445091765543,0.008313792987262751,False,-0.2190192992677874,False,False
R3,BTC_ETH_confirmation,ETHUSDT,278037,maker_2_1,32385,-0.5507946466675899,-0.14089256566501523,0.5320777883946216,-0.7616314868233278,-0.012619588935951517,0.009610140646543211,False,-0.21886363421170063,False,False
R3,BTC_ETH_confirmation,ETHUSDT,278037,no_fees,32385,-0.3528088652203831,0.04471753959043338,0.5320538421832676,-0.7404031311447974,-0.010630540674930473,0.011645499736312539,False,-0.21863013662755293,False,False
R3,BTC_ETH_confirmation,ETHUSDT,278037,gross,32385,-0.30536912375937253,0.08068688132344964,0.5320640935097236,-0.7405592470305313,-0.010353326792210644,0.012047592357255466,False,0.009306446361522447,False,False
R3,BTC_ETH_confirmation,ETHUSDT,341110,taker_4_1,32385,-0.7521828805611968,-0.4812195568523481,0.512150490018022,-0.8853369950482135,-0.016103726404206237,0.005638764356155581,False,-0.2190192992677874,False,False
R3,BTC_ETH_confirmation,ETHUSDT,341110,maker_2_1,32385,-0.6800718517893882,-0.34650174586236954,0.5120503919363811,-0.8562618494740815,-0.014622376697534016,0.0071128516750465845,False,-0.21886363421170063,False,False
R3,BTC_ETH_confirmation,ETHUSDT,341110,no_fees,32385,-0.5307886147918757,-0.14430433806573664,0.5119779499125837,-0.7982865915725023,-0.012400672417337524,0.009256639342169116,False,-0.21863013662755293,False,False
R3,BTC_ETH_confirmation,ETHUSDT,341110,gross,32385,-0.5151845902384133,-0.1270287058301798,0.5119728118183781,-0.7941931308502668,-0.012211002589888904,0.009494641786045118,False,0.009306446361522447,False,False
R3,BTC_ETH_confirmation,ETHUSDT,605142,taker_4_1,32385,-0.5417437570542802,-0.1908561476298535,0.4864173916099276,-0.801599251624553,-0.012255975365055384,0.007935109219460713,False,-0.2190192992677874,False,False
R3,BTC_ETH_confirmation,ETHUSDT,605142,maker_2_1,32385,-0.425923934208414,-0.06563233849894906,0.4863477540887367,-0.757883990127401,-0.010867428452687037,0.00933870641378922,False,-0.21886363421170063,False,False
R3,BTC_ETH_confirmation,ETHUSDT,605142,no_fees,32385,-0.1951538294613876,0.12225555996206755,0.4863032258926035,-0.706660136629646,-0.008763967043564965,0.01147360416417388,False,-0.21863013662755293,True,False
R3,BTC_ETH_confirmation,ETHUSDT,605142,gross,32385,-0.15167521687683427,0.15152392314863514,0.4863123692567223,-0.7095770306632629,-0.008530821308791434,0.011986212403197897,False,0.009306446361522447,False,False
R3,BTC_ETH_confirmation,ETHUSDT,671194,taker_4_1,32385,-0.8997627570802517,-0.7329334937431567,0.601675571911186,-0.9450361009188972,-0.01998033944711146,0.0041574071049068845,False,-0.2190192992677874,False,False
R3,BTC_ETH_confirmation,ETHUSDT,671194,maker_2_1,32385,-0.860887592186572,-0.5858791931645175,0.6015368419859073,-0.9311438187830527,-0.018191857110130803,0.005706223704903841,False,-0.21886363421170063,False,False
R3,BTC_ETH_confirmation,ETHUSDT,671194,no_fees,32385,-0.7726004677336497,-0.3651211422599437,0.6014100668432094,-0.9051323859052537,-0.015521347539225478,0.0079417689631477,False,-0.21863013662755293,False,False
R3,BTC_ETH_confirmation,ETHUSDT,671194,gross,32385,-0.7584232414539882,-0.3379286010762553,0.6014062934190393,-0.9007135437642799,-0.015337522857418247,0.008278487489343737,False,0.009306446361522447,False,False
R3,BTC_ETH_confirmation,ETHUSDT,683778,taker_4_1,32385,-0.43159911904629444,-0.025642998924599737,0.5282860920491702,-0.8205059596240283,-0.011365536697324747,0.010815896781439972,False,-0.2190192992677874,False,False
R3,BTC_ETH_confirmation,ETHUSDT,683778,maker_2_1,32385,-0.3016442382342094,0.07973876928450148,0.5282393386495406,-0.7985954804592792,-0.010195325007798238,0.011856598945579598,False,-0.21886363421170063,False,False
R3,BTC_ETH_confirmation,ETHUSDT,683778,no_fees,32385,-0.04904241059509862,0.23782121992408292,0.5282251367412953,-0.762113071619455,-0.008434256266900838,0.013420617696628922,False,-0.21863013662755293,True,False
R3,BTC_ETH_confirmation,ETHUSDT,683778,gross,32385,0.03401630543190359,0.2807019965594948,0.5282332589111794,-0.7543581272189923,-0.008010454033774612,0.013868503223375345,False,0.009306446361522447,True,True
R3,BTC_ETH_confirmation,ETHUSDT,692467,taker_4_1,32385,-0.5374609552884375,-0.1739569609206588,0.49519872397692943,-0.7989601204021586,-0.012640337899492106,0.008816980820320086,False,-0.2190192992677874,False,False
R3,BTC_ETH_confirmation,ETHUSDT,692467,maker_2_1,32385,-0.38025420772876795,-0.014240044106026022,0.49510743341058433,-0.7376762171302951,-0.010880556073860263,0.0105166585173048,False,-0.21886363421170063,False,False
R3,BTC_ETH_confirmation,ETHUSDT,692467,no_fees,32385,-0.03896647956060384,0.22540534829606715,0.4950593197246652,-0.6526956366432333,-0.00842713198980453,0.012964779556118494,False,-0.21863013662755293,True,False
R3,BTC_ETH_confirmation,ETHUSDT,692467,gross,32385,0.03867718396514985,0.2678604026581077,0.49507169081817387,-0.628390376956729,-0.007980757007066325,0.013528126165510588,False,0.009306446361522447,True,True
R3,BTC_ETH_confirmation,ETHUSDT,693857,taker_4_1,32385,-0.6123402264852045,-0.23471021841481696,0.5188981571417334,-0.7508198201093245,-0.013982115666725426,0.007346597623227662,False,-0.2190192992677874,False,False
R3,BTC_ETH_confirmation,ETHUSDT,693857,maker_2_1,32385,-0.5019906618129839,-0.10431176178882824,0.5187593402332171,-0.7354845247585658,-0.012567710938182413,0.008726388836061529,False,-0.21886363421170063,False,False
R3,BTC_ETH_confirmation,ETHUSDT,693857,no_fees,32385,-0.274972921543177,0.0914037883946817,0.5186250889475065,-0.7122783990425978,-0.01033009700051315,0.010795080081261555,False,-0.21863013662755293,False,False
R3,BTC_ETH_confirmation,ETHUSDT,693857,gross,32385,-0.2263415978547355,0.12527304569717249,0.5186389032238645,-0.7066580447474824,-0.010011185397329274,0.011246334584931655,False,0.009306446361522447,False,False
R3,BTC_ETH_confirmation,ETHUSDT,707014,taker_4_1,32385,-0.940559169428292,-1.0728926721109537,0.5634367642200259,-0.9513585556007748,-0.021537574779466623,0.0006321290323154368,False,-0.2190192992677874,False,False
R3,BTC_ETH_confirmation,ETHUSDT,707014,maker_2_1,32385,-0.9238089049146729,-0.9540219485994704,0.5633248454760115,-0.9377137379484112,-0.020281354868729687,0.0018621640057883422,False,-0.21886363421170063,False,False
R3,BTC_ETH_confirmation,ETHUSDT,707014,no_fees,32385,-0.8894450500030328,-0.7755460463532603,0.5632159504884885,-0.9121749969205795,-0.018393903474996573,0.0037074930994232423,False,-0.21863013662755293,False,False
R3,BTC_ETH_confirmation,ETHUSDT,707014,gross,32385,-0.8803255080827905,-0.737473375365922,0.5632198053390488,-0.9052042456942537,-0.017977778293674012,0.004207243633776217,False,0.009306446361522447,False,False
R3,BTC_ETH_confirmation,ETHUSDT,765570,taker_4_1,32385,-0.9048216478338058,-0.8935568696835482,0.5455473397552255,-0.9423269532140147,-0.020935597057594384,0.002373010346322873,False,-0.2190192992677874,False,False
R3,BTC_ETH_confirmation,ETHUSDT,765570,maker_2_1,32385,-0.8795242746981938,-0.776792006769922,0.5455112902378596,-0.9324603649028895,-0.019675665039964003,0.0035409415556034046,False,-0.21886363421170063,False,False
R3,BTC_ETH_confirmation,ETHUSDT,765570,no_fees,32385,-0.8284535620844277,-0.6015421485788972,0.5455239764333001,-0.9144144064419117,-0.017653802701859015,0.005386674683744109,False,-0.21863013662755293,False,False
R3,BTC_ETH_confirmation,ETHUSDT,765570,gross,32385,-0.8186629991510905,-0.5740052035778682,0.5455330831652307,-0.909571466566157,-0.017473344916524667,0.005803549450264756,False,0.009306446361522447,False,False
R3,BTC_ETH_confirmation,ETHUSDT,891022,taker_4_1,32385,-0.7181567492860207,-0.3307215689068644,0.5609620890405184,-0.8204680475798065,-0.015435293999060396,0.008026428583484825,False,-0.2190192992677874,False,False
R3,BTC_ETH_confirmation,ETHUSDT,891022,maker_2_1,32385,-0.6370021114311246,-0.2088609785279206,0.5608561990718122,-0.791665055371208,-0.013927926064151604,0.009346426237172531,False,-0.21886363421170063,False,False
R3,BTC_ETH_confirmation,ETHUSDT,891022,no_fees,32385,-0.4695063444489105,-0.025980351479572294,0.5607715936136904,-0.7537049090572828,-0.011735316032848312,0.011369134154166639,False,-0.21863013662755293,False,False
R3,BTC_ETH_confirmation,ETHUSDT,891022,gross,32385,-0.45699700334895677,-0.014727288011540558,0.5607843398829337,-0.7488732606645906,-0.011706853830506557,0.011747340397840277,False,0.009306446361522447,False,False
R3,breakout,BTCUSDT,278037,taker_4_1,32385,-0.19115013724329977,-0.9147641576470453,0.06072651480365949,-0.33590245636623384,-0.022894383229813853,0.0004663560748747936,False,0.522747844787544,False,False
R3,breakout,BTCUSDT,278037,maker_2_1,32385,-0.13697282558054014,-0.6275280945765949,0.060590632709234,-0.3025731847545595,-0.01961419904384318,0.003185253606626971,False,0.5230520209126748,False,False
R3,breakout,BTCUSDT,278037,no_fees,32385,-0.048850594099483,-0.1939063458507297,0.060493904620605894,-0.24978371195984128,-0.014616141195271208,0.007751304219952281,False,0.5235082851004165,False,False
R3,breakout,BTCUSDT,278037,gross,32385,-0.04833699150943371,-0.1915140238239092,0.06048868051743079,-0.2492402468236422,-0.014587741687857007,0.007754281793249219,False,1.0065896149726061,False,False
R3,breakout,BTCUSDT,341110,taker_4_1,32385,-0.1460421844330546,-0.6942204692298614,0.059021359716816775,-0.2988670533341602,-0.02051774469427825,0.002634625384150338,False,0.522747844787544,False,False
R3,breakout,BTCUSDT,341110,maker_2_1,32385,-0.09212686659503677,-0.4144064425387237,0.058926461613225706,-0.2663324089378232,-0.017088884590581194,0.005274973685179555,False,0.5230520209126748,False,False
R3,breakout,BTCUSDT,341110,no_fees,32385,-0.0048276247064829025,0.006996133712959342,0.05888834481499954,-0.21506072471762838,-0.011789407982100021,0.009336348521437741,False,0.5235082851004165,False,False
R3,breakout,BTCUSDT,341110,gross,32385,-0.004290250550198271,0.009471534438330745,0.05888297483623703,-0.2144921058580408,-0.0117580330665969,0.00938224676954146,False,1.0065896149726061,False,False
R3,breakout,BTCUSDT,605142,taker_4_1,32385,-0.20901463759958971,-1.1828828478969635,0.05245509392918907,-0.30558816859675997,-0.026194081178592173,-0.0015994655000249245,False,0.522747844787544,False,False
R3,breakout,BTCUSDT,605142,maker_2_1,32385,-0.16408944900591382,-0.9018059716522737,0.05224724083115359,-0.2732982503608321,-0.023136665263987253,0.0010481478725733776,False,0.5230520209126748,False,False
R3,breakout,BTCUSDT,605142,no_fees,32385,-0.09189128005106717,-0.47500979628482204,0.05204069118693905,-0.22203969443768778,-0.01813856712372886,0.005373707943805791,False,0.5235082851004165,False,False
R3,breakout,BTCUSDT,605142,gross,32385,-0.09245096939075315,-0.478219228895777,0.05204017462609979,-0.22235623337966315,-0.01815321953493333,0.005345375907069878,False,1.0065896149726061,False,False
R3,breakout,BTCUSDT,671194,taker_4_1,32385,-0.14291196941527484,-0.6598564140980369,0.06046375811773006,-0.2962970237154766,-0.019573030283137574,0.0032483441317848437,False,0.522747844787544,False,False
R3,breakout,BTCUSDT,671194,maker_2_1,32385,-0.08916760831313575,-0.3883167717432045,0.06039210215012113,-0.2639409824101203,-0.016484585220273896,0.00577579009990585,False,0.5230520209126748,False,False
R3,breakout,BTCUSDT,671194,no_fees,32385,-0.0021893924337907933,0.02016921494189538,0.06038571956772233,-0.2129798267952533,-0.011553902530881949,0.009852164076437419,False,0.5235082851004165,False,False
R3,breakout,BTCUSDT,671194,gross,32385,-0.002900517358328858,0.016975576260900294,0.06038526108757495,-0.21339575584884607,-0.011608766904273374,0.009826264037835573,False,1.0065896149726061,False,False
R3,breakout,BTCUSDT,683778,taker_4_1,32385,-0.1460421844330546,-0.6942204692298614,0.059021359716816775,-0.2988670533341602,-0.02051774469427825,0.002634625384150338,False,0.522747844787544,False,False
R3,breakout,BTCUSDT,683778,maker_2_1,32385,-0.09212686659503677,-0.4144064425387237,0.058926461613225706,-0.2663324089378232,-0.017088884590581194,0.005274973685179555,False,0.5230520209126748,False,False
R3,breakout,BTCUSDT,683778,no_fees,32385,-0.0048276247064829025,0.006996133712959342,0.05888834481499954,-0.21506072471762838,-0.011789407982100021,0.009336348521437741,False,0.5235082851004165,False,False
R3,breakout,BTCUSDT,683778,gross,32385,-0.004290250550198271,0.009471534438330745,0.05888297483623703,-0.2144921058580408,-0.0117580330665969,0.00938224676954146,False,1.0065896149726061,False,False
R3,breakout,BTCUSDT,692467,taker_4_1,32385,-0.13676049236427823,-0.5562699593316033,0.06745793338729482,-0.29124641916278093,-0.019127925662185304,0.0028004457262860286,False,0.522747844787544,False,False
R3,breakout,BTCUSDT,692467,maker_2_1,32385,-0.0640992968806735,-0.23247846041237322,0.06739883501086888,-0.24368285714577553,-0.014837643679522635,0.006006958839154972,False,0.5230520209126748,False,False
R3,breakout,BTCUSDT,692467,no_fees,32385,0.05648737051127406,0.2538221895070478,0.067430232691124,-0.16669870311712587,-0.00882654166694896,0.010925444168252097,False,0.5235082851004165,False,True
R3,breakout,BTCUSDT,692467,gross,32385,0.05616031888354933,0.2525866444268992,0.06742797485914301,-0.1668031086157986,-0.008857343682334177,0.010928063011493652,False,1.0065896149726061,False,True
R3,breakout,BTCUSDT,693857,taker_4_1,32385,-0.17843077058445334,-0.7673849127597234,0.06641831754627557,-0.29629702371547584,-0.01981911211132887,0.001489031548573832,False,0.522747844787544,False,False
R3,breakout,BTCUSDT,693857,maker_2_1,32385,-0.12305418837064064,-0.502657341677118,0.06631177731685614,-0.26394098241012054,-0.016597470779489646,0.004062800944525718,False,0.5230520209126748,False,False
R3,breakout,BTCUSDT,693857,no_fees,32385,-0.03293643229200893,-0.10381246055330134,0.06625054458240276,-0.21297982679525296,-0.011952112957807874,0.007721231346511632,False,0.5235082851004165,False,False
R3,breakout,BTCUSDT,693857,gross,32385,-0.03331620962375548,-0.10542596821624296,0.0662467605170396,-0.21339575584884474,-0.011979517409921554,0.007706319045254472,False,1.0065896149726061,False,False
R3,breakout,BTCUSDT,707014,taker_4_1,32385,-0.10872354839591225,-0.43684397882208426,0.06628605310915828,-0.2682269856712156,-0.01833104147324941,0.005034440418727283,False,0.522747844787544,False,False
R3,breakout,BTCUSDT,707014,maker_2_1,32385,-0.04638345154256551,-0.16103143721190416,0.06626756127810379,-0.22936638373710339,-0.01502883260666632,0.007643502219205556,False,0.5230520209126748,False,False
R3,breakout,BTCUSDT,707014,no_fees,32385,0.05537010990812652,0.25258582294279147,0.06634217626643232,-0.16757993912197144,-0.009904244829604784,0.01147740641778578,False,0.5235082851004165,False,True
R3,breakout,BTCUSDT,707014,gross,32385,0.05377929386633862,0.2464265920236233,0.06634548318254774,-0.1686814812522035,-0.009968714455891894,0.011421073781249234,False,1.0065896149726061,False,True
R3,breakout,BTCUSDT,765570,taker_4_1,32385,-0.18143126557247458,-0.7993624883309352,0.06510794914495201,-0.2988670533341602,-0.020424142213309616,0.0008628772754714787,False,0.522747844787544,False,False
R3,breakout,BTCUSDT,765570,maker_2_1,32385,-0.12590335049918244,-0.5278617769110204,0.0649797776446474,-0.26633240893782373,-0.017345033877103552,0.003561932328742869,False,0.5230520209126748,False,False
R3,breakout,BTCUSDT,765570,no_fees,32385,-0.03549336874340148,-0.11841170102169342,0.06488863687220896,-0.21506072471762838,-0.012462655741428443,0.007596948824031028,False,0.5235082851004165,False,False
R3,breakout,BTCUSDT,765570,gross,32385,-0.0346635501578928,-0.11484977337104288,0.06488033132863757,-0.21449210585804124,-0.012356393522547473,0.007627079124288289,False,1.0065896149726061,False,False
R3,breakout,BTCUSDT,891022,taker_4_1,32385,-0.16987344589792341,-0.7849173391406935,0.061746065323060664,-0.31843345611078255,-0.021340421236841916,0.0014791888680742897,False,0.522747844787544,False,False
R3,breakout,BTCUSDT,891022,maker_2_1,32385,-0.10608862945749964,-0.4615987247505058,0.06163119910019437,-0.2776151449825247,-0.017518153177653976,0.004492439898505575,False,0.5230520209126748,False,False
R3,breakout,BTCUSDT,891022,no_fees,32385,-0.0011330668179989623,0.025595179112955314,0.061579122497443316,-0.2121466530819277,-0.011699582310545091,0.009375774418448373,False,0.5235082851004165,False,False
R3,breakout,BTCUSDT,891022,gross,32385,-0.0006475609502489821,0.027726422279502668,0.06157264650856097,-0.21161841557003258,-0.011633363006948937,0.009369446541748415,False,1.0065896149726061,False,False
R3,breakout,ETHUSDT,278037,taker_4_1,32385,-0.25767464906150106,-1.0807641822635161,0.07217687188836298,-0.26476936082108504,-0.023448773722025983,-0.0009945104870930494,False,-0.2190192992677874,False,False
R3,breakout,ETHUSDT,278037,maker_2_1,32385,-0.1909654839474454,-0.7604425107673467,0.07198907947092266,-0.208036506749665,-0.020078889971641437,0.002315946291635656,False,-0.21886363421170063,True,False
R3,breakout,ETHUSDT,278037,no_fees,32385,-0.07952464033735152,-0.27635549855475317,0.07182641224222183,-0.1442239132466263,-0.014747320140125338,0.007293618049099139,False,-0.21863013662755293,True,False
R3,breakout,ETHUSDT,278037,gross,32385,-0.07826871705029814,-0.2713349379148482,0.07180256754118403,-0.14362717267629632,-0.014723233162433944,0.00732801848052975,False,0.009306446361522447,False,False
R3,breakout,ETHUSDT,341110,taker_4_1,32385,-0.3161862995349132,-1.3365914173049724,0.07482992604697251,-0.3414196203683625,-0.02676461443784233,-0.003888578387473921,False,-0.2190192992677874,False,False
R3,breakout,ETHUSDT,341110,maker_2_1,32385,-0.24964087894391906,-1.0041496288868494,0.07460546027606416,-0.2787690288173613,-0.023025208572184926,-0.000775054783637101,False,-0.21886363421170063,False,False
R3,breakout,ETHUSDT,341110,no_fees,32385,-0.13751592149464498,-0.5008858111393871,0.0743923204176426,-0.1905972302300888,-0.017100522197401085,0.004349015009567078,False,-0.21863013662755293,True,False
R3,breakout,ETHUSDT,341110,gross,32385,-0.1364939944186333,-0.4967584118965678,0.0743691492931064,-0.1900899678772301,-0.017100006770059996,0.004425991404256541,False,0.009306446361522447,False,False
R3,breakout,ETHUSDT,605142,taker_4_1,32385,-0.24161161493754768,-0.9879727122689187,0.07303272589467594,-0.2724756609992631,-0.023020032471754333,0.000634220862240331,False,-0.2190192992677874,False,False
R3,breakout,ETHUSDT,605142,maker_2_1,32385,-0.1721382419292764,-0.66509705275903,0.07285993155699978,-0.21293937214391223,-0.01937078289787342,0.004077785438468324,False,-0.21886363421170063,True,False
R3,breakout,ETHUSDT,605142,no_fees,32385,-0.05584615907178847,-0.17760857321812137,0.07272061079657388,-0.1331005725002291,-0.014433687384008999,0.008884167743460332,False,-0.21863013662755293,True,False
R3,breakout,ETHUSDT,605142,gross,32385,-0.0545579281778964,-0.17261669127986534,0.07269705539715064,-0.13249607552164688,-0.014366996401435858,0.008911113015080253,False,0.009306446361522447,False,False
R3,breakout,ETHUSDT,671194,taker_4_1,32385,-0.25767464906150106,-1.0807641822635161,0.07217687188836298,-0.26476936082108504,-0.023448773722025983,-0.0009945104870930494,False,-0.2190192992677874,False,False
R3,breakout,ETHUSDT,671194,maker_2_1,32385,-0.1909654839474454,-0.7604425107673467,0.07198907947092266,-0.208036506749665,-0.020078889971641437,0.002315946291635656,False,-0.21886363421170063,True,False
R3,breakout,ETHUSDT,671194,no_fees,32385,-0.07952464033735152,-0.27635549855475317,0.07182641224222183,-0.1442239132466263,-0.014747320140125338,0.007293618049099139,False,-0.21863013662755293,True,False
R3,breakout,ETHUSDT,671194,gross,32385,-0.07826871705029814,-0.2713349379148482,0.07180256754118403,-0.14362717267629632,-0.014723233162433944,0.00732801848052975,False,0.009306446361522447,False,False
R3,breakout,ETHUSDT,683778,taker_4_1,32385,-0.23976031830754585,-0.9386930824743729,0.07593591919224392,-0.24581351868073742,-0.02237828719164312,-5.820700421778722e-05,False,-0.2190192992677874,False,False
R3,breakout,ETHUSDT,683778,maker_2_1,32385,-0.1664531449095641,-0.6124744053875787,0.07574998476022549,-0.20172626477631117,-0.018698625783348247,0.0035621124577473484,False,-0.21886363421170063,True,False
R3,breakout,ETHUSDT,683778,no_fees,32385,-0.04306102427068992,-0.1199403505398179,0.07559202602709367,-0.1442239132466263,-0.013207986018393928,0.007999515386676826,False,-0.21863013662755293,True,False
R3,breakout,ETHUSDT,683778,gross,32385,-0.041658597054255675,-0.11475049030016013,0.0755721671504772,-0.14362717267629632,-0.01314505461070893,0.008035079941348626,False,0.009306446361522447,False,False
R3,breakout,ETHUSDT,692467,taker_4_1,32385,-0.32380456144926795,-1.272844073271544,0.08060217039453225,-0.3330573646690629,-0.025694845740952422,-0.003553746196683881,False,-0.2190192992677874,False,False
R3,breakout,ETHUSDT,692467,maker_2_1,32385,-0.25711444167494324,-0.9595910372507656,0.08041697504595714,-0.27610800372846556,-0.022008949561448114,-0.0004495231556863401,False,-0.21886363421170063,False,False
R3,breakout,ETHUSDT,692467,no_fees,32385,-0.14457663319501457,-0.4862907039941941,0.08025555208537999,-0.18831474065088993,-0.016666251455749733,0.004293391592245427,False,-0.21863013662755293,True,False
R3,breakout,ETHUSDT,692467,gross,32385,-0.14341175485794722,-0.4818683750995309,0.08023215901416104,-0.18777341059223318,-0.01656813923604149,0.004346010458552559,False,0.009306446361522447,False,False
R3,breakout,ETHUSDT,693857,taker_4_1,32385,-0.2528437506743487,-1.0282835319284631,0.07402310597960193,-0.2832506837823583,-0.02332817595480806,5.507768487500998e-06,False,-0.2190192992677874,False,False
R3,breakout,ETHUSDT,693857,maker_2_1,32385,-0.18374415852031656,-0.7069781468695645,0.07384235293347707,-0.22397329164790858,-0.02000030107746463,0.0034464863208492633,False,-0.21886363421170063,True,False
R3,breakout,ETHUSDT,693857,no_fees,32385,-0.06796076493783809,-0.22170035402172628,0.07369051517330404,-0.1442239132466263,-0.01475252851611533,0.008331005602971819,False,-0.21863013662755293,True,False
R3,breakout,ETHUSDT,693857,gross,32385,-0.06668906356367921,-0.2167873757489967,0.07366727185152626,-0.14362717267629632,-0.014717665473279191,0.008328854787046524,False,0.009306446361522447,False,False
R3,breakout,ETHUSDT,707014,taker_4_1,32385,-0.2617609694090215,-1.103728955286605,0.07203702985406729,-0.26476936082108504,-0.023842775750638028,-0.0012372393519930252,False,-0.2190192992677874,False,False
R3,breakout,ETHUSDT,707014,maker_2_1,32385,-0.19638314247787514,-0.787406856321465,0.07184510572180608,-0.208036506749665,-0.020294855932370702,0.0020068626725344373,False,-0.21886363421170063,True,False
R3,breakout,ETHUSDT,707014,no_fees,32385,-0.08733106838095839,-0.3092340664047593,0.07167479572915503,-0.1442239132466263,-0.015184556260945784,0.006866535754862312,False,-0.21863013662755293,True,False
R3,breakout,ETHUSDT,707014,gross,32385,-0.08612384149670305,-0.3043680412250947,0.07165150174149999,-0.14362717267629632,-0.015135026069487937,0.006900085248712216,False,0.009306446361522447,False,False
R3,breakout,ETHUSDT,765570,taker_4_1,32385,-0.22611506935343473,-0.8793108271153398,0.07561911664125076,-0.22974771103180103,-0.021638242599607976,0.00043329430865371107,False,-0.2190192992677874,False,False
R3,breakout,ETHUSDT,765570,maker_2_1,32385,-0.15285155396214956,-0.5572309397928226,0.07544431361246452,-0.18776355676166512,-0.017909969442513992,0.003953455651636073,False,-0.21886363421170063,True,False
R3,breakout,ETHUSDT,765570,no_fees,32385,-0.02978167090818762,-0.07118982908622551,0.07530152144245035,-0.1303040756949112,-0.012637853871909008,0.008503995707110796,False,-0.21863013662755293,True,False
R3,breakout,ETHUSDT,765570,gross,32385,-0.02835978233941472,-0.06596715066579181,0.07528158371488214,-0.1296976286932745,-0.012601803851043194,0.008501143683591119,False,0.009306446361522447,False,False
R3,breakout,ETHUSDT,891022,taker_4_1,32385,-0.2359945624827391,-0.954938564556251,0.07343705649606104,-0.2670872050909088,-0.022983351791220432,0.0005303818594876457,False,-0.2190192992677874,False,False
R3,breakout,ETHUSDT,891022,maker_2_1,32385,-0.16800524867479427,-0.6426404960548062,0.0732628156806269,-0.20901007327959642,-0.019451866558318622,0.0038277461298069637,False,-0.21886363421170063,True,False
R3,breakout,ETHUSDT,891022,no_fees,32385,-0.05454055916381095,-0.171126326149349,0.07311741469940466,-0.13190180195701362,-0.014210863511852244,0.008711007380734466,False,-0.21863013662755293,True,False
R3,breakout,ETHUSDT,891022,gross,32385,-0.05235659274303228,-0.16272503675787264,0.07307591529489448,-0.13047620864058262,-0.014162450003676294,0.00876263089853233,False,0.009306446361522447,False,False
R3,funding,BTCUSDT,278037,taker_4_1,32385,-0.29945392809999116,-0.12111802095587519,0.3339997482742988,-0.638869843130978,-0.01186424960097508,0.009463974332396983,False,0.522747844787544,False,False
R3,funding,BTCUSDT,278037,maker_2_1,32385,-0.23465949431664546,-0.04953278792774834,0.3339520785959002,-0.6102897896465779,-0.011148251140601048,0.010265069491534034,False,0.5230520209126748,False,False
R3,funding,BTCUSDT,278037,no_fees,32385,-0.12609947968722324,0.05787709275764167,0.33391689401606856,-0.569197530237342,-0.010112027492996755,0.011413284925487334,False,0.5235082851004165,False,False
R3,funding,BTCUSDT,278037,gross,32385,-0.14905337506438554,0.03630312728197486,0.3339021325847267,-0.5809260267855958,-0.010379759633634552,0.011191280247953878,False,1.0065896149726061,False,False
R3,funding,BTCUSDT,341110,taker_4_1,32385,-0.42237719399902374,-0.277800457802538,0.33378721076927614,-0.6853792029293588,-0.013967485181130805,0.007452624723002318,False,0.522747844787544,False,False
R3,funding,BTCUSDT,341110,maker_2_1,32385,-0.38331866902739486,-0.22481687242122325,0.3337642185141007,-0.6787597648850598,-0.013386048842470438,0.007982583502822023,False,0.5230520209126748,False,False
R3,funding,BTCUSDT,341110,no_fees,32385,-0.31974309179871574,-0.1453177036096017,0.3337529302068075,-0.668571903232147,-0.01249515559904677,0.008826801418253928,False,0.5235082851004165,False,False
R3,funding,BTCUSDT,341110,gross,32385,-0.3204722230709409,-0.14618177807208282,0.333756030645386,-0.6723216602352037,-0.012544529566463947,0.008982508214356331,False,1.0065896149726061,False,False
R3,funding,BTCUSDT,605142,taker_4_1,32385,-0.29718512707205735,-0.10595832975796164,0.3434770056031636,-0.5078720564002295,-0.010343425953847015,0.008630936987386257,False,0.522747844787544,False,False
R3,funding,BTCUSDT,605142,maker_2_1,32385,-0.24590593145555506,-0.0505194200679979,0.34345919992085705,-0.48624389548299896,-0.009763143282910619,0.00923071666999764,False,0.5230520209126748,False,False
R3,funding,BTCUSDT,605142,no_fees,32385,-0.16191476799758941,0.03264729640811734,0.3434580187971445,-0.45201799882352345,-0.008892051787514144,0.01012979273377616,False,0.5235082851004165,False,False
R3,funding,BTCUSDT,605142,gross,32385,-0.13143101031885485,0.060772643384394115,0.3434437427234747,-0.44835946889440104,-0.008685934286507836,0.010516491704251642,False,1.0065896149726061,False,False
R3,funding,BTCUSDT,671194,taker_4_1,32385,-0.588744258475446,-0.45777708264794054,0.372960483290248,-0.7202145550524133,-0.014579672131911912,0.00474664495162978,False,0.522747844787544,False,False
R3,funding,BTCUSDT,671194,maker_2_1,32385,-0.5492713751817385,-0.391378477668798,0.37292639572291547,-0.7075026929557222,-0.01384428181409891,0.005463656873851451,False,0.5230520209126748,False,False
R3,funding,BTCUSDT,671194,no_fees,32385,-0.48286781203210705,-0.2917341649521575,0.3729054827837645,-0.6874751063123798,-0.012776482134313564,0.006543068779415439,False,0.5235082851004165,False,False
R3,funding,BTCUSDT,671194,gross,32385,-0.4595848141184822,-0.2598375748195799,0.37287728004840365,-0.6847471549516126,-0.01253982419388045,0.0069256843070875,False,1.0065896149726061,False,False
R3,funding,BTCUSDT,683778,taker_4_1,32385,-0.5160934233689427,-0.45010474908172143,0.32138068500572503,-0.6369125037644171,-0.014879298932633246,0.004489822728242619,False,0.522747844787544,False,False
R3,funding,BTCUSDT,683778,maker_2_1,32385,-0.4809954910182046,-0.39120668314213,0.3213653703137451,-0.6181353949016737,-0.014275999785296242,0.00519476098619107,False,0.5230520209126748,False,False
R3,funding,BTCUSDT,683778,no_fees,32385,-0.4235339361738457,-0.30282774721892464,0.3213650119923829,-0.5881411894831564,-0.013397047597760935,0.006254315223352923,False,0.5235082851004165,False,False
R3,funding,BTCUSDT,683778,gross,32385,-0.40982786483389877,-0.28309664031437454,0.3213398153529724,-0.5799721209047035,-0.013269836636355961,0.006666101360802035,False,1.0065896149726061,False,False
R3,funding,BTCUSDT,692467,taker_4_1,32385,-0.39591045405282743,-0.2599072284093065,0.323313792353842,-0.6698167881029065,-0.012740478462333742,0.007167028350821954,False,0.522747844787544,False,False
R3,funding,BTCUSDT,692467,maker_2_1,32385,-0.35142634626284797,-0.20053232418901437,0.323271594006163,-0.6600937612948468,-0.012127640840872405,0.007800512607955597,False,0.5230520209126748,False,False
R3,funding,BTCUSDT,692467,no_fees,32385,-0.27850639553722845,-0.11143183168215265,0.3232345925427654,-0.6450490815727824,-0.011189003141204091,0.008738676551843728,False,0.5235082851004165,False,False
R3,funding,BTCUSDT,692467,gross,32385,-0.25912707337708407,-0.08930072523852997,0.3231955674735781,-0.6461637929226354,-0.011045490102803321,0.008964950696420334,False,1.0065896149726061,False,False
R3,funding,BTCUSDT,693857,taker_4_1,32385,-0.2733311263150001,-0.06423059309858409,0.35631650046453567,-0.6247114980730245,-0.010685803394655313,0.008351231735120418,False,0.522747844787544,False,False
R3,funding,BTCUSDT,693857,maker_2_1,32385,-0.2123197699891899,-0.0030437040488724095,0.35630100468657955,-0.5971692112175329,-0.010040334811756256,0.009039590587064958,False,0.5230520209126748,False,False
R3,funding,BTCUSDT,693857,no_fees,32385,-0.11109662230741613,0.08873994378936065,0.3563045214686039,-0.5551815050877873,-0.009184432928774282,0.010080368157014253,False,0.5235082851004165,False,False
R3,funding,BTCUSDT,693857,gross,32385,-0.09280909819031524,0.10419774133355586,0.356300908002761,-0.5468117102234666,-0.009074047340692224,0.010211551666503406,False,1.0065896149726061,False,False
R3,funding,BTCUSDT,707014,taker_4_1,32385,-0.23572324555183122,-0.0622495847277743,0.32413669578752763,-0.5065260851607918,-0.011006738535502462,0.008990019915224193,False,0.522747844787544,False,False
R3,funding,BTCUSDT,707014,maker_2_1,32385,-0.1731762996875007,0.0033434796428323333,0.3240873441398634,-0.4938166309920249,-0.010276138314387591,0.009715806362749026,False,0.5230520209126748,False,False
R3,funding,BTCUSDT,707014,no_fees,32385,-0.0696655007580591,0.10176027682123288,0.32404599993096084,-0.47414188787398037,-0.009188106529207275,0.010776421925858983,False,0.5235082851004165,False,False
R3,funding,BTCUSDT,707014,gross,32385,-0.0529050585949673,0.1166348279587881,0.32400045784251263,-0.47736798892426524,-0.009090735907782128,0.011043629909644123,False,1.0065896149726061,False,False
R3,funding,BTCUSDT,765570,taker_4_1,32385,-0.5669236077657662,-0.5491581597176691,0.3193478850972325,-0.6926350459096737,-0.01645014056094376,0.004295496996234971,False,0.522747844787544,False,False
R3,funding,BTCUSDT,765570,maker_2_1,32385,-0.5170020241076212,-0.45694540983498705,0.31926893972434006,-0.6707195178313212,-0.015401267818511949,0.005184356168772625,False,0.5230520209126748,False,False
R3,funding,BTCUSDT,765570,no_fees,32385,-0.4311596644033705,-0.31849055768805296,0.3192008161189691,-0.6348946075936599,-0.013798155542312658,0.006527269466819453,False,0.5235082851004165,False,False
R3,funding,BTCUSDT,765570,gross,32385,-0.42296226622354904,-0.3064038724906942,0.3191813624353099,-0.6325387051029838,-0.01358001186165315,0.006815134984016587,False,1.0065896149726061,False,False
R3,funding,BTCUSDT,891022,taker_4_1,32385,-0.45792089956565796,-0.3262326994975042,0.3354068846492105,-0.5909241335406552,-0.014517365051076255,0.007249784925837979,False,0.522747844787544,False,False
R3,funding,BTCUSDT,891022,maker_2_1,32385,-0.40413402396694476,-0.24994108703329576,0.3354062777822475,-0.5853221710126673,-0.01376435228243175,0.00807895929196209,False,0.5230520209126748,False,False
R3,funding,BTCUSDT,891022,no_fees,32385,-0.31331228799181454,-0.13548966135873286,0.3354387603984303,-0.576777852390328,-0.01252678092132226,0.009349195161594069,False,0.5235082851004165,False,False
R3,funding,BTCUSDT,891022,gross,32385,-0.32728702516272745,-0.15207848799742787,0.33543225019412704,-0.57783218056321,-0.012671962390115555,0.009163381886507067,False,1.0065896149726061,False,False
R3,funding,ETHUSDT,278037,taker_4_1,32385,-0.39765631456699924,-0.10795317368778536,0.4268063239478039,-0.6238854426439149,-0.012383448469447934,0.00951340483300059,False,-0.2190192992677874,False,False
R3,funding,ETHUSDT,278037,maker_2_1,32385,-0.3164541176741025,-0.027847570554128356,0.42676805075331165,-0.5967679056837736,-0.011510614033192989,0.010363374804914973,False,-0.21886363421170063,False,False
R3,funding,ETHUSDT,278037,no_fees,32385,-0.17372118103171297,0.09232969694544137,0.42674798710272843,-0.5523969394047793,-0.010200060181489942,0.01166141750679029,False,-0.21863013662755293,True,False
R3,funding,ETHUSDT,278037,gross,32385,-0.12866786718681944,0.12599731981338455,0.4267742849820264,-0.5444882534727422,-0.009873480961049175,0.012006152008695105,False,0.009306446361522447,False,False
R3,funding,ETHUSDT,341110,taker_4_1,32385,-0.6722984076355617,-0.5206837833690506,0.4144109530646521,-0.746751388202042,-0.01539696825989349,0.003443401496658227,False,-0.2190192992677874,False,False
R3,funding,ETHUSDT,341110,maker_2_1,32385,-0.6407585118516268,-0.4608257036762427,0.414355287313651,-0.7228178230834529,-0.014698642758773582,0.004162682747114748,False,-0.21886363421170063,False,False
R3,funding,ETHUSDT,341110,no_fees,32385,-0.5876880000856662,-0.3709785934633732,0.4143050986282081,-0.6826266287354055,-0.013683622851714075,0.005241506283777409,False,-0.21863013662755293,False,False
R3,funding,ETHUSDT,341110,gross,32385,-0.5695207699555133,-0.3427630788401517,0.414341349970283,-0.6691819570629871,-0.01345296181906272,0.0055839853019377505,False,0.009306446361522447,False,False
R3,funding,ETHUSDT,605142,taker_4_1,32385,-0.5264905059967511,-0.19448028851460775,0.4703550979085685,-0.6759325580232258,-0.01257886631584158,0.007511954768126362,False,-0.2190192992677874,False,False
R3,funding,ETHUSDT,605142,maker_2_1,32385,-0.4760487262469715,-0.1362852264711983,0.470341812565216,-0.6489310368070893,-0.011946378553461093,0.008174013421926222,False,-0.21886363421170063,False,False
R3,funding,ETHUSDT,605142,no_fees,32385,-0.39016328977723425,-0.04898365632408073,0.4703488902506068,-0.6171529450316506,-0.011050001055531423,0.009015594379407951,False,-0.21863013662755293,False,False
R3,funding,ETHUSDT,605142,gross,32385,-0.3544070729573281,-0.016174289966856607,0.47039199732960196,-0.6016598900512274,-0.010651936488320078,0.009402286965739033,False,0.009306446361522447,False,False
R3,funding,ETHUSDT,671194,taker_4_1,32385,-0.7503708156723126,-0.6007578125167468,0.4535616232380785,-0.7871709601588007,-0.018258867272604,0.004685949278677234,False,-0.2190192992677874,False,False
R3,funding,ETHUSDT,671194,maker_2_1,32385,-0.7210566063907314,-0.5345779059410034,0.4535460114308869,-0.7622735755734253,-0.01763662303480753,0.005356808933276444,False,-0.21886363421170063,False,False
R3,funding,ETHUSDT,671194,no_fees,32385,-0.6705242781685072,-0.4352686150859272,0.45355477704380964,-0.7272975505855759,-0.016575431877466993,0.00638634433734493,False,-0.21863013662755293,False,False
R3,funding,ETHUSDT,671194,gross,32385,-0.66600584444518,-0.42711781961931594,0.4535689914792034,-0.7193847956340017,-0.016565872894059485,0.006364385086629043,False,0.009306446361522447,False,False
R3,funding,ETHUSDT,683778,taker_4_1,32385,-0.7592650609175068,-0.6071304871877291,0.4599615179953663,-0.8044941616946131,-0.017658064363950673,0.004748383600206476,False,-0.2190192992677874,False,False
R3,funding,ETHUSDT,683778,maker_2_1,32385,-0.7262165993895555,-0.5315248595999649,0.45994260090855055,-0.7780077498492215,-0.016941658825281487,0.005516425049001972,False,-0.21886363421170063,False,False
R3,funding,ETHUSDT,683778,no_fees,32385,-0.6679648232884186,-0.41807451481752994,0.45994749345490565,-0.7314159640534419,-0.015859966232158466,0.006663469714608395,False,-0.21863013662755293,False,False
R3,funding,ETHUSDT,683778,gross,32385,-0.662486680427178,-0.4083991341391886,0.45997572994976904,-0.7270112964494959,-0.015800806021543663,0.006861013680642936,False,0.009306446361522447,False,False
R3,funding,ETHUSDT,692467,taker_4_1,32385,-0.8230223642784805,-0.7885780943767059,0.45962564600141154,-0.8433352515957102,-0.018096607414436087,0.001316428821990189,False,-0.2190192992677874,False,False
R3,funding,ETHUSDT,692467,maker_2_1,32385,-0.8066578687999052,-0.7365814600174436,0.45960823534550577,-0.8289855172646321,-0.017534831169086107,0.001876138212385123,False,-0.21886363421170063,False,False
R3,funding,ETHUSDT,692467,no_fees,32385,-0.7792405793198618,-0.658541806326943,0.4596081609147449,-0.8049679415686137,-0.016691225802674993,0.002801012207459496,False,-0.21863013662755293,False,False
R3,funding,ETHUSDT,692467,gross,32385,-0.7703100564759485,-0.6351417138432471,0.45963493752301116,-0.7972982327357567,-0.016454255265059805,0.0030689674367058027,False,0.009306446361522447,False,False
R3,funding,ETHUSDT,693857,taker_4_1,32385,-0.297136182425105,0.015331286743637814,0.4523903482599322,-0.5534111699092479,-0.010325206601279084,0.010578014633594222,False,-0.2190192992677874,False,False
R3,funding,ETHUSDT,693857,maker_2_1,32385,-0.20778400729723356,0.0868505086698356,0.4523519837565871,-0.5247344100881555,-0.009535459937038093,0.011331975753618667,False,-0.21886363421170063,True,False
R3,funding,ETHUSDT,693857,no_fees,32385,-0.052067439402099125,0.19413767390795236,0.45232802436618724,-0.48381922644790065,-0.008328507190384606,0.01247161952312115,False,-0.21863013662755293,True,False
R3,funding,ETHUSDT,693857,gross,32385,-0.01960841796175561,0.214268440069023,0.4523251961827229,-0.48487785032907926,-0.008101803285324132,0.012723383894873982,False,0.009306446361522447,False,False
R3,funding,ETHUSDT,707014,taker_4_1,32385,-0.67259090519205,-0.43599175657992467,0.45492826904758726,-0.7214582790288816,-0.013526821125256898,0.004480270690741037,False,-0.2190192992677874,False,False
R3,funding,ETHUSDT,707014,maker_2_1,32385,-0.6355138761049743,-0.37228707308582004,0.4548851117394154,-0.6900394915085456,-0.01280065326866017,0.0051675044940020344,False,-0.21886363421170063,False,False
R3,funding,ETHUSDT,707014,no_fees,32385,-0.5719002881421291,-0.27668977002299644,0.4548493223262819,-0.6708768418532343,-0.011860253168007122,0.006186386840731977,False,-0.21863013662755293,False,False
R3,funding,ETHUSDT,707014,gross,32385,-0.5488681903153895,-0.24548119727875814,0.4548803968628303,-0.6673721531028756,-0.011534379271990547,0.006554492052779139,False,0.009306446361522447,False,False
R3,funding,ETHUSDT,765570,taker_4_1,32385,0.6423691108838667,0.5297506387554567,0.41814528568475284,-0.49454883163841534,-0.006149990618284916,0.017616903643242105,False,-0.2190192992677874,True,True
R3,funding,ETHUSDT,765570,maker_2_1,32385,0.8085694379438582,0.5921076138094342,0.41814782014592583,-0.49333241961826213,-0.005463450535957351,0.018364861456889488,False,-0.21886363421170063,True,True
R3,funding,ETHUSDT,765570,no_fees,32385,1.0898395322377077,0.6855960927846424,0.41817941315119,-0.49150322815740044,-0.004433298509593796,0.019485163684062584,False,-0.21863013662755293,True,True
R3,funding,ETHUSDT,765570,gross,32385,1.1358490966698498,0.6996686063929878,0.4181985218560052,-0.49454619689995805,-0.004285385277302259,0.019674531713568016,False,0.009306446361522447,True,True
R3,funding,ETHUSDT,891022,taker_4_1,32385,-0.4564225216483736,-0.16068114327052757,0.4355943006068552,-0.6172632097585887,-0.012059874129387622,0.008361778896758789,False,-0.2190192992677874,False,False
R3,funding,ETHUSDT,891022,maker_2_1,32385,-0.3972996936481801,-0.09660189294373264,0.435567492939953,-0.5842875217605042,-0.0114020147263763,0.00914293012289359,False,-0.21886363421170063,False,False
R3,funding,ETHUSDT,891022,no_fees,32385,-0.2963752185322117,-0.0004681959991544707,0.43555577536656337,-0.5325665965171235,-0.010438832135223397,0.01025702918720274,False,-0.21863013662755293,False,False
R3,funding,ETHUSDT,891022,gross,32385,-0.28499574100498715,0.009530879117379413,0.4355935287542499,-0.5368086378396366,-0.010354568148619148,0.010480308663919496,False,0.009306446361522447,False,False
R3,mean_reversion,BTCUSDT,278037,taker_4_1,32385,-0.651745939165408,-0.5466280486196653,0.38573581485457553,-0.7429309928031103,-0.01603884708441255,0.006161673020111768,False,0.522747844787544,False,False
R3,mean_reversion,BTCUSDT,278037,maker_2_1,32385,-0.6147103357414418,-0.4758525560035289,0.3856950180467758,-0.7221137972188589,-0.015280506934661214,0.0069530894562956445,False,0.5230520209126748,False,False
R3,mean_reversion,BTCUSDT,278037,no_fees,32385,-0.5516654210790246,-0.3696278100593068,0.3856686994968838,-0.6876962114285791,-0.014145031916970792,0.008116245944142276,False,0.5235082851004165,False,False
R3,mean_reversion,BTCUSDT,278037,gross,32385,-0.5632590054276561,-0.38803087420295673,0.38565428232009547,-0.6961600793538223,-0.014350492311133622,0.00771288643570885,False,1.0065896149726061,False,False
R3,mean_reversion,BTCUSDT,341110,taker_4_1,32385,-0.6693993931647269,-0.702191570787154,0.34263887649917973,-0.7140794704638138,-0.01778293067963593,0.0020971258188264555,False,0.522747844787544,False,False
R3,mean_reversion,BTCUSDT,341110,maker_2_1,32385,-0.6362841046052726,-0.6269603759596509,0.3425939802824204,-0.6886356394397677,-0.01701155003281041,0.0029082963500441797,False,0.5230520209126748,False,False
R3,mean_reversion,BTCUSDT,341110,no_fees,32385,-0.5803087512774734,-0.5140218743044722,0.3425631070353843,-0.653651329925118,-0.015720204333391784,0.004074327221683276,False,0.5235082851004165,False,False
R3,mean_reversion,BTCUSDT,341110,gross,32385,-0.5826964463040637,-0.5186044114182886,0.3425323066258881,-0.6584120694412305,-0.015765313770858016,0.004139147655582357,False,1.0065896149726061,False,False
R3,mean_reversion,BTCUSDT,605142,taker_4_1,32385,-0.4660238034948261,-0.21337532068711434,0.40697554838653094,-0.5722792125803724,-0.012487876058250427,0.008769488843841185,False,0.522747844787544,False,False
R3,mean_reversion,BTCUSDT,605142,maker_2_1,32385,-0.3834028904335154,-0.1178104132097591,0.40693576729990494,-0.5529488016475678,-0.011483358754005342,0.009814231218098726,False,0.5230520209126748,False,False
R3,mean_reversion,BTCUSDT,605142,no_fees,32385,-0.23495473316558302,0.025568793969847174,0.40692689678186983,-0.5285550742503875,-0.010084413220671922,0.011566691824711886,False,0.5235082851004165,False,False
R3,mean_reversion,BTCUSDT,605142,gross,32385,-0.22939262093077584,0.030359096334196502,0.4069005011580591,-0.5331860072328458,-0.010047495057045082,0.011583427516189758,False,1.0065896149726061,False,False
R3,mean_reversion,BTCUSDT,671194,taker_4_1,32385,-0.8080279221326596,-1.0272104327757272,0.3684384250441594,-0.8496290109871816,-0.021837133985817592,0.0002704215239810511,False,0.522747844787544,False,False
R3,mean_reversion,BTCUSDT,671194,maker_2_1,32385,-0.7844853144731986,-0.9424723808014723,0.368386925468292,-0.8316934879430065,-0.02100319566092194,0.0012791264964573934,False,0.5230520209126748,False,False
R3,mean_reversion,BTCUSDT,671194,no_fees,32385,-0.743661981809346,-0.8152397405677441,0.36834632900162007,-0.8007102735657974,-0.019650348324452498,0.00272081705193404,False,0.5235082851004165,False,False
R3,mean_reversion,BTCUSDT,671194,gross,32385,-0.749844841945122,-0.8332355804154686,0.36832552822380615,-0.8064456514004572,-0.01976392440141482,0.0024614345243977724,False,1.0065896149726061,False,False
R3,mean_reversion,BTCUSDT,683778,taker_4_1,32385,-0.5500791420364535,-0.42791692116371993,0.3563624936143829,-0.6725568755836602,-0.01493496771341453,0.0062584807072973,False,0.522747844787544,False,False
R3,mean_reversion,BTCUSDT,683778,maker_2_1,32385,-0.5095618755906739,-0.36250472729727484,0.35634520229505956,-0.6489422519232904,-0.014229629037007483,0.0069988641580024874,False,0.5230520209126748,False,False
R3,mean_reversion,BTCUSDT,683778,no_fees,32385,-0.44186626525537986,-0.2643513334182506,0.3563505358854178,-0.6103020012330875,-0.013162559916990514,0.00801926495423112,False,0.5235082851004165,False,False
R3,mean_reversion,BTCUSDT,683778,gross,32385,-0.4313615903971998,-0.2502272233915419,0.35633353539999585,-0.6075818731874174,-0.013071831825898156,0.008238230990655836,False,1.0065896149726061,False,False
R3,mean_reversion,BTCUSDT,692467,taker_4_1,32385,-0.5573317161455279,-0.39099011848845566,0.37950716340471213,-0.7738232726539794,-0.014272941233727974,0.00715616302355481,False,0.522747844787544,False,False
R3,mean_reversion,BTCUSDT,692467,maker_2_1,32385,-0.5219767560895846,-0.33627204254442983,0.37948289651285677,-0.7615028481980423,-0.013668997418578653,0.007746137359293107,False,0.5230520209126748,False,False
R3,mean_reversion,BTCUSDT,692467,no_fees,32385,-0.4636016305981199,-0.254162775590768,0.37947490696942693,-0.7417589662802971,-0.012761216741789065,0.008630522282735599,False,0.5235082851004165,False,False
R3,mean_reversion,BTCUSDT,692467,gross,32385,-0.4602218078718525,-0.24971341050973622,0.3794583215499788,-0.7404688551629848,-0.012771249944633202,0.008611375278325374,False,1.0065896149726061,False,False
R3,mean_reversion,BTCUSDT,693857,taker_4_1,32385,-0.6120297934514063,-0.6153141076740621,0.3284332758237431,-0.7039454379893793,-0.01692059314838191,0.0036779116212814454,False,0.522747844787544,False,False
R3,mean_reversion,BTCUSDT,693857,maker_2_1,32385,-0.5733452674678712,-0.5371293972480727,0.3283986074217598,-0.6853760525585254,-0.01614257025618965,0.004579741901158035,False,0.5230520209126748,False,False
R3,mean_reversion,BTCUSDT,693857,no_fees,32385,-0.5079888877362759,-0.41977604167751953,0.3283820642480931,-0.6553252982342874,-0.014929104162753046,0.005932490180516697,False,0.5235082851004165,False,False
R3,mean_reversion,BTCUSDT,693857,gross,32385,-0.5122765360326922,-0.42704149135550773,0.32835780003627946,-0.6611647589487404,-0.015100284024610128,0.005855082108768189,False,1.0065896149726061,False,False
R3,mean_reversion,BTCUSDT,707014,taker_4_1,32385,-0.5873397805375148,-0.454374050228701,0.37338017706993437,-0.6246414010124497,-0.014962171707738598,0.0057918796910401485,False,0.522747844787544,False,False
R3,mean_reversion,BTCUSDT,707014,maker_2_1,32385,-0.551606925698604,-0.39427589987594025,0.37335056135074657,-0.603245970262808,-0.01435218736721591,0.006466591843875704,False,0.5230520209126748,False,False
R3,mean_reversion,BTCUSDT,707014,no_fees,32385,-0.4921452500256863,-0.30408549190494644,0.3733372008563511,-0.5688552714503308,-0.013378289354750028,0.00751819268554419,False,0.5235082851004165,False,False
R3,mean_reversion,BTCUSDT,707014,gross,32385,-0.5032417680284655,-0.3201279894747754,0.37331763481142943,-0.5747173860926791,-0.01351536188686262,0.0074055135964594294,False,1.0065896149726061,False,False
R3,mean_reversion,BTCUSDT,765570,taker_4_1,32385,-0.8248502488351774,-1.2540759644726243,0.33176331749103766,-0.8485214226296629,-0.02403096332301989,-0.0021862875622608007,False,0.522747844787544,False,False
R3,mean_reversion,BTCUSDT,765570,maker_2_1,32385,-0.8059547415052378,-1.1707096934420438,0.3317283995457138,-0.8338846924317221,-0.023168752221318423,-0.00134264280557488,False,0.5230520209126748,False,False
R3,mean_reversion,BTCUSDT,765570,no_fees,32385,-0.773732501925309,-1.0455040227744816,0.3317151548458918,-0.8092440426023676,-0.021932653166117803,-2.9565582734854104e-05,False,0.5235082851004165,False,False
R3,mean_reversion,BTCUSDT,765570,gross,32385,-0.775100990681074,-1.050553523352986,0.33169045177182893,-0.810015536394448,-0.02215661873519506,3.8005877905078975e-05,False,1.0065896149726061,False,False
R3,mean_reversion,BTCUSDT,891022,taker_4_1,32385,-0.3625888518963386,-0.1914648370002126,0.3377947585276541,-0.632468744293476,-0.012394949701920975,0.008196519128203853,False,0.522747844787544,False,False
R3,mean_reversion,BTCUSDT,891022,maker_2_1,32385,-0.2755095955195038,-0.08897700501913239,0.33775447485871307,-0.6050117846828997,-0.011277672223959073,0.00942655836778547,False,0.5230520209126748,False,False
R3,mean_reversion,BTCUSDT,891022,no_fees,32385,-0.12213658859835863,0.06479183919582704,0.3377396572051512,-0.5599479419404396,-0.009601097720791534,0.011069004577161095,False,0.5235082851004165,False,False
R3,mean_reversion,BTCUSDT,891022,gross,32385,-0.11544252903055652,0.07084144763720021,0.33769683314052024,-0.5559413309695875,-0.0094966572917907,0.011304657122187289,False,1.0065896149726061,False,False
R3,mean_reversion,ETHUSDT,278037,taker_4_1,32385,-0.8032163188714173,-0.934423352032666,0.3892084828716438,-0.8433306893383572,-0.01923091816550285,-0.0005245634788615684,False,-0.2190192992677874,False,False
R3,mean_reversion,ETHUSDT,278037,maker_2_1,32385,-0.7784752400467935,-0.8521645416887007,0.38919574795868744,-0.8248250393938817,-0.018460574316914762,0.00044600316777973584,False,-0.21886363421170063,False,False
R3,mean_reversion,ETHUSDT,278037,no_fees,32385,-0.7354250403429867,-0.7286974053629495,0.3892134040439531,-0.7984733881431262,-0.017303648867665732,0.001901586782619427,False,-0.21863013662755293,False,False
R3,mean_reversion,ETHUSDT,278037,gross,32385,-0.7346805268394117,-0.7267000918642016,0.38922869292438106,-0.795940789084713,-0.017355726795620106,0.0019072879097713268,False,0.009306446361522447,False,False
R3,mean_reversion,ETHUSDT,341110,taker_4_1,32385,-0.794955751913106,-0.8648342760761392,0.40189081187366127,-0.8374392631382105,-0.01939516017936035,0.0005633655892845266,False,-0.2190192992677874,False,False
R3,mean_reversion,ETHUSDT,341110,maker_2_1,32385,-0.7789348176493396,-0.8142534145163838,0.40187449559139415,-0.8252953429456245,-0.018851307916924645,0.0011166023341538486,False,-0.21886363421170063,False,False
R3,mean_reversion,ETHUSDT,341110,no_fees,32385,-0.7525332992154576,-0.7383386522337502,0.40186948859519217,-0.805987104868872,-0.018034487872320797,0.001951574169451697,False,-0.21863013662755293,False,False
R3,mean_reversion,ETHUSDT,341110,gross,32385,-0.7501080118290413,-0.7317380592359811,0.4018823893846943,-0.803824992830706,-0.018049162042270025,0.0020279895314821517,False,0.009306446361522447,False,False
R3,mean_reversion,ETHUSDT,605142,taker_4_1,32385,-0.729880081304648,-0.7136865790181268,0.389490300764164,-0.8204867489218131,-0.017702774141386223,0.002268934730143969,False,-0.2190192992677874,False,False
R3,mean_reversion,ETHUSDT,605142,maker_2_1,32385,-0.7060932975750265,-0.6550590722210238,0.3894979590522579,-0.8053380922120512,-0.017155874394657936,0.002852754719812857,False,-0.21886363421170063,False,False
R3,mean_reversion,ETHUSDT,605142,no_fees,32385,-0.6664391526615128,-0.5670905519108035,0.38953113926495897,-0.780896380543678,-0.016197015089061902,0.003783722974340128,False,-0.21863013662755293,False,False
R3,mean_reversion,ETHUSDT,605142,gross,32385,-0.6609637527967118,-0.5557406566438533,0.3895495047775633,-0.777262090991353,-0.01613937228795475,0.004029271805111012,False,0.009306446361522447,False,False
R3,mean_reversion,ETHUSDT,671194,taker_4_1,32385,-0.8868184963769781,-1.2645631578067347,0.4019449216615821,-0.9102687892991437,-0.023401839226686,-0.0037069252397047897,False,-0.2190192992677874,False,False
R3,mean_reversion,ETHUSDT,671194,maker_2_1,32385,-0.8787068001312169,-1.2180137163269733,0.40193836681076306,-0.9041437160715315,-0.02294691468316402,-0.0032022439763525097,False,-0.21886363421170063,False,False
R3,mean_reversion,ETHUSDT,671194,no_fees,32385,-0.8654397853566246,-1.1481373526680456,0.40194581211071406,-0.8945053345372843,-0.022173419303413475,-0.0024391984823143626,False,-0.21863013662755293,False,False
R3,mean_reversion,ETHUSDT,671194,gross,32385,-0.8683119902539997,-1.1625367219249054,0.4019764473412793,-0.896619749816237,-0.022386286607688245,-0.002628639375083846,False,0.009306446361522447,False,False
R3,mean_reversion,ETHUSDT,683778,taker_4_1,32385,-0.8136768515758106,-0.921589152463687,0.40416662423872124,-0.8509347365038046,-0.01980951133591039,-0.00030000599347347357,False,-0.2190192992677874,False,False
R3,mean_reversion,ETHUSDT,683778,maker_2_1,32385,-0.7914562979235514,-0.8463084127523661,0.40412899953909603,-0.833758074337678,-0.01909010968458295,0.0005582739692763417,False,-0.21886363421170063,False,False
R3,mean_reversion,ETHUSDT,683778,no_fees,32385,-0.7530721465075388,-0.7332993261506862,0.4041065561780334,-0.8042215357625824,-0.01796909916093489,0.001845652786877673,False,-0.21863013662755293,False,False
R3,mean_reversion,ETHUSDT,683778,gross,32385,-0.7465282155831249,-0.7158004007176142,0.40410378521377255,-0.8014947869542359,-0.017799780177536362,0.0020569253111660233,False,0.009306446361522447,False,False
R3,mean_reversion,ETHUSDT,692467,taker_4_1,32385,-0.7607060372143872,-0.7116511417751653,0.41948359108245314,-0.8221337719273245,-0.016734724346530058,0.0014689175207071709,False,-0.2190192992677874,False,False
R3,mean_reversion,ETHUSDT,692467,maker_2_1,32385,-0.7366386682300852,-0.649900521025524,0.4194680405200303,-0.8078881786337337,-0.016123415262736633,0.0021304193805091387,False,-0.21886363421170063,False,False
R3,mean_reversion,ETHUSDT,692467,no_fees,32385,-0.6959379341785825,-0.5572266880977799,0.4194743098039313,-0.785052229838018,-0.015205492657075978,0.0031224755009246264,False,-0.21863013662755293,False,False
R3,mean_reversion,ETHUSDT,692467,gross,32385,-0.690504697893378,-0.5458175434442019,0.41946915999994083,-0.7815540502943754,-0.015169778806852881,0.0032942290496327845,False,0.009306446361522447,False,False
R3,mean_reversion,ETHUSDT,693857,taker_4_1,32385,-0.8449336385639588,-0.9487004442872854,0.43248954078388896,-0.8713052316153247,-0.019547793518738556,-0.0009152640350284643,False,-0.2190192992677874,False,False
R3,mean_reversion,ETHUSDT,693857,maker_2_1,32385,-0.8239927820830003,-0.8695935559396852,0.4324529246865971,-0.856703495297112,-0.01868908524732858,5.712912215106782e-06,False,-0.21886363421170063,False,False
R3,mean_reversion,ETHUSDT,693857,no_fees,32385,-0.7871740076343628,-0.7508463068922913,0.4324335874991455,-0.831734208506973,-0.01753559213681505,0.001405702691925327,False,-0.21863013662755293,False,False
R3,mean_reversion,ETHUSDT,693857,gross,32385,-0.7916243902336711,-0.7639701126441963,0.43246732878502864,-0.8352163703963271,-0.017664079200763932,0.001318232044469619,False,0.009306446361522447,False,False
R3,mean_reversion,ETHUSDT,707014,taker_4_1,32385,-0.8534244031223481,-0.9293366972891255,0.4497086736659699,-0.9040871647306403,-0.019497727501778205,-0.0001760934153676885,False,-0.2190192992677874,False,False
R3,mean_reversion,ETHUSDT,707014,maker_2_1,32385,-0.837680728730737,-0.8679999570651794,0.4497007392324005,-0.8944825540180721,-0.018904149203001566,0.00046962469168419964,False,-0.21886363421170063,False,False
R3,mean_reversion,ETHUSDT,707014,no_fees,32385,-0.81084771545829,-0.7759409710351229,0.4497177086921141,-0.8782481578873463,-0.01801642666135472,0.0015336315372516474,False,-0.21863013662755293,False,False
R3,mean_reversion,ETHUSDT,707014,gross,32385,-0.814449013579539,-0.787403850144335,0.4497531669703729,-0.880545988173153,-0.018134727599102018,0.0014216895920916026,False,0.009306446361522447,False,False
R3,mean_reversion,ETHUSDT,765570,taker_4_1,32385,-0.7439147633201971,-0.6525996272887912,0.4254519274229627,-0.7874662827189934,-0.01668832325072801,0.002361605937233627,False,-0.2190192992677874,False,False
R3,mean_reversion,ETHUSDT,765570,maker_2_1,32385,-0.710894692418937,-0.5756023872325441,0.4254077258874397,-0.7646245389381932,-0.015930462547024994,0.0033282307797704745,False,-0.21886363421170063,False,False
R3,mean_reversion,ETHUSDT,765570,no_fees,32385,-0.6532319379274978,-0.4600387352187826,0.4253763597289158,-0.7298411785139886,-0.01469784474136191,0.004687589450159875,False,-0.21863013662755293,False,False
R3,mean_reversion,ETHUSDT,765570,gross,32385,-0.6468155057958427,-0.4483788722783785,0.42537706800164615,-0.7286691640852644,-0.014569999492791027,0.004784335083889021,False,0.009306446361522447,False,False
R3,mean_reversion,ETHUSDT,891022,taker_4_1,32385,-0.7557035470971953,-0.6903832270241183,0.4224539108869743,-0.8209003426684613,-0.01788783657126602,0.003396266899346143,False,-0.2190192992677874,False,False
R3,mean_reversion,ETHUSDT,891022,maker_2_1,32385,-0.7235455745718657,-0.6112908195771811,0.4224206054797542,-0.8127994838502856,-0.017105222177391098,0.004300787783561176,False,-0.21886363421170063,False,False
R3,mean_reversion,ETHUSDT,891022,no_fees,32385,-0.6672195294465555,-0.4925860188105988,0.42240734811509484,-0.7999593473218054,-0.015865152991167066,0.005654338990304927,False,-0.21863013662755293,False,False
R3,mean_reversion,ETHUSDT,891022,gross,32385,-0.6631940550210629,-0.48486489233049235,0.4224173685177809,-0.7988028789009394,-0.01581827225170142,0.0058363139812409376,False,0.009306446361522447,False,False
R3,volatility_breakout,BTCUSDT,278037,taker_4_1,32385,-0.4890282937431637,-0.45713745867103317,0.2992543503141757,-0.5308585708524405,-0.017247089500933864,0.007421531381618797,False,0.522747844787544,False,False
R3,volatility_breakout,BTCUSDT,278037,maker_2_1,32385,-0.4657072162862188,-0.4168589298951109,0.29922897292501865,-0.5248122072118897,-0.016817566116380807,0.007885032453630514,False,0.5230520209126748,False,False
R3,volatility_breakout,BTCUSDT,278037,no_fees,32385,-0.42872588130256717,-0.35640753347028525,0.2992083606684535,-0.5155989964972371,-0.016057456891075825,0.008579966211204992,False,0.5235082851004165,False,False
R3,volatility_breakout,BTCUSDT,278037,gross,32385,-0.4045726716606455,-0.3189499238371285,0.2992198155680744,-0.5207814301592093,-0.01590419606486538,0.008915663153169969,False,1.0065896149726061,False,False
R3,volatility_breakout,BTCUSDT,341110,taker_4_1,32385,0.05599892196425538,0.21524139709601406,0.34494104563767075,-0.48159571410548707,-0.008596132225445884,0.013893548280457343,False,0.522747844787544,False,True
R3,volatility_breakout,BTCUSDT,341110,maker_2_1,32385,0.11441629469941206,0.2574553537445194,0.3449073967867913,-0.4732286450272293,-0.008129011629866428,0.014234775997303464,False,0.5230520209126748,False,True
R3,volatility_breakout,BTCUSDT,341110,no_fees,32385,0.2081241961395539,0.3207719997149525,0.3448781403994112,-0.4604278767056109,-0.0074276991878964305,0.01476148859444193,False,0.5235082851004165,False,True
R3,volatility_breakout,BTCUSDT,341110,gross,32385,0.2690442003891209,0.3593547842111691,0.3448869432010225,-0.4623046943662854,-0.0070543776932363135,0.015443650615427138,False,1.0065896149726061,False,True
R3,volatility_breakout,BTCUSDT,605142,taker_4_1,32385,0.2576845519347035,0.3539721718867366,0.318814805071221,-0.3239231204922264,-0.0060479305844965735,0.014035303605890196,False,0.522747844787544,False,True
R3,volatility_breakout,BTCUSDT,605142,maker_2_1,32385,0.316651052314459,0.39284976685414463,0.318799393608193,-0.3175311620099678,-0.005569571846309534,0.014491901844602003,False,0.5230520209126748,False,True
R3,volatility_breakout,BTCUSDT,605142,no_fees,32385,0.41029250306613085,0.45114588499442987,0.31879558241181544,-0.3078331185716139,-0.004886081473511343,0.015175858538583987,False,0.5235082851004165,False,True
R3,volatility_breakout,BTCUSDT,605142,gross,32385,0.4800375357421516,0.4920871072133254,0.31882198927139094,-0.30990257376997443,-0.004543812499124716,0.015616747778575102,False,1.0065896149726061,False,True
R3,volatility_breakout,BTCUSDT,671194,taker_4_1,32385,0.07385128226389659,0.21551070298799346,0.30451051026298737,-0.39769850252271555,-0.007670802720021805,0.01152186796175645,False,0.522747844787544,False,True
R3,volatility_breakout,BTCUSDT,671194,maker_2_1,32385,0.13845903047403763,0.26740436465917217,0.30449098041824474,-0.3780973281901018,-0.0071750475886739615,0.012051969550313714,False,0.5230520209126748,False,True
R3,volatility_breakout,BTCUSDT,671194,no_fees,32385,0.2427007132672956,0.3452326082444632,0.3044834966241789,-0.34750216796707634,-0.006430951499518322,0.012966949541797725,False,0.5235082851004165,False,True
R3,volatility_breakout,BTCUSDT,671194,gross,32385,0.31508819032856206,0.3955276668758491,0.3044812289057307,-0.3326418317692468,-0.00600210924712929,0.01371792123347695,False,1.0065896149726061,False,True
R3,volatility_breakout,BTCUSDT,683778,taker_4_1,32385,-0.12967594466661614,0.05852828214267645,0.3388185772849639,-0.4917252508800861,-0.011024937805180388,0.010731030853720227,False,0.522747844787544,False,False
R3,volatility_breakout,BTCUSDT,683778,maker_2_1,32385,-0.07103405109892591,0.11058184698935822,0.33881494489814934,-0.4826926787707828,-0.010492148740977378,0.011215663008721231,False,0.5230520209126748,False,False
R3,volatility_breakout,BTCUSDT,683778,no_fees,32385,0.02438811166197974,0.18865059368707732,0.3388340890267451,-0.46884555048984067,-0.009623720039394169,0.012024880816209971,False,0.5235082851004165,False,True
R3,volatility_breakout,BTCUSDT,683778,gross,32385,0.05165428203646938,0.20962828903030428,0.3388564411446921,-0.4733728072833676,-0.009430884682941811,0.01234178018962221,False,1.0065896149726061,False,True
R3,volatility_breakout,BTCUSDT,692467,taker_4_1,32385,0.12668850865878234,0.26111098037115416,0.32097807206696927,-0.44553039807960737,-0.00888427416250687,0.013684861493649668,False,0.522747844787544,False,True
R3,volatility_breakout,BTCUSDT,692467,maker_2_1,32385,0.18973879534328497,0.30699475611495025,0.3209366210414318,-0.44352761772450644,-0.008373800068622747,0.014231076296991699,False,0.5230520209126748,False,True
R3,volatility_breakout,BTCUSDT,692467,no_fees,32385,0.2909587436481116,0.37581809528216814,0.320895407016807,-0.44051071697789035,-0.007607460643805755,0.015049599672472384,False,0.5235082851004165,False,True
R3,volatility_breakout,BTCUSDT,692467,gross,32385,0.3687919583485524,0.4251565784686215,0.32092101255990063,-0.444504517263801,-0.007195153025909505,0.01580589703616347,False,1.0065896149726061,False,True
R3,volatility_breakout,BTCUSDT,693857,taker_4_1,32385,0.823643808866944,0.6555544892578444,0.33192106521083126,-0.35755994533679714,-0.004406191469723655,0.015457352545404963,False,0.522747844787544,True,True
R3,volatility_breakout,BTCUSDT,693857,maker_2_1,32385,0.9163996252568478,0.6959954888671123,0.3319115279109571,-0.3534309257507312,-0.003968631918415392,0.01592398450696991,False,0.5230520209126748,True,True
R3,volatility_breakout,BTCUSDT,693857,no_fees,32385,1.0644085789591187,0.7566209229474026,0.33191495389388076,-0.3471893541237624,-0.00331195847934222,0.0166430489691173,False,0.5235082851004165,True,True
R3,volatility_breakout,BTCUSDT,693857,gross,32385,1.1973744019082129,0.8074683162825221,0.33192933188996077,-0.3449729832077846,-0.0029938335820675005,0.017367463763756134,False,1.0065896149726061,True,True
R3,volatility_breakout,BTCUSDT,707014,taker_4_1,32385,-0.5616836965406273,-0.5367918147804753,0.3201204602017524,-0.6803771646667482,-0.016691142005675702,0.004955187462646612,False,0.522747844787544,False,False
R3,volatility_breakout,BTCUSDT,707014,maker_2_1,32385,-0.5375495564260518,-0.491494854666401,0.3201243657714041,-0.6640585083106467,-0.016210352113578044,0.005469046764387028,False,0.5230520209126748,False,False
R3,volatility_breakout,BTCUSDT,707014,no_fees,32385,-0.4988468952377858,-0.4235230000833783,0.3201517565237121,-0.6406561373243052,-0.015488123640065955,0.006239318554266233,False,0.5235082851004165,False,False
R3,volatility_breakout,BTCUSDT,707014,gross,32385,-0.471596133059733,-0.378757849921984,0.3201662115923944,-0.6316325490578831,-0.015023876656610266,0.006783200028742943,False,1.0065896149726061,False,False
R3,volatility_breakout,BTCUSDT,765570,taker_4_1,32385,-0.3782427329554586,-0.43916753686871307,0.23157434731549953,-0.5174737675679506,-0.016978126930144537,0.00552108596166213,False,0.522747844787544,False,False
R3,volatility_breakout,BTCUSDT,765570,maker_2_1,32385,-0.3466386593075148,-0.3811892615861065,0.23159979269713765,-0.5120388993686298,-0.016362720330610363,0.006155694299172682,False,0.5230520209126748,False,False
R3,volatility_breakout,BTCUSDT,765570,no_fees,32385,-0.29620934258544396,-0.29421591525752727,0.2316614357039192,-0.5037739087319661,-0.015565707809139216,0.007134356665314907,False,0.5235082851004165,False,False
R3,volatility_breakout,BTCUSDT,765570,gross,32385,-0.27945643595661807,-0.2667014857497446,0.23168406644148656,-0.5063470391907814,-0.015468996310943775,0.007673668603828306,False,1.0065896149726061,False,False
R3,volatility_breakout,BTCUSDT,891022,taker_4_1,32385,1.3143728877484486,0.8354792431613381,0.34141207036129356,-0.41891093965044734,-0.0012599304137501505,0.020167502037892564,False,0.522747844787544,True,True
R3,volatility_breakout,BTCUSDT,891022,maker_2_1,32385,1.4927961503883846,0.8944016503890648,0.34136058618076176,-0.41505983451603723,-0.0005390659520893942,0.020755672099622,False,0.5230520209126748,True,True
R3,volatility_breakout,BTCUSDT,891022,no_fees,32385,1.786464011848004,0.9827486694993162,0.3413076428667346,-0.4092367330156248,0.0005241615810505312,0.021534261571686808,True,0.5235082851004165,True,True
R3,volatility_breakout,BTCUSDT,891022,gross,32385,1.878760907053496,1.008554777384737,0.34131713626025356,-0.41050924241257836,0.0006855160494601005,0.022005330970577032,True,1.0065896149726061,True,True
R3,volatility_breakout,ETHUSDT,278037,taker_4_1,32385,-0.7458290198019661,-0.7112928923009461,0.4053039179322547,-0.8923641364992145,-0.018727096877793056,0.0022991480621985393,False,-0.2190192992677874,False,False
R3,volatility_breakout,ETHUSDT,278037,maker_2_1,32385,-0.7310235083137984,-0.6735315970474025,0.4052961231427025,-0.8906268097336438,-0.018293711836871576,0.002706720940131102,False,-0.21886363421170063,False,False
R3,volatility_breakout,ETHUSDT,278037,no_fees,32385,-0.7071897935429186,-0.6168622056126835,0.4053006755776739,-0.8879688575781107,-0.017562170047253575,0.003332560893676406,False,-0.21863013662755293,False,False
R3,volatility_breakout,ETHUSDT,278037,gross,32385,-0.6977095634829511,-0.5955336852483254,0.4053272157324696,-0.890326999948174,-0.01760248169769056,0.003614118910824786,False,0.009306446361522447,False,False
R3,volatility_breakout,ETHUSDT,341110,taker_4_1,32385,-0.8142867994073276,-0.7924042109181065,0.4479698397024991,-0.9078929896144265,-0.01985840871299996,0.0026233445588011817,False,-0.2190192992677874,False,False
R3,volatility_breakout,ETHUSDT,341110,maker_2_1,32385,-0.7999438158014073,-0.7474665354635932,0.4479776670010709,-0.9048782980635461,-0.019435830560365547,0.0030931602397821652,False,-0.21886363421170063,False,False
R3,volatility_breakout,ETHUSDT,341110,no_fees,32385,-0.7763330000578701,-0.680033976741537,0.4480085057497407,-0.9001717082251139,-0.018801267397058747,0.0037976740443357426,False,-0.21863013662755293,False,False
R3,volatility_breakout,ETHUSDT,341110,gross,32385,-0.7686259620761902,-0.6594944494532394,0.44804451534179457,-0.9007392902433782,-0.018667026752774197,0.003919817818865999,False,0.009306446361522447,False,False
R3,volatility_breakout,ETHUSDT,605142,taker_4_1,32385,-0.7442694769324811,-0.6859030180132367,0.413127731813806,-0.8110196382053286,-0.017851123526808246,0.002801427000610857,False,-0.2190192992677874,False,False
R3,volatility_breakout,ETHUSDT,605142,maker_2_1,32385,-0.7268021089293,-0.6427569317168663,0.4130843797811247,-0.8074662393700472,-0.017412705328889926,0.00322889066773803,False,-0.21886363421170063,False,False
R3,volatility_breakout,ETHUSDT,605142,no_fees,32385,-0.6983471525122438,-0.5779956286871291,0.41303735228739896,-0.8020123053444002,-0.016698068742578162,0.003912776726447811,False,-0.21863013662755293,False,False
R3,volatility_breakout,ETHUSDT,605142,gross,32385,-0.6811334939167473,-0.541537866249339,0.41308848184098407,-0.7987672083316728,-0.016253418730994867,0.004555772897690013,False,0.009306446361522447,False,False
R3,volatility_breakout,ETHUSDT,671194,taker_4_1,32385,-0.6533479451084837,-0.5135143382208621,0.4011580082531209,-0.8144964353978403,-0.016166352901161748,0.004698552021781885,False,-0.2190192992677874,False,False
R3,volatility_breakout,ETHUSDT,671194,maker_2_1,32385,-0.6303729651320651,-0.47019904401363705,0.4011802533918464,-0.8085397319597657,-0.015773429707314674,0.005123684323819577,False,-0.21886363421170063,False,False
R3,volatility_breakout,ETHUSDT,671194,no_fees,32385,-0.5930348423211957,-0.4052173481169024,0.40123120620426034,-0.7992468066988205,-0.015192187597318628,0.005773260458088746,False,-0.21863013662755293,False,False
R3,volatility_breakout,ETHUSDT,671194,gross,32385,-0.5768299164888174,-0.37880279875519707,0.40127951190228,-0.7995918823577162,-0.014998039537833933,0.006167293588381551,False,0.009306446361522447,False,False
R3,volatility_breakout,ETHUSDT,683778,taker_4_1,32385,-0.37283162807241754,-0.11320602368236543,0.4018515004007006,-0.6796272361275393,-0.012889474580169681,0.008474871372941605,False,-0.2190192992677874,False,False
R3,volatility_breakout,ETHUSDT,683778,maker_2_1,32385,-0.33153257082865517,-0.07025699555253063,0.40187302319048646,-0.6715185866463063,-0.012384968073515641,0.008927013193715574,False,-0.21886363421170063,False,False
R3,volatility_breakout,ETHUSDT,683778,no_fees,32385,-0.2644521966932578,-0.005841776213861852,0.4019260948639222,-0.6589728924728053,-0.011628000511740965,0.009604553225017071,False,-0.21863013662755293,False,False
R3,volatility_breakout,ETHUSDT,683778,gross,32385,-0.21431430859434342,0.03859282109201206,0.40199293746593584,-0.6527083514585379,-0.011073485126484352,0.01021410730520907,False,0.009306446361522447,False,False
R3,volatility_breakout,ETHUSDT,692467,taker_4_1,32385,-0.7262153828026401,-0.6388132807368282,0.4141547784978569,-0.8602779024298565,-0.01802410463570168,0.003421419452647144,False,-0.2190192992677874,False,False
R3,volatility_breakout,ETHUSDT,692467,maker_2_1,32385,-0.7085910646566518,-0.5980386851667302,0.41416826954523334,-0.8567988499584718,-0.01763079071656768,0.0038079742894233733,False,-0.21886363421170063,False,False
R3,volatility_breakout,ETHUSDT,692467,no_fees,32385,-0.6800132417891287,-0.5368593625072191,0.4142057953044684,-0.8514188329565622,-0.016995209423029005,0.0044128291106635305,False,-0.21863013662755293,False,False
R3,volatility_breakout,ETHUSDT,692467,gross,32385,-0.6772627214455342,-0.5311904042579173,0.4142412269424807,-0.8556506509731789,-0.016991914311808822,0.004310218871250664,False,0.009306446361522447,False,False
R3,volatility_breakout,ETHUSDT,693857,taker_4_1,32385,-0.7530852602318072,-0.8330699627385457,0.3711750255945339,-0.8624894327954719,-0.019345326671725217,0.0017542291009178049,False,-0.2190192992677874,False,False
R3,volatility_breakout,ETHUSDT,693857,maker_2_1,32385,-0.7386046553960052,-0.7915069589676743,0.37118626971424556,-0.85937185112702,-0.01895024766011752,0.0022203360049758195,False,-0.21886363421170063,False,False
R3,volatility_breakout,ETHUSDT,693857,no_fees,32385,-0.715282498995316,-0.7291347026843538,0.3712196673281812,-0.8545638098984012,-0.018356871417054645,0.0029307309889176,False,-0.21863013662755293,False,False
R3,volatility_breakout,ETHUSDT,693857,gross,32385,-0.6957850983438482,-0.6807542174136889,0.37126245713665595,-0.8518301851572976,-0.018010132657414458,0.0036088861327836863,False,0.009306446361522447,False,False
R3,volatility_breakout,ETHUSDT,707014,taker_4_1,32385,0.2152912083908871,0.32953663281543666,0.38722427804571596,-0.6475087505693375,-0.006785545646989154,0.01427023766180719,False,-0.2190192992677874,True,True
R3,volatility_breakout,ETHUSDT,707014,maker_2_1,32385,0.2950695290052354,0.373949929402144,0.3872392892580668,-0.6437507147222359,-0.006263252750959702,0.014704729242185634,False,-0.21886363421170063,True,True
R3,volatility_breakout,ETHUSDT,707014,no_fees,32385,0.42462618710884104,0.4405429861481372,0.38727976716611506,-0.6380398441490039,-0.005479421201263948,0.015358516984331494,False,-0.21863013662755293,True,True
R3,volatility_breakout,ETHUSDT,707014,gross,32385,0.5020947113080247,0.4775136432817734,0.3873263120860388,-0.6387642706059049,-0.005100537542999494,0.015793576584081447,False,0.009306446361522447,True,True
R3,volatility_breakout,ETHUSDT,765570,taker_4_1,32385,-0.7857633359386752,-0.7626895301294696,0.426836891627548,-0.8224076567709646,-0.019491875918594772,0.0012934068010438755,False,-0.2190192992677874,False,False
R3,volatility_breakout,ETHUSDT,765570,maker_2_1,32385,-0.7708275299766207,-0.7199624763826559,0.42684533565397975,-0.8181662986299371,-0.019018236515366774,0.0017333032678998718,False,-0.21886363421170063,False,False
R3,volatility_breakout,ETHUSDT,765570,no_fees,32385,-0.7464569123530095,-0.655844725302971,0.4268777485695635,-0.8139670374529403,-0.018306988561814598,0.0024458888068698234,False,-0.21863013662755293,False,False
R3,volatility_breakout,ETHUSDT,765570,gross,32385,-0.7350739117838021,-0.6279374297362313,0.4269112299524095,-0.8142365786697713,-0.018090118446055268,0.0027870790787998053,False,0.009306446361522447,False,False
R3,volatility_breakout,ETHUSDT,891022,taker_4_1,32385,-0.37096608200862635,-0.1395799341453332,0.380510722695294,-0.7015379170063027,-0.012850649236703413,0.00761719622313968,False,-0.2190192992677874,False,False
R3,volatility_breakout,ETHUSDT,891022,maker_2_1,32385,-0.3275450873935445,-0.09208379469111654,0.3805507327898918,-0.6907292499506388,-0.01228987676300253,0.008111935284565757,False,-0.21886363421170063,False,False
R3,volatility_breakout,ETHUSDT,891022,no_fees,32385,-0.25675030302655266,-0.020857232539978444,0.3806303847418634,-0.6737827421149212,-0.011478024886469788,0.008869395469046028,False,-0.21863013662755293,False,False
R3,volatility_breakout,ETHUSDT,891022,gross,32385,-0.22787540716474786,0.006262820114120554,0.38066783581596475,-0.6758097517819294,-0.011216120846147794,0.009276589109409192,False,0.009306446361522447,False,False
S1,funding_reversal,BTCUSDT,42,taker_4_1,32385,-0.383293830951394,-0.3246481159678953,0.28103135164249876,-0.5574522140065648,-0.01464996858481039,0.007596669166571805,False,0.522747844787544,False,False
S1,funding_reversal,BTCUSDT,42,maker_2_1,32385,-0.31417635147817224,-0.22244851291787449,0.28100734555776474,-0.5135207311553454,-0.013637273069282483,0.008665075482572495,False,0.5230520209126748,False,False
S1,funding_reversal,BTCUSDT,42,no_fees,32385,-0.19574205927244648,-0.06910652142629066,0.28101135301030633,-0.46659333575852513,-0.012118020203953502,0.010120512540163891,False,0.5235082851004165,False,False
S1,funding_reversal,BTCUSDT,42,gross,32385,-0.20798303643520044,-0.08392726652084184,0.28096634565301615,-0.4725224988149198,-0.01224472276001653,0.009958250710267487,False,1.0065896149726061,False,False
S1,intraday_seasonality,BTCUSDT,42,taker_4_1,32385,-0.42017488150678006,-0.7451309101821212,0.17686782624438854,-0.4968198622225729,-0.021407679472579932,0.004011845016412969,False,0.522747844787544,False,False
S1,intraday_seasonality,BTCUSDT,42,maker_2_1,32385,-0.23472164191571265,-0.32117810772728167,0.17670633084058057,-0.3495035953386594,-0.017072556386000522,0.008844619262101358,False,0.5230520209126748,False,False
S1,intraday_seasonality,BTCUSDT,42,no_fees,32385,0.1602667272259688,0.31593340996537544,0.17661637661624777,-0.3284649930440683,-0.010283892130709252,0.015796748714424325,False,0.5235082851004165,False,True
S1,intraday_seasonality,BTCUSDT,42,gross,32385,0.17505678818120574,0.33533781695092474,0.176610044278619,-0.33043988065977137,-0.010077089816292014,0.01603319527372317,False,1.0065896149726061,False,True
S1,mtf_trend_consensus,BTCUSDT,42,taker_4_1,32385,-0.678255543402934,-0.513869707366042,0.4228628724784612,-0.8813460531588592,-0.01678905901538098,0.005189590182882028,False,0.522747844787544,False,False
S1,mtf_trend_consensus,BTCUSDT,42,maker_2_1,32385,-0.48840168414544927,-0.21756414710930688,0.4226282721855319,-0.815995290431883,-0.013470389618098067,0.007906665073765109,False,0.5230520209126748,False,False
S1,mtf_trend_consensus,BTCUSDT,42,no_fees,32385,0.025454708881457844,0.22740513528703699,0.4224738888487604,-0.6649474455623194,-0.008296302958588435,0.012520396545728221,False,0.5235082851004165,False,True
S1,mtf_trend_consensus,BTCUSDT,42,gross,32385,0.1012550039462965,0.27305252494467214,0.4224440684480419,-0.6644871276275934,-0.007963628739821024,0.012894070292836214,False,1.0065896149726061,False,True
S1,xasset_spread_reversion,BTCUSDT,42,taker_4_1,32385,-0.8397728041122541,-1.259145840209301,0.3458058834395791,-0.8788077142447566,-0.022665162621826586,-0.003955782611637544,False,0.522747844787544,False,False
S1,xasset_spread_reversion,BTCUSDT,42,maker_2_1,32385,-0.7916233870402849,-1.0540568181759402,0.3457004298611519,-0.8503656818605148,-0.020570416408801032,-0.0013904671088207543,False,0.5230520209126748,False,False
S1,xasset_spread_reversion,BTCUSDT,42,no_fees,32385,-0.6909920422617062,-0.7460072382773489,0.34562624213924803,-0.7979908664719462,-0.01745764157438797,0.0019637907839690095,False,0.5235082851004165,False,False
S1,xasset_spread_reversion,BTCUSDT,42,gross,32385,-0.6796217127350901,-0.7178981919612429,0.3455708485382473,-0.7914476886838334,-0.017117680381541923,0.0021861034893680452,False,1.0065896149726061,False,False
S2,flow_price_divergence,BTCUSDT,42,taker_4_1,30226,-0.16709073719014367,-0.890642133142844,0.05763248807855214,-0.1998910381447785,-0.023992980219793177,0.0033397960650700387,False,0.7815749946615533,False,False
S2,flow_price_divergence,BTCUSDT,42,maker_2_1,30226,-0.14719718622357258,-0.7721818370614103,0.05761628353946225,-0.1821647433449377,-0.022628453256755162,0.004373769164767639,False,0.7819308727410239,False,False
S2,flow_price_divergence,BTCUSDT,42,no_fees,30226,-0.11647024510723492,-0.5939091794997635,0.05763631405444449,-0.1592269016865473,-0.02044782939804204,0.005997772696269481,False,0.7824646898602525,False,False
S2,flow_price_divergence,BTCUSDT,42,gross,30226,-0.11601363399774778,-0.5912591345924293,0.05764096510562501,-0.15934972277614534,-0.020413203653018356,0.006037134359695068,False,1.3159229603169278,False,False
S2,flow_price_divergence,BTCUSDT,43,taker_4_1,30226,0.1551342809500793,0.7112527970818816,0.06138889896132428,-0.041538981543958076,-0.003089486483032661,0.015575618056949174,False,0.7815749946615533,False,True
S2,flow_price_divergence,BTCUSDT,43,maker_2_1,30226,0.17283495399644266,0.7834220007732399,0.061356765705712885,-0.04096334423959902,-0.002283805793130932,0.016258699248665128,False,0.7819308727410239,False,True
S2,flow_price_divergence,BTCUSDT,43,no_fees,30226,0.19988898281208378,0.8914273892216776,0.061335406441877016,-0.040099456206266426,-0.0011312064175159932,0.017359949842834222,False,0.7824646898602525,False,True
S2,flow_price_divergence,BTCUSDT,43,gross,30226,0.19850336877672836,0.887179837796708,0.06124553287087836,-0.04005202735624991,-0.0011060800305362126,0.017289001661170707,False,1.3159229603169278,False,True
S2,flow_price_divergence,BTCUSDT,44,taker_4_1,30226,-0.14319278467520735,-0.5342047968703739,0.07812807982552418,-0.24024926921107226,-0.018148565437527287,0.004586903677200445,False,0.7533529694837395,False,False
S2,flow_price_divergence,BTCUSDT,44,maker_2_1,30226,-0.11989036089151339,-0.43546553632518803,0.07800687825307571,-0.22363789039199766,-0.017262566429655415,0.005531836392556211,False,0.7537032100794698,False,False
S2,flow_price_divergence,BTCUSDT,44,no_fees,30226,-0.08375230204867756,-0.2866440953343048,0.07786197424786936,-0.20235363967098163,-0.015573913695516731,0.006829589474561764,False,0.7542285709730447,False,False
S2,flow_price_divergence,BTCUSDT,44,gross,30226,-0.08481978320667483,-0.29127983761095827,0.07779912595960188,-0.2025999657982498,-0.01561787155598976,0.006760220103998442,False,1.2932947155745063,False,False
S2,flow_price_divergence,ETHUSDT,42,taker_4_1,23749,-0.09992214504031705,-0.4712143557564893,0.07618992952788373,-0.18166823858761372,-0.015410210576918063,0.006815245526591404,False,0.7044810258855423,False,False
S2,flow_price_divergence,ETHUSDT,42,maker_2_1,23749,-0.08575016192347684,-0.39623167025130446,0.0760858146830157,-0.1731028929983267,-0.014773848440347027,0.007796524442560449,False,0.704822857156846,False,False
S2,flow_price_divergence,ETHUSDT,42,no_fees,23749,-0.06407819029645057,-0.28326742210844974,0.07595769604966318,-0.16435697305812913,-0.01370372088974056,0.009214183580229011,False,0.7053356040638559,False,False
S2,flow_price_divergence,ETHUSDT,42,gross,23749,-0.06458620378817137,-0.28493174301639923,0.07616298746186054,-0.16435037206562064,-0.013868897441925139,0.009085065454526513,False,1.10990798936791,False,False
S2,flow_price_divergence,ETHUSDT,43,taker_4_1,28067,-0.0662659763696013,-0.2775266998503456,0.06861873299996496,-0.1829009142708924,-0.01690903590488222,0.009317879892458065,False,0.657593544871016,False,False
S2,flow_price_divergence,ETHUSDT,43,maker_2_1,28067,-0.048532941574772726,-0.19218055593021321,0.0685597805304529,-0.179783924585735,-0.01595670973390364,0.010115677308529468,False,0.6579259729239959,False,False
S2,flow_price_divergence,ETHUSDT,43,no_fees,28067,-0.021306845737391833,-0.06385601045120998,0.06850327846966704,-0.17508731125010168,-0.014521672377562373,0.01154648641909752,False,0.6584246150034567,False,False
S2,flow_price_divergence,ETHUSDT,43,gross,28067,-0.02403309704452783,-0.07647613976585053,0.06854527804235323,-0.17457573065278742,-0.014738403789051502,0.011322982583257734,False,1.08739399385697,False,False
S2,flow_price_divergence,ETHUSDT,44,taker_4_1,25908,-0.0947526517456001,-0.3068578295770773,0.09494909685859931,-0.208404528366276,-0.01804277331337978,0.0109610456458689,False,0.8265636812700787,False,False
S2,flow_price_divergence,ETHUSDT,44,maker_2_1,25908,-0.07461217541620402,-0.2285452557395091,0.0949363167361411,-0.20315660313561257,-0.017234931420277957,0.011833463062637883,False,0.826929996046186,False,False
S2,flow_price_divergence,ETHUSDT,44,no_fees,25908,-0.0435660641005573,-0.11100263803899554,0.09494640380860471,-0.19522140558963552,-0.015974678229887473,0.013277937552305219,False,0.8274794682103048,False,False
S2,flow_price_divergence,ETHUSDT,44,gross,25908,-0.04746520456147563,-0.12558792527007706,0.09492999626281996,-0.19625878390869922,-0.01612536484100747,0.01307597594335832,False,1.2904418104475872,False,False
S2,illiquidity_reversion,BTCUSDT,42,taker_4_1,32385,-0.48751225954851574,-1.3816498576207052,0.12518159141133842,-0.5122696868032264,-0.024593605543449713,-0.004720561177652128,False,0.522747844787544,False,False
S2,illiquidity_reversion,BTCUSDT,42,maker_2_1,32385,-0.436856952136758,-1.1791888294371566,0.12506601043537202,-0.4783377187238048,-0.02249696412522423,-0.0023917235982835925,False,0.5230520209126748,False,False
S2,illiquidity_reversion,BTCUSDT,42,no_fees,32385,-0.3513562465044624,-0.8742684329473469,0.12496781317554476,-0.43055832298973606,-0.019344293227001423,0.0011643122068612506,False,0.5235082851004165,False,False
S2,illiquidity_reversion,BTCUSDT,42,gross,32385,-0.35141074171956177,-0.8746640883313337,0.12494114873562431,-0.43068669344682387,-0.019332134537338216,0.0012121332042026975,False,1.0065896149726061,False,False
S2,illiquidity_reversion,BTCUSDT,43,taker_4_1,32385,-0.3309362358089879,-0.68465047248427,0.14365236624901326,-0.41489749837432066,-0.0170604330183359,0.0018101836506343313,False,0.522747844787544,False,False
S2,illiquidity_reversion,BTCUSDT,43,maker_2_1,32385,-0.2615964386008467,-0.4990382684879864,0.14363787070142023,-0.35786085581644356,-0.015242195378274483,0.003938297551602674,False,0.5230520209126748,False,False
S2,illiquidity_reversion,BTCUSDT,43,no_fees,32385,-0.14391451318638449,-0.22044446623267216,0.14368469126418512,-0.26173924644654967,-0.012360438360050971,0.007039084000934586,False,0.5235082851004165,False,False
S2,illiquidity_reversion,BTCUSDT,43,gross,32385,-0.14325654218257744,-0.21896002905090708,0.14369981079971483,-0.26131976865577455,-0.0123344077360939,0.007087165174944599,False,1.0065896149726061,False,False
S2,illiquidity_reversion,BTCUSDT,44,taker_4_1,32385,-0.31994502601609953,-0.8571758840764097,0.11408324614309065,-0.3601467130473073,-0.01808079805495959,0.0003241138771194057,False,0.522747844787544,False,False
S2,illiquidity_reversion,BTCUSDT,44,maker_2_1,32385,-0.2518341602165197,-0.6316192766015284,0.11396759062833048,-0.3105134823256792,-0.015548393080866623,0.0028811476436955362,False,0.5230520209126748,False,False
S2,illiquidity_reversion,BTCUSDT,44,no_fees,32385,-0.13669728673793002,-0.292210175301215,0.11387764570790808,-0.24601332956264177,-0.011731047848470571,0.006648556941967309,False,0.5235082851004165,False,False
S2,illiquidity_reversion,BTCUSDT,44,gross,32385,-0.13984206585265824,-0.3008442014785276,0.11388718265446611,-0.24845959879053536,-0.011877434988502933,0.006511633076470628,False,1.0065896149726061,False,False
S2,illiquidity_reversion,ETHUSDT,42,taker_4_1,32385,-0.5610631247422566,-1.3473313437512058,0.15619333456467993,-0.5999597291382273,-0.024268123206766273,-0.004232125656019489,False,-0.2190192992677874,False,False
S2,illiquidity_reversion,ETHUSDT,42,maker_2_1,32385,-0.520463792276173,-1.195031632741642,0.15608989687783176,-0.5664429414402088,-0.02274460935105897,-0.002382965979371146,False,-0.21886363421170063,False,False
S2,illiquidity_reversion,ETHUSDT,42,no_fees,32385,-0.45243460278576897,-0.9658527484859386,0.15599132271574231,-0.5108444625490418,-0.02060645506287827,0.000420239752260692,False,-0.21863013662755293,False,False
S2,illiquidity_reversion,ETHUSDT,42,gross,32385,-0.45876600188361005,-0.9860641274573728,0.15598517208332646,-0.516128922143569,-0.020735643897588946,0.00015509200461460602,False,0.009306446361522447,False,False
S2,illiquidity_reversion,ETHUSDT,43,taker_4_1,32385,-0.5730722212902026,-1.0452126451586143,0.20086283795173815,-0.6340518867964575,-0.020276609461981697,-0.0017487095212017426,False,-0.2190192992677874,False,False
S2,illiquidity_reversion,ETHUSDT,43,maker_2_1,32385,-0.5356298712113873,-0.9324808751000409,0.20077918248465845,-0.607968640801904,-0.018941217763990933,-0.0005580318606451674,False,-0.21886363421170063,False,False
S2,illiquidity_reversion,ETHUSDT,43,no_fees,32385,-0.47323687077450705,-0.763047842904373,0.2006955443653631,-0.5653281317364223,-0.01707356854824125,0.0013587986108118894,False,-0.21863013662755293,False,False
S2,illiquidity_reversion,ETHUSDT,43,gross,32385,-0.47757413117140535,-0.7742375388835784,0.20068589820975388,-0.5683108818765203,-0.017232208232518826,0.001184916252639633,False,0.009306446361522447,False,False
S2,illiquidity_reversion,ETHUSDT,44,taker_4_1,32385,-0.5607255814652405,-1.1529346500362272,0.17899862687351972,-0.6251964817035862,-0.022634946094527437,-0.0018591837313490017,False,-0.2190192992677874,False,False
S2,illiquidity_reversion,ETHUSDT,44,maker_2_1,32385,-0.5128368700326826,-0.9972650055619101,0.17889374761528054,-0.5856636480122106,-0.021067849971498843,-3.8710851353419024e-05,False,-0.21886363421170063,False,False
S2,illiquidity_reversion,ETHUSDT,44,no_fees,32385,-0.4310615289490619,-0.7631719651995149,0.17879405022904263,-0.51842851103195,-0.018569220692741056,0.0027112959107908475,False,-0.21863013662755293,False,False
S2,illiquidity_reversion,ETHUSDT,44,gross,32385,-0.4316290280420535,-0.7649311069528714,0.178746951583132,-0.5189596565137534,-0.018605698183974978,0.002690299741397947,False,0.009306446361522447,False,False
S2,taker_flow_extreme,BTCUSDT,42,taker_4_1,32385,-0.07398863477000572,-0.14736281942307541,0.10429719237124037,-0.2070047707060264,-0.013259936253155866,0.010514929081125021,False,0.522747844787544,False,False
S2,taker_flow_extreme,BTCUSDT,42,maker_2_1,32385,0.004373629772989052,0.0632804896111421,0.10421402267497645,-0.1870689526565017,-0.010878249541382983,0.012436835778120171,False,0.5230520209126748,False,True
S2,taker_flow_extreme,BTCUSDT,42,no_fees,32385,0.13448967325878658,0.3795922098990734,0.1041672547683906,-0.1600627616844329,-0.007609953161596315,0.015435569522633634,False,0.5235082851004165,False,True
S2,taker_flow_extreme,BTCUSDT,42,gross,32385,0.1412686012886677,0.3949869871582065,0.10419410351658835,-0.16133981025674649,-0.0074670118023733795,0.015620653699634723,False,1.0065896149726061,False,True
S2,taker_flow_extreme,BTCUSDT,43,taker_4_1,32385,0.2751003256282054,0.5173597198580582,0.14830944466004636,-0.1867968514060966,-0.0048868527717285835,0.015449493545687837,False,0.522747844787544,False,True
S2,taker_flow_extreme,BTCUSDT,43,maker_2_1,32385,0.41745804360348093,0.7106730038778446,0.14823662447734123,-0.17267989865085842,-0.0027714314851620143,0.0175955570662971,False,0.5230520209126748,False,True
S2,taker_flow_extreme,BTCUSDT,43,no_fees,32385,0.6612746164567243,1.0005092488964298,0.1481999482325333,-0.1510491255470291,0.0005599973088755897,0.02077098328153385,True,0.5235082851004165,True,True
S2,taker_flow_extreme,BTCUSDT,43,gross,32385,0.6821568040001429,1.0231918264234223,0.14821969910191776,-0.15024045342829384,0.0008067737795037013,0.020985337297908815,True,1.0065896149726061,False,True
S2,taker_flow_extreme,BTCUSDT,44,taker_4_1,32385,-0.15274519360050653,-0.31059019243021113,0.12078710705832285,-0.2522338162516574,-0.01282664593001251,0.007634246028225517,False,0.522747844787544,False,False
S2,taker_flow_extreme,BTCUSDT,44,maker_2_1,32385,-0.07626783947772975,-0.11714425752618672,0.1207440407155979,-0.23314165448690183,-0.01070275309960768,0.009833530696578429,False,0.5230520209126748,False,False
S2,taker_flow_extreme,BTCUSDT,44,no_fees,32385,0.05155023405784487,0.17318076502169746,0.12075104722529963,-0.2155770300308486,-0.007693397915963643,0.013126857562311136,False,0.5235082851004165,False,True
S2,taker_flow_extreme,BTCUSDT,44,gross,32385,0.0599621758312221,0.19097262378229996,0.12084681795221525,-0.21740997671198226,-0.00764173344316665,0.013365761842040514,False,1.0065896149726061,False,True
S2,taker_flow_extreme,ETHUSDT,42,taker_4_1,32385,-0.18801270251959645,-0.2991082123244449,0.15062714316807543,-0.25620782022188926,-0.016133812575008788,0.007400552664990069,False,-0.2190192992677874,True,False
S2,taker_flow_extreme,ETHUSDT,42,maker_2_1,32385,-0.11505997293177472,-0.1447267796795799,0.15056780773205555,-0.23139574834948917,-0.014029052867380203,0.00889616377978811,False,-0.21886363421170063,True,False
S2,taker_flow_extreme,ETHUSDT,42,no_fees,32385,0.006808170401355396,0.08704059159106249,0.15053595339959674,-0.19306110578756341,-0.011206224570552112,0.01117566054943725,False,-0.21863013662755293,True,True
S2,taker_flow_extreme,ETHUSDT,42,gross,32385,0.001981963787127894,0.07842037422445852,0.15056173746396642,-0.19533270862522145,-0.011303083132139655,0.011091669831823463,False,0.009306446361522447,False,True
S2,taker_flow_extreme,ETHUSDT,43,taker_4_1,32385,0.40806140502215715,0.6714363271022507,0.15565894081222764,-0.14784137587846669,-0.003916320434397727,0.01515683820121451,False,-0.2190192992677874,True,True
S2,taker_flow_extreme,ETHUSDT,43,maker_2_1,32385,0.4820571856643321,0.7605534464159032,0.1556293548703166,-0.14202109435385768,-0.0027974580050657825,0.016011584380348415,False,-0.21886363421170063,True,True
S2,taker_flow_extreme,ETHUSDT,43,no_fees,32385,0.6003746719068233,0.8941024373451489,0.15561807961179142,-0.13321826499586786,-0.0010764893676632763,0.017315592286376864,False,-0.21863013662755293,True,True
S2,taker_flow_extreme,ETHUSDT,43,gross,32385,0.5919992846494868,0.8850070729727174,0.15561274892364652,-0.1340389821427126,-0.0011823395559168622,0.017216389501315262,False,0.009306446361522447,True,True
S2,taker_flow_extreme,ETHUSDT,44,taker_4_1,32385,-0.17461278931230373,-0.1451564251200661,0.2078661155316042,-0.3433172315390265,-0.011505272524145795,0.008839958377846359,False,-0.2190192992677874,True,False
S2,taker_flow_extreme,ETHUSDT,44,maker_2_1,32385,-0.0788068072363769,-0.0022741976270813946,0.20784709687330447,-0.31308422976394257,-0.009798212928670925,0.010370492727725574,False,-0.21886363421170063,True,False
S2,taker_flow_extreme,ETHUSDT,44,no_fees,32385,0.08610609667575275,0.21204423189262472,0.20787144041390904,-0.26511741364538455,-0.007395407161815662,0.012756258738177312,False,-0.21863013662755293,True,True
S2,taker_flow_extreme,ETHUSDT,44,gross,32385,0.08063196039047171,0.20547014132434738,0.20786456972654474,-0.2665345302204757,-0.0074848386408472006,0.012708644254544012,False,0.009306446361522447,True,True
