scaffold,scaffold_index,level_index,target_sharpe,rep,verdict,promoted,n_rejections,triggered_rejections,failed_promotion_criteria,mean_realised_sharpe,mean_net_sharpe,mean_total_return,btc_positive_total_return,btc_bootstrap_sharpe_ci_excludes_zero,btc_survives_double_costs,btc_beats_buy_and_hold,btc_survives_drop_top_trades,btc_not_confined_to_one_fold,eth_positive_total_return,eth_bootstrap_sharpe_ci_excludes_zero,eth_survives_double_costs,eth_beats_buy_and_hold,eth_survives_drop_top_trades,eth_not_confined_to_one_fold
volatility_breakout,0,0,0.0,0,REJECTED,False,2,BTCUSDT: no_bootstrap_ci_excludes_zero;ETHUSDT: no_bootstrap_ci_excludes_zero,BTCUSDT: positive_total_return (3/6);BTCUSDT: bootstrap_sharpe_ci_excludes_zero (0/6);BTCUSDT: survives_double_costs (2/6);BTCUSDT: beats_buy_and_hold (0/6);BTCUSDT: survives_drop_top_trades (0/6);ETHUSDT: positive_total_return (1/6);ETHUSDT: bootstrap_sharpe_ci_excludes_zero (0/6);ETHUSDT: survives_double_costs (1/6);ETHUSDT: beats_buy_and_hold (3/6);ETHUSDT: survives_drop_top_trades (0/6),-0.05970593135626563,-0.05970593135626563,-0.22513382638955198,False,False,False,False,False,True,False,False,False,False,False,True
volatility_breakout,0,0,0.0,1,REJECTED,False,2,BTCUSDT: no_bootstrap_ci_excludes_zero;ETHUSDT: no_bootstrap_ci_excludes_zero,BTCUSDT: positive_total_return (4/6);BTCUSDT: bootstrap_sharpe_ci_excludes_zero (0/6);BTCUSDT: survives_double_costs (4/6);BTCUSDT: beats_buy_and_hold (1/6);BTCUSDT: survives_drop_top_trades (0/6);ETHUSDT: positive_total_return (4/6);ETHUSDT: bootstrap_sharpe_ci_excludes_zero (0/6);ETHUSDT: survives_double_costs (3/6);ETHUSDT: beats_buy_and_hold (5/6);ETHUSDT: survives_drop_top_trades (0/6),-0.09955555704323445,-0.09955555704323445,-0.12502592077360455,False,False,False,False,False,True,False,False,False,False,False,True
volatility_breakout,0,0,0.0,2,REJECTED,False,2,BTCUSDT: no_bootstrap_ci_excludes_zero;ETHUSDT: no_bootstrap_ci_excludes_zero,BTCUSDT: positive_total_return (3/6);BTCUSDT: bootstrap_sharpe_ci_excludes_zero (0/6);BTCUSDT: survives_double_costs (1/6);BTCUSDT: beats_buy_and_hold (1/6);BTCUSDT: survives_drop_top_trades (0/6);ETHUSDT: positive_total_return (3/6);ETHUSDT: bootstrap_sharpe_ci_excludes_zero (0/6);ETHUSDT: survives_double_costs (2/6);ETHUSDT: survives_drop_top_trades (0/6),0.008619639616851176,0.008619639616851176,-0.10637136653673922,False,False,False,False,False,True,False,False,False,True,False,True
volatility_breakout,0,0,0.0,3,REJECTED,False,0,,BTCUSDT: positive_total_return (3/6);BTCUSDT: bootstrap_sharpe_ci_excludes_zero (1/6);BTCUSDT: survives_double_costs (3/6);BTCUSDT: beats_buy_and_hold (2/6);BTCUSDT: survives_drop_top_trades (1/6);ETHUSDT: positive_total_return (4/6);ETHUSDT: bootstrap_sharpe_ci_excludes_zero (1/6);ETHUSDT: survives_double_costs (4/6);ETHUSDT: beats_buy_and_hold (5/6);ETHUSDT: survives_drop_top_trades (0/6),0.0549690185347367,0.0549690185347367,0.23995038270351698,False,False,False,False,False,True,False,False,False,False,False,True
volatility_breakout,0,0,0.0,4,REJECTED,False,0,,BTCUSDT: bootstrap_sharpe_ci_excludes_zero (1/6);BTCUSDT: survives_double_costs (5/6);BTCUSDT: beats_buy_and_hold (2/6);BTCUSDT: survives_drop_top_trades (1/6);ETHUSDT: positive_total_return (5/6);ETHUSDT: bootstrap_sharpe_ci_excludes_zero (1/6);ETHUSDT: survives_double_costs (3/6);ETHUSDT: survives_drop_top_trades (1/6),0.2604195381066411,0.2604195381066411,0.5353313172092381,True,False,False,False,False,True,False,False,False,True,False,True
volatility_breakout,0,0,0.0,5,REJECTED,False,2,BTCUSDT: no_bootstrap_ci_excludes_zero;ETHUSDT: no_bootstrap_ci_excludes_zero,BTCUSDT: positive_total_return (4/6);BTCUSDT: bootstrap_sharpe_ci_excludes_zero (0/6);BTCUSDT: survives_double_costs (3/6);BTCUSDT: beats_buy_and_hold (2/6);BTCUSDT: survives_drop_top_trades (2/6);ETHUSDT: positive_total_return (3/6);ETHUSDT: bootstrap_sharpe_ci_excludes_zero (0/6);ETHUSDT: survives_double_costs (3/6);ETHUSDT: survives_drop_top_trades (0/6),0.1683562055865286,0.1683562055865286,0.09939704377709514,False,False,False,False,False,True,False,False,False,True,False,True
volatility_breakout,0,0,0.0,6,REJECTED,False,2,BTCUSDT: no_bootstrap_ci_excludes_zero;ETHUSDT: no_bootstrap_ci_excludes_zero,BTCUSDT: positive_total_return (5/6);BTCUSDT: bootstrap_sharpe_ci_excludes_zero (0/6);BTCUSDT: survives_double_costs (3/6);BTCUSDT: beats_buy_and_hold (1/6);BTCUSDT: survives_drop_top_trades (0/6);ETHUSDT: positive_total_return (4/6);ETHUSDT: bootstrap_sharpe_ci_excludes_zero (0/6);ETHUSDT: survives_double_costs (4/6);ETHUSDT: beats_buy_and_hold (4/6);ETHUSDT: survives_drop_top_trades (0/6),0.03867044203499255,0.03867044203499255,0.09049116287690007,False,False,False,False,False,True,False,False,False,False,False,True
volatility_breakout,0,0,0.0,7,REJECTED,False,1,BTCUSDT: no_bootstrap_ci_excludes_zero,BTCUSDT: positive_total_return (5/6);BTCUSDT: bootstrap_sharpe_ci_excludes_zero (0/6);BTCUSDT: survives_double_costs (5/6);BTCUSDT: beats_buy_and_hold (1/6);BTCUSDT: survives_drop_top_trades (0/6);ETHUSDT: positive_total_return (5/6);ETHUSDT: bootstrap_sharpe_ci_excludes_zero (1/6);ETHUSDT: survives_double_costs (4/6);ETHUSDT: survives_drop_top_trades (1/6),0.049532285371397554,0.049532285371397554,0.12421230474688605,False,False,False,False,False,True,False,False,False,True,False,True
volatility_breakout,0,0,0.0,8,REJECTED,False,2,BTCUSDT: no_bootstrap_ci_excludes_zero;ETHUSDT: no_bootstrap_ci_excludes_zero,BTCUSDT: positive_total_return (4/6);BTCUSDT: bootstrap_sharpe_ci_excludes_zero (0/6);BTCUSDT: survives_double_costs (2/6);BTCUSDT: beats_buy_and_hold (1/6);BTCUSDT: survives_drop_top_trades (0/6);ETHUSDT: bootstrap_sharpe_ci_excludes_zero (0/6);ETHUSDT: survives_double_costs (3/6);ETHUSDT: survives_drop_top_trades (0/6),0.12103344404914132,0.12103344404914132,0.04579689017021157,False,False,False,False,False,True,True,False,False,True,False,True
volatility_breakout,0,0,0.0,9,REJECTED,False,2,BTCUSDT: no_bootstrap_ci_excludes_zero;ETHUSDT: no_bootstrap_ci_excludes_zero,BTCUSDT: positive_total_return (2/6);BTCUSDT: bootstrap_sharpe_ci_excludes_zero (0/6);BTCUSDT: survives_double_costs (2/6);BTCUSDT: beats_buy_and_hold (1/6);BTCUSDT: survives_drop_top_trades (0/6);ETHUSDT: positive_total_return (1/6);ETHUSDT: bootstrap_sharpe_ci_excludes_zero (0/6);ETHUSDT: survives_double_costs (1/6);ETHUSDT: beats_buy_and_hold (3/6);ETHUSDT: survives_drop_top_trades (1/6),-0.25646340724960515,-0.25646340724960515,-0.1833826321254234,False,False,False,False,False,True,False,False,False,False,False,True
volatility_breakout,0,0,0.0,10,REJECTED,False,2,BTCUSDT: no_bootstrap_ci_excludes_zero;ETHUSDT: no_bootstrap_ci_excludes_zero,BTCUSDT: positive_total_return (2/6);BTCUSDT: bootstrap_sharpe_ci_excludes_zero (0/6);BTCUSDT: survives_double_costs (2/6);BTCUSDT: beats_buy_and_hold (2/6);BTCUSDT: survives_drop_top_trades (0/6);ETHUSDT: positive_total_return (5/6);ETHUSDT: bootstrap_sharpe_ci_excludes_zero (0/6);ETHUSDT: survives_double_costs (5/6);ETHUSDT: beats_buy_and_hold (5/6);ETHUSDT: survives_drop_top_trades (0/6),-0.09856466548184858,-0.09856466548184858,-0.08883958958901593,False,False,False,False,False,True,False,False,False,False,False,True
volatility_breakout,0,0,0.0,11,REJECTED,False,2,BTCUSDT: no_bootstrap_ci_excludes_zero;ETHUSDT: no_bootstrap_ci_excludes_zero,BTCUSDT: positive_total_return (2/6);BTCUSDT: bootstrap_sharpe_ci_excludes_zero (0/6);BTCUSDT: survives_double_costs (2/6);BTCUSDT: beats_buy_and_hold (1/6);BTCUSDT: survives_drop_top_trades (1/6);ETHUSDT: positive_total_return (2/6);ETHUSDT: bootstrap_sharpe_ci_excludes_zero (0/6);ETHUSDT: survives_double_costs (2/6);ETHUSDT: beats_buy_and_hold (4/6);ETHUSDT: survives_drop_top_trades (0/6),-0.18657165061409325,-0.18657165061409325,-0.2089291294880009,False,False,False,False,False,True,False,False,False,False,False,True
volatility_breakout,0,0,0.0,12,REJECTED,False,1,ETHUSDT: no_bootstrap_ci_excludes_zero,BTCUSDT: positive_total_return (3/6);BTCUSDT: bootstrap_sharpe_ci_excludes_zero (1/6);BTCUSDT: survives_double_costs (2/6);BTCUSDT: beats_buy_and_hold (2/6);BTCUSDT: survives_drop_top_trades (1/6);ETHUSDT: positive_total_return (3/6);ETHUSDT: bootstrap_sharpe_ci_excludes_zero (0/6);ETHUSDT: survives_double_costs (3/6);ETHUSDT: beats_buy_and_hold (4/6);ETHUSDT: survives_drop_top_trades (0/6),-0.05417008716121319,-0.05417008716121319,-0.09438701055798525,False,False,False,False,False,True,False,False,False,False,False,True
volatility_breakout,0,0,0.0,13,REJECTED,False,1,ETHUSDT: no_bootstrap_ci_excludes_zero,BTCUSDT: positive_total_return (5/6);BTCUSDT: bootstrap_sharpe_ci_excludes_zero (1/6);BTCUSDT: survives_double_costs (4/6);BTCUSDT: beats_buy_and_hold (3/6);BTCUSDT: survives_drop_top_trades (1/6);ETHUSDT: positive_total_return (5/6);ETHUSDT: bootstrap_sharpe_ci_excludes_zero (0/6);ETHUSDT: survives_double_costs (4/6);ETHUSDT: beats_buy_and_hold (5/6);ETHUSDT: survives_drop_top_trades (0/6),0.06512729074333731,0.06512729074333731,0.1026320824735921,False,False,False,False,False,True,False,False,False,False,False,True
volatility_breakout,0,0,0.0,14,REJECTED,False,2,BTCUSDT: no_bootstrap_ci_excludes_zero;ETHUSDT: no_bootstrap_ci_excludes_zero,BTCUSDT: positive_total_return (3/6);BTCUSDT: bootstrap_sharpe_ci_excludes_zero (0/6);BTCUSDT: survives_double_costs (1/6);BTCUSDT: beats_buy_and_hold (0/6);BTCUSDT: survives_drop_top_trades (0/6);ETHUSDT: positive_total_return (2/6);ETHUSDT: bootstrap_sharpe_ci_excludes_zero (0/6);ETHUSDT: survives_double_costs (1/6);ETHUSDT: beats_buy_and_hold (3/6);ETHUSDT: survives_drop_top_trades (0/6),-0.1308014373238763,-0.1308014373238763,-0.2724971684244002,False,False,False,False,False,True,False,False,False,False,False,True
volatility_breakout,0,0,0.0,15,REJECTED,False,0,,BTCUSDT: positive_total_return (5/6);BTCUSDT: bootstrap_sharpe_ci_excludes_zero (1/6);BTCUSDT: survives_double_costs (4/6);BTCUSDT: beats_buy_and_hold (2/6);BTCUSDT: survives_drop_top_trades (1/6);ETHUSDT: positive_total_return (4/6);ETHUSDT: bootstrap_sharpe_ci_excludes_zero (2/6);ETHUSDT: survives_double_costs (4/6);ETHUSDT: beats_buy_and_hold (5/6);ETHUSDT: survives_drop_top_trades (1/6),0.17779860348396395,0.17779860348396395,0.5931518746964578,False,False,False,False,False,True,False,False,False,False,False,True
volatility_breakout,0,0,0.0,16,REJECTED,False,2,BTCUSDT: no_bootstrap_ci_excludes_zero;ETHUSDT: no_bootstrap_ci_excludes_zero,BTCUSDT: positive_total_return (2/6);BTCUSDT: bootstrap_sharpe_ci_excludes_zero (0/6);BTCUSDT: survives_double_costs (2/6);BTCUSDT: beats_buy_and_hold (1/6);BTCUSDT: survives_drop_top_trades (0/6);ETHUSDT: positive_total_return (3/6);ETHUSDT: bootstrap_sharpe_ci_excludes_zero (0/6);ETHUSDT: survives_double_costs (3/6);ETHUSDT: beats_buy_and_hold (5/6);ETHUSDT: survives_drop_top_trades (0/6),-0.060130973720151304,-0.060130973720151304,-0.10075937101727894,False,False,False,False,False,True,False,False,False,False,False,True
volatility_breakout,0,0,0.0,17,REJECTED,False,2,BTCUSDT: no_bootstrap_ci_excludes_zero;ETHUSDT: no_bootstrap_ci_excludes_zero,BTCUSDT: positive_total_return (3/6);BTCUSDT: bootstrap_sharpe_ci_excludes_zero (0/6);BTCUSDT: survives_double_costs (3/6);BTCUSDT: beats_buy_and_hold (2/6);BTCUSDT: survives_drop_top_trades (0/6);ETHUSDT: positive_total_return (3/6);ETHUSDT: bootstrap_sharpe_ci_excludes_zero (0/6);ETHUSDT: survives_double_costs (3/6);ETHUSDT: beats_buy_and_hold (3/6);ETHUSDT: survives_drop_top_trades (0/6),-0.07719433047274964,-0.07719433047274964,-0.15470242947750673,False,False,False,False,False,True,False,False,False,False,False,True
volatility_breakout,0,0,0.0,18,REJECTED,False,2,BTCUSDT: no_bootstrap_ci_excludes_zero;ETHUSDT: no_bootstrap_ci_excludes_zero,BTCUSDT: positive_total_return (2/6);BTCUSDT: bootstrap_sharpe_ci_excludes_zero (0/6);BTCUSDT: survives_double_costs (1/6);BTCUSDT: beats_buy_and_hold (1/6);BTCUSDT: survives_drop_top_trades (0/6);ETHUSDT: positive_total_return (1/6);ETHUSDT: bootstrap_sharpe_ci_excludes_zero (0/6);ETHUSDT: survives_double_costs (1/6);ETHUSDT: beats_buy_and_hold (1/6);ETHUSDT: survives_drop_top_trades (0/6),-0.3289806932722893,-0.3289806932722893,-0.347124254411237,False,False,False,False,False,True,False,False,False,False,False,True
volatility_breakout,0,0,0.0,19,REJECTED,False,2,BTCUSDT: no_bootstrap_ci_excludes_zero;ETHUSDT: no_bootstrap_ci_excludes_zero,BTCUSDT: bootstrap_sharpe_ci_excludes_zero (0/6);BTCUSDT: survives_double_costs (5/6);BTCUSDT: beats_buy_and_hold (2/6);BTCUSDT: survives_drop_top_trades (0/6);ETHUSDT: positive_total_return (5/6);ETHUSDT: bootstrap_sharpe_ci_excludes_zero (0/6);ETHUSDT: survives_double_costs (5/6);ETHUSDT: beats_buy_and_hold (5/6);ETHUSDT: survives_drop_top_trades (0/6),0.23457795601041914,0.23457795601041914,0.18272024522999347,True,False,False,False,False,True,False,False,False,False,False,True
volatility_breakout,0,0,0.0,20,REJECTED,False,2,BTCUSDT: no_bootstrap_ci_excludes_zero;ETHUSDT: no_bootstrap_ci_excludes_zero,BTCUSDT: positive_total_return (3/6);BTCUSDT: bootstrap_sharpe_ci_excludes_zero (0/6);BTCUSDT: survives_double_costs (3/6);BTCUSDT: beats_buy_and_hold (1/6);BTCUSDT: survives_drop_top_trades (0/6);ETHUSDT: positive_total_return (2/6);ETHUSDT: bootstrap_sharpe_ci_excludes_zero (0/6);ETHUSDT: survives_double_costs (1/6);ETHUSDT: beats_buy_and_hold (3/6);ETHUSDT: survives_drop_top_trades (0/6),-0.18776743452506864,-0.18776743452506864,-0.25915405611242814,False,False,False,False,False,True,False,False,False,False,False,True
volatility_breakout,0,0,0.0,21,REJECTED,False,0,,BTCUSDT: bootstrap_sharpe_ci_excludes_zero (3/6);BTCUSDT: beats_buy_and_hold (4/6);BTCUSDT: survives_drop_top_trades (4/6);ETHUSDT: bootstrap_sharpe_ci_excludes_zero (1/6);ETHUSDT: survives_double_costs (5/6);ETHUSDT: survives_drop_top_trades (1/6),0.3267641959307504,0.3267641959307504,0.7292591035657998,True,False,True,False,False,True,True,False,False,True,False,True
volatility_breakout,0,0,0.0,22,REJECTED,False,0,,BTCUSDT: positive_total_return (5/6);BTCUSDT: bootstrap_sharpe_ci_excludes_zero (1/6);BTCUSDT: survives_double_costs (4/6);BTCUSDT: beats_buy_and_hold (3/6);BTCUSDT: survives_drop_top_trades (1/6);ETHUSDT: positive_total_return (4/6);ETHUSDT: bootstrap_sharpe_ci_excludes_zero (1/6);ETHUSDT: survives_double_costs (3/6);ETHUSDT: survives_drop_top_trades (2/6),0.2016728398178039,0.2016728398178039,0.3774050777939877,False,False,False,False,False,True,False,False,False,True,False,True
volatility_breakout,0,0,0.0,23,REJECTED,False,1,BTCUSDT: no_bootstrap_ci_excludes_zero,BTCUSDT: bootstrap_sharpe_ci_excludes_zero (0/6);BTCUSDT: survives_double_costs (3/6);BTCUSDT: beats_buy_and_hold (2/6);BTCUSDT: survives_drop_top_trades (0/6);ETHUSDT: positive_total_return (4/6);ETHUSDT: bootstrap_sharpe_ci_excludes_zero (1/6);ETHUSDT: survives_double_costs (4/6);ETHUSDT: beats_buy_and_hold (5/6);ETHUSDT: survives_drop_top_trades (0/6),-0.0547280945853304,-0.0547280945853304,0.07398575404588983,True,False,False,False,False,True,False,False,False,False,False,True
volatility_breakout,0,0,0.0,24,REJECTED,False,2,BTCUSDT: no_bootstrap_ci_excludes_zero;ETHUSDT: no_bootstrap_ci_excludes_zero,BTCUSDT: positive_total_return (3/6);BTCUSDT: bootstrap_sharpe_ci_excludes_zero (0/6);BTCUSDT: survives_double_costs (3/6);BTCUSDT: beats_buy_and_hold (2/6);BTCUSDT: survives_drop_top_trades (0/6);ETHUSDT: positive_total_return (4/6);ETHUSDT: bootstrap_sharpe_ci_excludes_zero (0/6);ETHUSDT: survives_double_costs (3/6);ETHUSDT: beats_buy_and_hold (4/6);ETHUSDT: survives_drop_top_trades (0/6),-0.14424235666300037,-0.14424235666300037,-0.1684729535715377,False,False,False,False,False,True,False,False,False,False,False,True
volatility_breakout,0,0,0.0,25,REJECTED,False,2,BTCUSDT: no_bootstrap_ci_excludes_zero;ETHUSDT: no_bootstrap_ci_excludes_zero,BTCUSDT: positive_total_return (4/6);BTCUSDT: bootstrap_sharpe_ci_excludes_zero (0/6);BTCUSDT: survives_double_costs (2/6);BTCUSDT: beats_buy_and_hold (1/6);BTCUSDT: survives_drop_top_trades (0/6);ETHUSDT: positive_total_return (2/6);ETHUSDT: bootstrap_sharpe_ci_excludes_zero (0/6);ETHUSDT: survives_double_costs (2/6);ETHUSDT: survives_drop_top_trades (0/6),-0.0959704474165744,-0.0959704474165744,-0.17480162642782487,False,False,False,False,False,True,False,False,False,True,False,True
volatility_breakout,0,0,0.0,26,REJECTED,False,2,BTCUSDT: no_bootstrap_ci_excludes_zero;ETHUSDT: no_bootstrap_ci_excludes_zero,BTCUSDT: positive_total_return (3/6);BTCUSDT: bootstrap_sharpe_ci_excludes_zero (0/6);BTCUSDT: survives_double_costs (1/6);BTCUSDT: beats_buy_and_hold (0/6);BTCUSDT: survives_drop_top_trades (0/6);ETHUSDT: positive_total_return (3/6);ETHUSDT: bootstrap_sharpe_ci_excludes_zero (0/6);ETHUSDT: survives_double_costs (1/6);ETHUSDT: beats_buy_and_hold (4/6);ETHUSDT: survives_drop_top_trades (0/6),-0.1006796367730638,-0.1006796367730638,-0.24331089568673625,False,False,False,False,False,True,False,False,False,False,False,True
volatility_breakout,0,0,0.0,27,REJECTED,False,2,BTCUSDT: no_bootstrap_ci_excludes_zero;ETHUSDT: no_bootstrap_ci_excludes_zero,BTCUSDT: positive_total_return (2/6);BTCUSDT: bootstrap_sharpe_ci_excludes_zero (0/6);BTCUSDT: survives_double_costs (2/6);BTCUSDT: beats_buy_and_hold (1/6);BTCUSDT: survives_drop_top_trades (0/6);ETHUSDT: positive_total_return (3/6);ETHUSDT: bootstrap_sharpe_ci_excludes_zero (0/6);ETHUSDT: survives_double_costs (1/6);ETHUSDT: beats_buy_and_hold (3/6);ETHUSDT: survives_drop_top_trades (0/6),-0.1301321085920574,-0.1301321085920574,-0.2129173486790566,False,False,False,False,False,True,False,False,False,False,False,True
volatility_breakout,0,0,0.0,28,REJECTED,False,2,BTCUSDT: no_bootstrap_ci_excludes_zero;ETHUSDT: no_bootstrap_ci_excludes_zero,BTCUSDT: positive_total_return (5/6);BTCUSDT: bootstrap_sharpe_ci_excludes_zero (0/6);BTCUSDT: survives_double_costs (5/6);BTCUSDT: beats_buy_and_hold (3/6);BTCUSDT: survives_drop_top_trades (0/6);ETHUSDT: bootstrap_sharpe_ci_excludes_zero (0/6);ETHUSDT: survives_drop_top_trades (0/6),0.04920557913544903,0.04920557913544903,0.18267225779007715,False,False,False,False,False,True,True,False,True,True,False,True
volatility_breakout,0,0,0.0,29,REJECTED,False,1,BTCUSDT: no_bootstrap_ci_excludes_zero,BTCUSDT: positive_total_return (3/6);BTCUSDT: bootstrap_sharpe_ci_excludes_zero (0/6);BTCUSDT: survives_double_costs (3/6);BTCUSDT: beats_buy_and_hold (1/6);BTCUSDT: survives_drop_top_trades (0/6);ETHUSDT: positive_total_return (4/6);ETHUSDT: bootstrap_sharpe_ci_excludes_zero (1/6);ETHUSDT: survives_double_costs (2/6);ETHUSDT: beats_buy_and_hold (5/6);ETHUSDT: survives_drop_top_trades (1/6),-0.007208587534912175,-0.007208587534912175,0.02086051079586365,False,False,False,False,False,True,False,False,False,False,False,True
volatility_breakout,0,0,0.0,30,REJECTED,False,2,BTCUSDT: no_bootstrap_ci_excludes_zero;ETHUSDT: no_bootstrap_ci_excludes_zero,BTCUSDT: positive_total_return (2/6);BTCUSDT: bootstrap_sharpe_ci_excludes_zero (0/6);BTCUSDT: survives_double_costs (2/6);BTCUSDT: beats_buy_and_hold (0/6);BTCUSDT: survives_drop_top_trades (0/6);ETHUSDT: positive_total_return (3/6);ETHUSDT: bootstrap_sharpe_ci_excludes_zero (0/6);ETHUSDT: survives_double_costs (2/6);ETHUSDT: beats_buy_and_hold (3/6);ETHUSDT: survives_drop_top_trades (0/6),-0.20551237503862882,-0.20551237503862882,-0.16004296674636803,False,False,False,False,False,True,False,False,False,False,False,True
volatility_breakout,0,0,0.0,31,REJECTED,False,3,BTCUSDT: no_bootstrap_ci_excludes_zero;BTCUSDT: zero_seeds_survive_double_costs;ETHUSDT: no_bootstrap_ci_excludes_zero,BTCUSDT: positive_total_return (2/6);BTCUSDT: bootstrap_sharpe_ci_excludes_zero (0/6);BTCUSDT: survives_double_costs (0/6);BTCUSDT: beats_buy_and_hold (0/6);BTCUSDT: survives_drop_top_trades (0/6);ETHUSDT: positive_total_return (4/6);ETHUSDT: bootstrap_sharpe_ci_excludes_zero (0/6);ETHUSDT: survives_double_costs (4/6);ETHUSDT: beats_buy_and_hold (5/6);ETHUSDT: survives_drop_top_trades (0/6),-0.023550754041739154,-0.023550754041739154,-0.036852189022826706,False,False,False,False,False,True,False,False,False,False,False,True
volatility_breakout,0,0,0.0,32,REJECTED,False,2,BTCUSDT: no_bootstrap_ci_excludes_zero;ETHUSDT: no_bootstrap_ci_excludes_zero,BTCUSDT: bootstrap_sharpe_ci_excludes_zero (0/6);BTCUSDT: beats_buy_and_hold (2/6);BTCUSDT: survives_drop_top_trades (2/6);ETHUSDT: bootstrap_sharpe_ci_excludes_zero (0/6);ETHUSDT: survives_drop_top_trades (0/6),0.31378412094060704,0.31378412094060704,0.39411058304323154,True,False,True,False,False,True,True,False,True,True,False,True
volatility_breakout,0,0,0.0,33,REJECTED,False,2,BTCUSDT: no_bootstrap_ci_excludes_zero;ETHUSDT: no_bootstrap_ci_excludes_zero,BTCUSDT: positive_total_return (3/6);BTCUSDT: bootstrap_sharpe_ci_excludes_zero (0/6);BTCUSDT: survives_double_costs (1/6);BTCUSDT: beats_buy_and_hold (0/6);BTCUSDT: survives_drop_top_trades (0/6);ETHUSDT: positive_total_return (3/6);ETHUSDT: bootstrap_sharpe_ci_excludes_zero (0/6);ETHUSDT: survives_double_costs (2/6);ETHUSDT: survives_drop_top_trades (0/6),-0.00024794975941957174,-0.00024794975941957174,-0.1188182392850791,False,False,False,False,False,True,False,False,False,True,False,True
volatility_breakout,0,0,0.0,34,REJECTED,False,2,BTCUSDT: no_bootstrap_ci_excludes_zero;ETHUSDT: no_bootstrap_ci_excludes_zero,BTCUSDT: positive_total_return (5/6);BTCUSDT: bootstrap_sharpe_ci_excludes_zero (0/6);BTCUSDT: survives_double_costs (3/6);BTCUSDT: beats_buy_and_hold (2/6);BTCUSDT: survives_drop_top_trades (0/6);ETHUSDT: positive_total_return (3/6);ETHUSDT: bootstrap_sharpe_ci_excludes_zero (0/6);ETHUSDT: survives_double_costs (3/6);ETHUSDT: beats_buy_and_hold (5/6);ETHUSDT: survives_drop_top_trades (0/6),0.12327466869992994,0.12327466869992994,0.10072958986488353,False,False,False,False,False,True,False,False,False,False,False,True
volatility_breakout,0,0,0.0,35,REJECTED,False,2,BTCUSDT: no_bootstrap_ci_excludes_zero;ETHUSDT: no_bootstrap_ci_excludes_zero,BTCUSDT: positive_total_return (4/6);BTCUSDT: bootstrap_sharpe_ci_excludes_zero (0/6);BTCUSDT: survives_double_costs (2/6);BTCUSDT: beats_buy_and_hold (2/6);BTCUSDT: survives_drop_top_trades (0/6);ETHUSDT: positive_total_return (5/6);ETHUSDT: bootstrap_sharpe_ci_excludes_zero (0/6);ETHUSDT: survives_double_costs (5/6);ETHUSDT: survives_drop_top_trades (0/6),0.03337998160568478,0.03337998160568478,0.04609322678294962,False,False,False,False,False,True,False,False,False,True,False,True
volatility_breakout,0,0,0.0,36,REJECTED,False,0,,BTCUSDT: positive_total_return (5/6);BTCUSDT: bootstrap_sharpe_ci_excludes_zero (1/6);BTCUSDT: survives_double_costs (4/6);BTCUSDT: beats_buy_and_hold (2/6);BTCUSDT: survives_drop_top_trades (0/6);ETHUSDT: positive_total_return (5/6);ETHUSDT: bootstrap_sharpe_ci_excludes_zero (1/6);ETHUSDT: survives_double_costs (4/6);ETHUSDT: survives_drop_top_trades (1/6),0.1987444864927784,0.1987444864927784,0.2684821231609371,False,False,False,False,False,True,False,False,False,True,False,True
volatility_breakout,0,0,0.0,37,REJECTED,False,2,BTCUSDT: no_bootstrap_ci_excludes_zero;ETHUSDT: no_bootstrap_ci_excludes_zero,BTCUSDT: positive_total_return (2/6);BTCUSDT: bootstrap_sharpe_ci_excludes_zero (0/6);BTCUSDT: survives_double_costs (1/6);BTCUSDT: beats_buy_and_hold (1/6);BTCUSDT: survives_drop_top_trades (0/6);ETHUSDT: positive_total_return (3/6);ETHUSDT: bootstrap_sharpe_ci_excludes_zero (0/6);ETHUSDT: survives_double_costs (2/6);ETHUSDT: beats_buy_and_hold (4/6);ETHUSDT: survives_drop_top_trades (0/6),-0.11265564057841274,-0.11265564057841274,-0.21709989772864424,False,False,False,False,False,True,False,False,False,False,False,True
volatility_breakout,0,0,0.0,38,REJECTED,False,1,ETHUSDT: no_bootstrap_ci_excludes_zero,BTCUSDT: positive_total_return (3/6);BTCUSDT: bootstrap_sharpe_ci_excludes_zero (1/6);BTCUSDT: survives_double_costs (2/6);BTCUSDT: beats_buy_and_hold (1/6);BTCUSDT: survives_drop_top_trades (0/6);ETHUSDT: positive_total_return (1/6);ETHUSDT: bootstrap_sharpe_ci_excludes_zero (0/6);ETHUSDT: survives_double_costs (1/6);ETHUSDT: beats_buy_and_hold (2/6);ETHUSDT: survives_drop_top_trades (0/6),-0.14672084665184265,-0.14672084665184265,-0.1828784166849819,False,False,False,False,False,True,False,False,False,False,False,True
volatility_breakout,0,0,0.0,39,REJECTED,False,2,BTCUSDT: no_bootstrap_ci_excludes_zero;ETHUSDT: no_bootstrap_ci_excludes_zero,BTCUSDT: positive_total_return (4/6);BTCUSDT: bootstrap_sharpe_ci_excludes_zero (0/6);BTCUSDT: survives_double_costs (2/6);BTCUSDT: beats_buy_and_hold (1/6);BTCUSDT: survives_drop_top_trades (0/6);ETHUSDT: positive_total_return (2/6);ETHUSDT: bootstrap_sharpe_ci_excludes_zero (0/6);ETHUSDT: survives_double_costs (2/6);ETHUSDT: beats_buy_and_hold (3/6);ETHUSDT: survives_drop_top_trades (0/6),-0.0698299464915758,-0.0698299464915758,-0.1327156653925142,False,False,False,False,False,True,False,False,False,False,False,True
volatility_breakout,0,0,0.0,40,REJECTED,False,2,BTCUSDT: no_bootstrap_ci_excludes_zero;ETHUSDT: no_bootstrap_ci_excludes_zero,BTCUSDT: positive_total_return (3/6);BTCUSDT: bootstrap_sharpe_ci_excludes_zero (0/6);BTCUSDT: survives_double_costs (3/6);BTCUSDT: beats_buy_and_hold (0/6);BTCUSDT: survives_drop_top_trades (0/6);ETHUSDT: positive_total_return (3/6);ETHUSDT: bootstrap_sharpe_ci_excludes_zero (0/6);ETHUSDT: survives_double_costs (3/6);ETHUSDT: beats_buy_and_hold (3/6);ETHUSDT: survives_drop_top_trades (0/6),-0.16030010413280887,-0.16030010413280887,-0.24643578179046638,False,False,False,False,False,True,False,False,False,False,False,True
volatility_breakout,0,0,0.0,41,REJECTED,False,2,BTCUSDT: no_bootstrap_ci_excludes_zero;ETHUSDT: no_bootstrap_ci_excludes_zero,BTCUSDT: positive_total_return (4/6);BTCUSDT: bootstrap_sharpe_ci_excludes_zero (0/6);BTCUSDT: survives_double_costs (3/6);BTCUSDT: beats_buy_and_hold (2/6);BTCUSDT: survives_drop_top_trades (0/6);ETHUSDT: positive_total_return (2/6);ETHUSDT: bootstrap_sharpe_ci_excludes_zero (0/6);ETHUSDT: survives_double_costs (2/6);ETHUSDT: beats_buy_and_hold (4/6);ETHUSDT: survives_drop_top_trades (0/6),-0.06259707973749137,-0.06259707973749137,-0.1579216233532355,False,False,False,False,False,True,False,False,False,False,False,True
volatility_breakout,0,0,0.0,42,REJECTED,False,0,,BTCUSDT: positive_total_return (5/6);BTCUSDT: bootstrap_sharpe_ci_excludes_zero (1/6);BTCUSDT: survives_double_costs (3/6);BTCUSDT: beats_buy_and_hold (2/6);BTCUSDT: survives_drop_top_trades (1/6);ETHUSDT: positive_total_return (5/6);ETHUSDT: bootstrap_sharpe_ci_excludes_zero (1/6);ETHUSDT: survives_double_costs (3/6);ETHUSDT: beats_buy_and_hold (5/6);ETHUSDT: survives_drop_top_trades (1/6),0.20989486766413848,0.20989486766413848,0.28975958850189515,False,False,False,False,False,True,False,False,False,False,False,True
volatility_breakout,0,0,0.0,43,REJECTED,False,0,,BTCUSDT: bootstrap_sharpe_ci_excludes_zero (2/6);BTCUSDT: survives_double_costs (5/6);BTCUSDT: beats_buy_and_hold (4/6);BTCUSDT: survives_drop_top_trades (1/6);ETHUSDT: positive_total_return (4/6);ETHUSDT: bootstrap_sharpe_ci_excludes_zero (2/6);ETHUSDT: survives_double_costs (4/6);ETHUSDT: beats_buy_and_hold (4/6);ETHUSDT: survives_drop_top_trades (2/6),0.3094616786594824,0.3094616786594824,0.9205158771649401,True,False,False,False,False,True,False,False,False,False,False,True
volatility_breakout,0,0,0.0,44,REJECTED,False,2,BTCUSDT: no_bootstrap_ci_excludes_zero;ETHUSDT: no_bootstrap_ci_excludes_zero,BTCUSDT: positive_total_return (2/6);BTCUSDT: bootstrap_sharpe_ci_excludes_zero (0/6);BTCUSDT: survives_double_costs (2/6);BTCUSDT: beats_buy_and_hold (2/6);BTCUSDT: survives_drop_top_trades (1/6);ETHUSDT: positive_total_return (2/6);ETHUSDT: bootstrap_sharpe_ci_excludes_zero (0/6);ETHUSDT: survives_double_costs (2/6);ETHUSDT: beats_buy_and_hold (2/6);ETHUSDT: survives_drop_top_trades (1/6),-0.06260744373923754,-0.06260744373923754,-0.04542016144232886,False,False,False,False,False,True,False,False,False,False,False,True
volatility_breakout,0,0,0.0,45,REJECTED,False,3,BTCUSDT: no_bootstrap_ci_excludes_zero;BTCUSDT: zero_seeds_survive_double_costs;ETHUSDT: no_bootstrap_ci_excludes_zero,BTCUSDT: positive_total_return (2/6);BTCUSDT: bootstrap_sharpe_ci_excludes_zero (0/6);BTCUSDT: survives_double_costs (0/6);BTCUSDT: beats_buy_and_hold (0/6);BTCUSDT: survives_drop_top_trades (0/6);ETHUSDT: positive_total_return (1/6);ETHUSDT: bootstrap_sharpe_ci_excludes_zero (0/6);ETHUSDT: survives_double_costs (1/6);ETHUSDT: beats_buy_and_hold (1/6);ETHUSDT: survives_drop_top_trades (0/6),-0.43598604186728107,-0.43598604186728107,-0.4198763587676363,False,False,False,False,False,True,False,False,False,False,False,True
volatility_breakout,0,0,0.0,46,REJECTED,False,3,BTCUSDT: no_bootstrap_ci_excludes_zero;ETHUSDT: no_bootstrap_ci_excludes_zero;ETHUSDT: zero_seeds_survive_double_costs,BTCUSDT: positive_total_return (2/6);BTCUSDT: bootstrap_sharpe_ci_excludes_zero (0/6);BTCUSDT: survives_double_costs (1/6);BTCUSDT: beats_buy_and_hold (0/6);BTCUSDT: survives_drop_top_trades (0/6);ETHUSDT: positive_total_return (2/6);ETHUSDT: bootstrap_sharpe_ci_excludes_zero (0/6);ETHUSDT: survives_double_costs (0/6);ETHUSDT: beats_buy_and_hold (3/6);ETHUSDT: survives_drop_top_trades (0/6),-0.22483491899797786,-0.22483491899797786,-0.33776371813778455,False,False,False,False,False,True,False,False,False,False,False,True
volatility_breakout,0,0,0.0,47,REJECTED,False,1,ETHUSDT: no_bootstrap_ci_excludes_zero,BTCUSDT: positive_total_return (3/6);BTCUSDT: bootstrap_sharpe_ci_excludes_zero (1/6);BTCUSDT: survives_double_costs (3/6);BTCUSDT: beats_buy_and_hold (2/6);BTCUSDT: survives_drop_top_trades (1/6);ETHUSDT: positive_total_return (4/6);ETHUSDT: bootstrap_sharpe_ci_excludes_zero (0/6);ETHUSDT: survives_double_costs (4/6);ETHUSDT: beats_buy_and_hold (5/6);ETHUSDT: survives_drop_top_trades (0/6),-0.15694878277364507,-0.15694878277364507,-0.01450247272873718,False,False,False,False,False,True,False,False,False,False,False,True
volatility_breakout,0,0,0.0,48,REJECTED,False,2,BTCUSDT: no_bootstrap_ci_excludes_zero;ETHUSDT: no_bootstrap_ci_excludes_zero,BTCUSDT: positive_total_return (1/6);BTCUSDT: bootstrap_sharpe_ci_excludes_zero (0/6);BTCUSDT: survives_double_costs (1/6);BTCUSDT: beats_buy_and_hold (1/6);BTCUSDT: survives_drop_top_trades (0/6);ETHUSDT: positive_total_return (3/6);ETHUSDT: bootstrap_sharpe_ci_excludes_zero (0/6);ETHUSDT: survives_double_costs (3/6);ETHUSDT: beats_buy_and_hold (3/6);ETHUSDT: survives_drop_top_trades (0/6),-0.22671270294295476,-0.22671270294295476,-0.2799506215563641,False,False,False,False,False,True,False,False,False,False,False,True
volatility_breakout,0,0,0.0,49,REJECTED,False,1,BTCUSDT: no_bootstrap_ci_excludes_zero,BTCUSDT: positive_total_return (3/6);BTCUSDT: bootstrap_sharpe_ci_excludes_zero (0/6);BTCUSDT: survives_double_costs (2/6);BTCUSDT: beats_buy_and_hold (1/6);BTCUSDT: survives_drop_top_trades (0/6);ETHUSDT: positive_total_return (3/6);ETHUSDT: bootstrap_sharpe_ci_excludes_zero (1/6);ETHUSDT: survives_double_costs (2/6);ETHUSDT: beats_buy_and_hold (5/6);ETHUSDT: survives_drop_top_trades (0/6),0.013798015202167757,0.013798015202167757,-0.015949512129762138,False,False,False,False,False,True,False,False,False,False,False,True
volatility_breakout,0,1,0.3,0,REJECTED,False,0,,BTCUSDT: bootstrap_sharpe_ci_excludes_zero (1/6);BTCUSDT: beats_buy_and_hold (4/6);BTCUSDT: survives_drop_top_trades (1/6);ETHUSDT: positive_total_return (2/6);ETHUSDT: bootstrap_sharpe_ci_excludes_zero (2/6);ETHUSDT: survives_double_costs (2/6);ETHUSDT: survives_drop_top_trades (0/6),0.3121563736876448,0.3121563736876448,0.46550344906027447,True,False,True,False,False,True,False,False,False,True,False,True
volatility_breakout,0,1,0.3,1,REJECTED,False,1,ETHUSDT: no_bootstrap_ci_excludes_zero,BTCUSDT: positive_total_return (5/6);BTCUSDT: bootstrap_sharpe_ci_excludes_zero (2/6);BTCUSDT: survives_double_costs (4/6);BTCUSDT: beats_buy_and_hold (3/6);BTCUSDT: survives_drop_top_trades (2/6);ETHUSDT: positive_total_return (4/6);ETHUSDT: bootstrap_sharpe_ci_excludes_zero (0/6);ETHUSDT: survives_double_costs (3/6);ETHUSDT: survives_drop_top_trades (0/6),0.05758908768896587,0.05758908768896587,0.15562544800710612,False,False,False,False,False,True,False,False,False,True,False,True
volatility_breakout,0,1,0.3,2,REJECTED,False,0,,BTCUSDT: positive_total_return (4/6);BTCUSDT: bootstrap_sharpe_ci_excludes_zero (1/6);BTCUSDT: survives_double_costs (3/6);BTCUSDT: beats_buy_and_hold (2/6);BTCUSDT: survives_drop_top_trades (1/6);ETHUSDT: positive_total_return (5/6);ETHUSDT: bootstrap_sharpe_ci_excludes_zero (1/6);ETHUSDT: survives_double_costs (4/6);ETHUSDT: survives_drop_top_trades (1/6),0.16076760242658217,0.16076760242658217,0.2581312501364767,False,False,False,False,False,True,False,False,False,True,False,True
volatility_breakout,0,1,0.3,3,REJECTED,False,0,,BTCUSDT: positive_total_return (5/6);BTCUSDT: bootstrap_sharpe_ci_excludes_zero (2/6);BTCUSDT: survives_double_costs (5/6);BTCUSDT: beats_buy_and_hold (3/6);BTCUSDT: survives_drop_top_trades (2/6);ETHUSDT: positive_total_return (5/6);ETHUSDT: bootstrap_sharpe_ci_excludes_zero (2/6);ETHUSDT: survives_double_costs (5/6);ETHUSDT: survives_drop_top_trades (2/6),0.3348562887537926,0.3348562887537926,0.7907672613182408,False,False,False,False,False,True,False,False,False,True,False,True
volatility_breakout,0,1,0.3,4,REJECTED,False,0,,BTCUSDT: bootstrap_sharpe_ci_excludes_zero (5/6);BTCUSDT: survives_drop_top_trades (2/6);ETHUSDT: bootstrap_sharpe_ci_excludes_zero (4/6);ETHUSDT: survives_drop_top_trades (3/6),0.7571771951566377,0.7571771951566377,1.8407964838308466,True,False,True,True,False,True,True,False,True,True,False,True
volatility_breakout,0,1,0.3,5,REJECTED,False,2,BTCUSDT: no_bootstrap_ci_excludes_zero;ETHUSDT: no_bootstrap_ci_excludes_zero,BTCUSDT: positive_total_return (3/6);BTCUSDT: bootstrap_sharpe_ci_excludes_zero (0/6);BTCUSDT: survives_double_costs (2/6);BTCUSDT: beats_buy_and_hold (2/6);BTCUSDT: survives_drop_top_trades (1/6);ETHUSDT: positive_total_return (4/6);ETHUSDT: bootstrap_sharpe_ci_excludes_zero (0/6);ETHUSDT: survives_double_costs (4/6);ETHUSDT: beats_buy_and_hold (5/6);ETHUSDT: survives_drop_top_trades (0/6),-0.03649876478803313,-0.03649876478803313,-0.08124280770532163,False,False,False,False,False,True,False,False,False,False,False,True
volatility_breakout,0,1,0.3,6,REJECTED,False,0,,BTCUSDT: bootstrap_sharpe_ci_excludes_zero (1/6);BTCUSDT: survives_double_costs (5/6);BTCUSDT: beats_buy_and_hold (4/6);BTCUSDT: survives_drop_top_trades (1/6);ETHUSDT: bootstrap_sharpe_ci_excludes_zero (3/6);ETHUSDT: survives_drop_top_trades (3/6),0.5146149880380599,0.5146149880380599,1.0274033675500458,True,False,False,False,False,True,True,False,True,True,False,True
volatility_breakout,0,1,0.3,7,REJECTED,False,0,,BTCUSDT: bootstrap_sharpe_ci_excludes_zero (2/6);BTCUSDT: survives_drop_top_trades (2/6);ETHUSDT: bootstrap_sharpe_ci_excludes_zero (2/6);ETHUSDT: survives_drop_top_trades (2/6),0.5969827792176364,0.5969827792176364,1.0982101503199049,True,False,True,True,False,True,True,False,True,True,False,True
volatility_breakout,0,1,0.3,8,REJECTED,False,1,ETHUSDT: no_bootstrap_ci_excludes_zero,BTCUSDT: bootstrap_sharpe_ci_excludes_zero (1/6);BTCUSDT: survives_double_costs (4/6);BTCUSDT: beats_buy_and_hold (2/6);BTCUSDT: survives_drop_top_trades (1/6);ETHUSDT: positive_total_return (5/6);ETHUSDT: bootstrap_sharpe_ci_excludes_zero (0/6);ETHUSDT: survives_double_costs (5/6);ETHUSDT: survives_drop_top_trades (0/6),0.24534781004460054,0.24534781004460054,0.33475738307013364,True,False,False,False,False,True,False,False,False,True,False,True
volatility_breakout,0,1,0.3,9,REJECTED,False,1,BTCUSDT: no_bootstrap_ci_excludes_zero,BTCUSDT: bootstrap_sharpe_ci_excludes_zero (0/6);BTCUSDT: beats_buy_and_hold (5/6);BTCUSDT: survives_drop_top_trades (0/6);ETHUSDT: bootstrap_sharpe_ci_excludes_zero (1/6);ETHUSDT: survives_drop_top_trades (1/6),0.38796934406050265,0.38796934406050265,0.6044854563341346,True,False,True,False,False,True,True,False,True,True,False,True
volatility_breakout,0,1,0.3,10,REJECTED,False,1,ETHUSDT: confined_to_one_fold,BTCUSDT: bootstrap_sharpe_ci_excludes_zero (1/6);BTCUSDT: beats_buy_and_hold (5/6);BTCUSDT: survives_drop_top_trades (2/6);ETHUSDT: bootstrap_sharpe_ci_excludes_zero (1/6);ETHUSDT: survives_double_costs (4/6);ETHUSDT: survives_drop_top_trades (0/6);ETHUSDT: not_confined_to_one_fold (4/6),0.3255288743722873,0.3255288743722873,0.4195188132134481,True,False,True,False,False,True,True,False,False,True,False,False
volatility_breakout,0,1,0.3,11,REJECTED,False,0,,BTCUSDT: positive_total_return (5/6);BTCUSDT: bootstrap_sharpe_ci_excludes_zero (1/6);BTCUSDT: survives_double_costs (4/6);BTCUSDT: beats_buy_and_hold (3/6);BTCUSDT: survives_drop_top_trades (0/6);ETHUSDT: positive_total_return (4/6);ETHUSDT: bootstrap_sharpe_ci_excludes_zero (1/6);ETHUSDT: survives_double_costs (3/6);ETHUSDT: beats_buy_and_hold (5/6);ETHUSDT: survives_drop_top_trades (1/6),0.20814462451066462,0.20814462451066462,0.480489331642367,False,False,False,False,False,True,False,False,False,False,False,True
volatility_breakout,0,1,0.3,12,REJECTED,False,1,ETHUSDT: no_bootstrap_ci_excludes_zero,BTCUSDT: positive_total_return (4/6);BTCUSDT: bootstrap_sharpe_ci_excludes_zero (1/6);BTCUSDT: survives_double_costs (2/6);BTCUSDT: beats_buy_and_hold (1/6);BTCUSDT: survives_drop_top_trades (1/6);ETHUSDT: positive_total_return (5/6);ETHUSDT: bootstrap_sharpe_ci_excludes_zero (0/6);ETHUSDT: survives_double_costs (5/6);ETHUSDT: survives_drop_top_trades (0/6),0.1707253623854325,0.1707253623854325,0.22308941803835208,False,False,False,False,False,True,False,False,False,True,False,True
volatility_breakout,0,1,0.3,13,REJECTED,False,0,,BTCUSDT: positive_total_return (5/6);BTCUSDT: bootstrap_sharpe_ci_excludes_zero (2/6);BTCUSDT: survives_double_costs (5/6);BTCUSDT: beats_buy_and_hold (3/6);BTCUSDT: survives_drop_top_trades (2/6);ETHUSDT: positive_total_return (5/6);ETHUSDT: bootstrap_sharpe_ci_excludes_zero (1/6);ETHUSDT: survives_double_costs (4/6);ETHUSDT: beats_buy_and_hold (5/6);ETHUSDT: survives_drop_top_trades (1/6),0.30260722050716043,0.30260722050716043,0.5037212945895503,False,False,False,False,False,True,False,False,False,False,False,True
volatility_breakout,0,1,0.3,14,REJECTED,False,2,BTCUSDT: no_bootstrap_ci_excludes_zero;ETHUSDT: no_bootstrap_ci_excludes_zero,BTCUSDT: positive_total_return (3/6);BTCUSDT: bootstrap_sharpe_ci_excludes_zero (0/6);BTCUSDT: survives_double_costs (3/6);BTCUSDT: beats_buy_and_hold (1/6);BTCUSDT: survives_drop_top_trades (0/6);ETHUSDT: positive_total_return (3/6);ETHUSDT: bootstrap_sharpe_ci_excludes_zero (0/6);ETHUSDT: survives_double_costs (3/6);ETHUSDT: beats_buy_and_hold (4/6);ETHUSDT: survives_drop_top_trades (0/6),-0.10097026582509316,-0.10097026582509316,-0.19331144746611628,False,False,False,False,False,True,False,False,False,False,False,True
volatility_breakout,0,1,0.3,15,REJECTED,False,1,BTCUSDT: no_bootstrap_ci_excludes_zero,BTCUSDT: positive_total_return (5/6);BTCUSDT: bootstrap_sharpe_ci_excludes_zero (0/6);BTCUSDT: survives_double_costs (5/6);BTCUSDT: beats_buy_and_hold (5/6);BTCUSDT: survives_drop_top_trades (0/6);ETHUSDT: positive_total_return (5/6);ETHUSDT: bootstrap_sharpe_ci_excludes_zero (1/6);ETHUSDT: survives_double_costs (5/6);ETHUSDT: survives_drop_top_trades (1/6),0.2317842758999435,0.2317842758999435,0.4712235250372253,False,False,False,False,False,True,False,False,False,True,False,True
volatility_breakout,0,1,0.3,16,REJECTED,False,3,BTCUSDT: no_bootstrap_ci_excludes_zero;BTCUSDT: confined_to_one_fold;ETHUSDT: no_bootstrap_ci_excludes_zero,BTCUSDT: bootstrap_sharpe_ci_excludes_zero (0/6);BTCUSDT: survives_double_costs (4/6);BTCUSDT: beats_buy_and_hold (1/6);BTCUSDT: survives_drop_top_trades (0/6);BTCUSDT: not_confined_to_one_fold (4/6);ETHUSDT: positive_total_return (4/6);ETHUSDT: bootstrap_sharpe_ci_excludes_zero (0/6);ETHUSDT: survives_double_costs (4/6);ETHUSDT: beats_buy_and_hold (5/6);ETHUSDT: survives_drop_top_trades (0/6),0.0875313383929809,0.0875313383929809,0.0007712412008945956,True,False,False,False,False,False,False,False,False,False,False,True
volatility_breakout,0,1,0.3,17,REJECTED,False,0,,BTCUSDT: bootstrap_sharpe_ci_excludes_zero (3/6);BTCUSDT: survives_double_costs (5/6);BTCUSDT: beats_buy_and_hold (5/6);BTCUSDT: survives_drop_top_trades (3/6);ETHUSDT: bootstrap_sharpe_ci_excludes_zero (1/6);ETHUSDT: survives_drop_top_trades (2/6),0.5439316582291608,0.5439316582291608,0.959273220511854,True,False,False,False,False,True,True,False,True,True,False,True
volatility_breakout,0,1,0.3,18,REJECTED,False,0,,BTCUSDT: bootstrap_sharpe_ci_excludes_zero (3/6);BTCUSDT: survives_drop_top_trades (2/6);ETHUSDT: bootstrap_sharpe_ci_excludes_zero (2/6);ETHUSDT: survives_drop_top_trades (2/6),0.5655377522144921,0.5655377522144921,1.1295771069035876,True,False,True,True,False,True,True,False,True,True,False,True
volatility_breakout,0,1,0.3,19,REJECTED,False,0,,BTCUSDT: bootstrap_sharpe_ci_excludes_zero (1/6);BTCUSDT: survives_double_costs (5/6);BTCUSDT: beats_buy_and_hold (2/6);BTCUSDT: survives_drop_top_trades (1/6);ETHUSDT: bootstrap_sharpe_ci_excludes_zero (1/6);ETHUSDT: survives_double_costs (5/6);ETHUSDT: survives_drop_top_trades (1/6),0.39411526985286105,0.39411526985286105,0.9864035487158118,True,False,False,False,False,True,True,False,False,True,False,True
volatility_breakout,0,1,0.3,20,REJECTED,False,1,ETHUSDT: no_bootstrap_ci_excludes_zero,BTCUSDT: bootstrap_sharpe_ci_excludes_zero (3/6);BTCUSDT: survives_drop_top_trades (2/6);ETHUSDT: bootstrap_sharpe_ci_excludes_zero (0/6);ETHUSDT: survives_drop_top_trades (0/6);ETHUSDT: not_confined_to_one_fold (5/6),0.570484457401794,0.570484457401794,0.8167568444284419,True,False,True,True,False,True,True,False,True,True,False,False
volatility_breakout,0,1,0.3,21,REJECTED,False,1,ETHUSDT: no_bootstrap_ci_excludes_zero,BTCUSDT: positive_total_return (5/6);BTCUSDT: bootstrap_sharpe_ci_excludes_zero (2/6);BTCUSDT: survives_double_costs (4/6);BTCUSDT: beats_buy_and_hold (3/6);BTCUSDT: survives_drop_top_trades (2/6);ETHUSDT: positive_total_return (3/6);ETHUSDT: bootstrap_sharpe_ci_excludes_zero (0/6);ETHUSDT: survives_double_costs (3/6);ETHUSDT: beats_buy_and_hold (3/6);ETHUSDT: survives_drop_top_trades (2/6),0.10618932228119744,0.10618932228119744,0.20278059685714944,False,False,False,False,False,True,False,False,False,False,False,True
volatility_breakout,0,1,0.3,22,REJECTED,False,0,,BTCUSDT: bootstrap_sharpe_ci_excludes_zero (2/6);BTCUSDT: beats_buy_and_hold (5/6);BTCUSDT: survives_drop_top_trades (2/6);ETHUSDT: bootstrap_sharpe_ci_excludes_zero (1/6);ETHUSDT: survives_drop_top_trades (1/6),0.3508666217179862,0.3508666217179862,0.57649275348943,True,False,True,False,False,True,True,False,True,True,False,True
volatility_breakout,0,1,0.3,23,REJECTED,False,0,,BTCUSDT: bootstrap_sharpe_ci_excludes_zero (3/6);BTCUSDT: survives_double_costs (5/6);BTCUSDT: beats_buy_and_hold (4/6);BTCUSDT: survives_drop_top_trades (4/6);ETHUSDT: positive_total_return (5/6);ETHUSDT: bootstrap_sharpe_ci_excludes_zero (2/6);ETHUSDT: survives_double_costs (5/6);ETHUSDT: survives_drop_top_trades (3/6),0.49274626218197976,0.49274626218197976,1.040515516745371,True,False,False,False,False,True,False,False,False,True,False,True
volatility_breakout,0,1,0.3,24,REJECTED,False,1,ETHUSDT: no_bootstrap_ci_excludes_zero,BTCUSDT: bootstrap_sharpe_ci_excludes_zero (1/6);BTCUSDT: survives_double_costs (4/6);BTCUSDT: beats_buy_and_hold (3/6);BTCUSDT: survives_drop_top_trades (1/6);ETHUSDT: positive_total_return (3/6);ETHUSDT: bootstrap_sharpe_ci_excludes_zero (0/6);ETHUSDT: survives_double_costs (1/6);ETHUSDT: beats_buy_and_hold (4/6);ETHUSDT: survives_drop_top_trades (0/6),0.16451272723369342,0.16451272723369342,0.17243090384864454,True,False,False,False,False,True,False,False,False,False,False,True
volatility_breakout,0,1,0.3,25,REJECTED,False,3,BTCUSDT: no_bootstrap_ci_excludes_zero;ETHUSDT: no_bootstrap_ci_excludes_zero;ETHUSDT: confined_to_one_fold,BTCUSDT: bootstrap_sharpe_ci_excludes_zero (0/6);BTCUSDT: survives_double_costs (5/6);BTCUSDT: beats_buy_and_hold (4/6);BTCUSDT: survives_drop_top_trades (0/6);ETHUSDT: bootstrap_sharpe_ci_excludes_zero (0/6);ETHUSDT: survives_drop_top_trades (0/6);ETHUSDT: not_confined_to_one_fold (4/6),0.30344472344272055,0.30344472344272055,0.3204450996212663,True,False,False,False,False,True,True,False,True,True,False,False
volatility_breakout,0,1,0.3,26,REJECTED,False,3,BTCUSDT: no_bootstrap_ci_excludes_zero;ETHUSDT: no_bootstrap_ci_excludes_zero;ETHUSDT: confined_to_one_fold,BTCUSDT: positive_total_return (4/6);BTCUSDT: bootstrap_sharpe_ci_excludes_zero (0/6);BTCUSDT: survives_double_costs (4/6);BTCUSDT: beats_buy_and_hold (2/6);BTCUSDT: survives_drop_top_trades (0/6);ETHUSDT: bootstrap_sharpe_ci_excludes_zero (0/6);ETHUSDT: survives_double_costs (5/6);ETHUSDT: survives_drop_top_trades (0/6);ETHUSDT: not_confined_to_one_fold (4/6),0.20280931737711166,0.20280931737711166,0.15351597570514053,False,False,False,False,False,True,True,False,False,True,False,False
volatility_breakout,0,1,0.3,27,REJECTED,False,0,,BTCUSDT: positive_total_return (2/6);BTCUSDT: bootstrap_sharpe_ci_excludes_zero (1/6);BTCUSDT: survives_double_costs (1/6);BTCUSDT: beats_buy_and_hold (1/6);BTCUSDT: survives_drop_top_trades (1/6);ETHUSDT: positive_total_return (4/6);ETHUSDT: bootstrap_sharpe_ci_excludes_zero (1/6);ETHUSDT: survives_double_costs (4/6);ETHUSDT: survives_drop_top_trades (0/6),0.1625170741803687,0.1625170741803687,0.3115211651733478,False,False,False,False,False,True,False,False,False,True,False,True
volatility_breakout,0,1,0.3,28,REJECTED,False,1,BTCUSDT: no_bootstrap_ci_excludes_zero,BTCUSDT: bootstrap_sharpe_ci_excludes_zero (0/6);BTCUSDT: survives_double_costs (4/6);BTCUSDT: beats_buy_and_hold (4/6);BTCUSDT: survives_drop_top_trades (1/6);ETHUSDT: bootstrap_sharpe_ci_excludes_zero (2/6);ETHUSDT: survives_double_costs (4/6);ETHUSDT: survives_drop_top_trades (3/6),0.22677250819217254,0.22677250819217254,0.3842969918211492,True,False,False,False,False,True,True,False,False,True,False,True
volatility_breakout,0,1,0.3,29,REJECTED,False,0,,BTCUSDT: bootstrap_sharpe_ci_excludes_zero (2/6);BTCUSDT: beats_buy_and_hold (4/6);BTCUSDT: survives_drop_top_trades (2/6);ETHUSDT: bootstrap_sharpe_ci_excludes_zero (2/6);ETHUSDT: survives_drop_top_trades (1/6),0.39608185788702477,0.39608185788702477,0.8171785109019764,True,False,True,False,False,True,True,False,True,True,False,True
volatility_breakout,0,1,0.3,30,REJECTED,False,0,,BTCUSDT: positive_total_return (5/6);BTCUSDT: bootstrap_sharpe_ci_excludes_zero (3/6);BTCUSDT: survives_double_costs (5/6);BTCUSDT: beats_buy_and_hold (5/6);BTCUSDT: survives_drop_top_trades (3/6);ETHUSDT: bootstrap_sharpe_ci_excludes_zero (3/6);ETHUSDT: survives_drop_top_trades (2/6),0.4672214098155182,0.4672214098155182,1.1707034357533193,False,False,False,False,False,True,True,False,True,True,False,True
volatility_breakout,0,1,0.3,31,REJECTED,False,0,,BTCUSDT: positive_total_return (5/6);BTCUSDT: bootstrap_sharpe_ci_excludes_zero (1/6);BTCUSDT: survives_double_costs (5/6);BTCUSDT: beats_buy_and_hold (4/6);BTCUSDT: survives_drop_top_trades (2/6);ETHUSDT: bootstrap_sharpe_ci_excludes_zero (1/6);ETHUSDT: survives_drop_top_trades (1/6),0.3223157039970936,0.3223157039970936,0.6125797444976208,False,False,False,False,False,True,True,False,True,True,False,True
volatility_breakout,0,1,0.3,32,REJECTED,False,0,,BTCUSDT: bootstrap_sharpe_ci_excludes_zero (2/6);BTCUSDT: beats_buy_and_hold (3/6);BTCUSDT: survives_drop_top_trades (2/6);ETHUSDT: bootstrap_sharpe_ci_excludes_zero (1/6);ETHUSDT: survives_drop_top_trades (0/6),0.436230494254991,0.436230494254991,0.8048604456529143,True,False,True,False,False,True,True,False,True,True,False,True
volatility_breakout,0,1,0.3,33,REJECTED,False,0,,BTCUSDT: positive_total_return (5/6);BTCUSDT: bootstrap_sharpe_ci_excludes_zero (1/6);BTCUSDT: survives_double_costs (5/6);BTCUSDT: beats_buy_and_hold (2/6);BTCUSDT: survives_drop_top_trades (0/6);ETHUSDT: positive_total_return (3/6);ETHUSDT: bootstrap_sharpe_ci_excludes_zero (1/6);ETHUSDT: survives_double_costs (3/6);ETHUSDT: beats_buy_and_hold (5/6);ETHUSDT: survives_drop_top_trades (1/6),0.2031306364924959,0.2031306364924959,0.31656132756291566,False,False,False,False,False,True,False,False,False,False,False,True
volatility_breakout,0,1,0.3,34,REJECTED,False,1,BTCUSDT: no_bootstrap_ci_excludes_zero,BTCUSDT: positive_total_return (5/6);BTCUSDT: bootstrap_sharpe_ci_excludes_zero (0/6);BTCUSDT: survives_double_costs (4/6);BTCUSDT: beats_buy_and_hold (2/6);BTCUSDT: survives_drop_top_trades (2/6);ETHUSDT: bootstrap_sharpe_ci_excludes_zero (1/6);ETHUSDT: survives_double_costs (5/6);ETHUSDT: survives_drop_top_trades (1/6),0.1966329772031635,0.1966329772031635,0.24685669067142824,False,False,False,False,False,True,True,False,False,True,False,True
volatility_breakout,0,1,0.3,35,REJECTED,False,0,,BTCUSDT: bootstrap_sharpe_ci_excludes_zero (2/6);BTCUSDT: beats_buy_and_hold (5/6);BTCUSDT: survives_drop_top_trades (4/6);ETHUSDT: bootstrap_sharpe_ci_excludes_zero (2/6);ETHUSDT: survives_drop_top_trades (1/6),0.5294584590345954,0.5294584590345954,0.9754116923013953,True,False,True,False,False,True,True,False,True,True,False,True
volatility_breakout,0,1,0.3,36,REJECTED,False,0,,BTCUSDT: bootstrap_sharpe_ci_excludes_zero (2/6);BTCUSDT: beats_buy_and_hold (3/6);BTCUSDT: survives_drop_top_trades (2/6);ETHUSDT: bootstrap_sharpe_ci_excludes_zero (2/6);ETHUSDT: survives_drop_top_trades (2/6),0.47699120209974516,0.47699120209974516,0.8988149322066233,True,False,True,False,False,True,True,False,True,True,False,True
volatility_breakout,0,1,0.3,37,REJECTED,False,0,,BTCUSDT: bootstrap_sharpe_ci_excludes_zero (1/6);BTCUSDT: beats_buy_and_hold (3/6);BTCUSDT: survives_drop_top_trades (1/6);ETHUSDT: bootstrap_sharpe_ci_excludes_zero (1/6);ETHUSDT: survives_double_costs (5/6);ETHUSDT: survives_drop_top_trades (1/6),0.3928879945619609,0.3928879945619609,0.7624993239309066,True,False,True,False,False,True,True,False,False,True,False,True
volatility_breakout,0,1,0.3,38,REJECTED,False,1,BTCUSDT: no_bootstrap_ci_excludes_zero,BTCUSDT: positive_total_return (3/6);BTCUSDT: bootstrap_sharpe_ci_excludes_zero (0/6);BTCUSDT: survives_double_costs (2/6);BTCUSDT: beats_buy_and_hold (1/6);BTCUSDT: survives_drop_top_trades (0/6);ETHUSDT: positive_total_return (5/6);ETHUSDT: bootstrap_sharpe_ci_excludes_zero (1/6);ETHUSDT: survives_double_costs (3/6);ETHUSDT: survives_drop_top_trades (1/6),0.06893701501421026,0.06893701501421026,0.07994697711367706,False,False,False,False,False,True,False,False,False,True,False,True
volatility_breakout,0,1,0.3,39,REJECTED,False,2,BTCUSDT: no_bootstrap_ci_excludes_zero;ETHUSDT: no_bootstrap_ci_excludes_zero,BTCUSDT: bootstrap_sharpe_ci_excludes_zero (0/6);BTCUSDT: survives_drop_top_trades (0/6);ETHUSDT: positive_total_return (5/6);ETHUSDT: bootstrap_sharpe_ci_excludes_zero (0/6);ETHUSDT: survives_double_costs (5/6);ETHUSDT: survives_drop_top_trades (0/6),0.39886174241639727,0.39886174241639727,0.4867100206270901,True,False,True,True,False,True,False,False,False,True,False,True
volatility_breakout,0,1,0.3,40,REJECTED,False,1,ETHUSDT: no_bootstrap_ci_excludes_zero,BTCUSDT: positive_total_return (5/6);BTCUSDT: bootstrap_sharpe_ci_excludes_zero (1/6);BTCUSDT: survives_double_costs (3/6);BTCUSDT: beats_buy_and_hold (3/6);BTCUSDT: survives_drop_top_trades (1/6);ETHUSDT: positive_total_return (3/6);ETHUSDT: bootstrap_sharpe_ci_excludes_zero (0/6);ETHUSDT: survives_double_costs (3/6);ETHUSDT: beats_buy_and_hold (5/6);ETHUSDT: survives_drop_top_trades (0/6),0.2018121310288869,0.2018121310288869,0.22936735896097465,False,False,False,False,False,True,False,False,False,False,False,True
volatility_breakout,0,1,0.3,41,REJECTED,False,1,ETHUSDT: no_bootstrap_ci_excludes_zero,BTCUSDT: bootstrap_sharpe_ci_excludes_zero (1/6);BTCUSDT: survives_double_costs (5/6);BTCUSDT: beats_buy_and_hold (3/6);BTCUSDT: survives_drop_top_trades (1/6);ETHUSDT: bootstrap_sharpe_ci_excludes_zero (0/6);ETHUSDT: survives_drop_top_trades (0/6),0.30945137592158156,0.30945137592158156,0.38707116484209914,True,False,False,False,False,True,True,False,True,True,False,True
volatility_breakout,0,1,0.3,42,REJECTED,False,2,BTCUSDT: no_bootstrap_ci_excludes_zero;ETHUSDT: no_bootstrap_ci_excludes_zero,BTCUSDT: bootstrap_sharpe_ci_excludes_zero (0/6);BTCUSDT: survives_double_costs (4/6);BTCUSDT: beats_buy_and_hold (2/6);BTCUSDT: survives_drop_top_trades (0/6);ETHUSDT: bootstrap_sharpe_ci_excludes_zero (0/6);ETHUSDT: survives_drop_top_trades (1/6);ETHUSDT: not_confined_to_one_fold (5/6),0.27032852318549494,0.27032852318549494,0.3526452929489852,True,False,False,False,False,True,True,False,True,True,False,False
volatility_breakout,0,1,0.3,43,REJECTED,False,0,,BTCUSDT: positive_total_return (5/6);BTCUSDT: bootstrap_sharpe_ci_excludes_zero (3/6);BTCUSDT: survives_double_costs (4/6);BTCUSDT: beats_buy_and_hold (4/6);BTCUSDT: survives_drop_top_trades (2/6);ETHUSDT: bootstrap_sharpe_ci_excludes_zero (1/6);ETHUSDT: survives_drop_top_trades (0/6),0.3850588647921588,0.3850588647921588,0.5214445670902125,False,False,False,False,False,True,True,False,True,True,False,True
volatility_breakout,0,1,0.3,44,REJECTED,False,0,,BTCUSDT: bootstrap_sharpe_ci_excludes_zero (2/6);BTCUSDT: survives_drop_top_trades (2/6);ETHUSDT: bootstrap_sharpe_ci_excludes_zero (3/6);ETHUSDT: survives_drop_top_trades (2/6),0.5816495381711247,0.5816495381711247,1.4960004903757607,True,False,True,True,False,True,True,False,True,True,False,True
volatility_breakout,0,1,0.3,45,REJECTED,False,1,BTCUSDT: no_bootstrap_ci_excludes_zero,BTCUSDT: bootstrap_sharpe_ci_excludes_zero (0/6);BTCUSDT: survives_double_costs (5/6);BTCUSDT: beats_buy_and_hold (4/6);BTCUSDT: survives_drop_top_trades (0/6);ETHUSDT: positive_total_return (5/6);ETHUSDT: bootstrap_sharpe_ci_excludes_zero (1/6);ETHUSDT: survives_double_costs (5/6);ETHUSDT: beats_buy_and_hold (5/6);ETHUSDT: survives_drop_top_trades (1/6),0.2825755751695381,0.2825755751695381,0.4692794430002948,True,False,False,False,False,True,False,False,False,False,False,True
volatility_breakout,0,1,0.3,46,REJECTED,False,0,,BTCUSDT: bootstrap_sharpe_ci_excludes_zero (1/6);BTCUSDT: survives_double_costs (4/6);BTCUSDT: beats_buy_and_hold (2/6);BTCUSDT: survives_drop_top_trades (1/6);ETHUSDT: positive_total_return (5/6);ETHUSDT: bootstrap_sharpe_ci_excludes_zero (1/6);ETHUSDT: survives_double_costs (5/6);ETHUSDT: survives_drop_top_trades (1/6),0.32167139772962555,0.32167139772962555,0.4645148503578994,True,False,False,False,False,True,False,False,False,True,False,True
volatility_breakout,0,1,0.3,47,REJECTED,False,0,,BTCUSDT: bootstrap_sharpe_ci_excludes_zero (1/6);BTCUSDT: survives_double_costs (5/6);BTCUSDT: beats_buy_and_hold (5/6);BTCUSDT: survives_drop_top_trades (0/6);ETHUSDT: bootstrap_sharpe_ci_excludes_zero (2/6);ETHUSDT: survives_double_costs (4/6);ETHUSDT: survives_drop_top_trades (2/6),0.3643506255220094,0.3643506255220094,0.803236693647418,True,False,False,False,False,True,True,False,False,True,False,True
volatility_breakout,0,1,0.3,48,REJECTED,False,1,BTCUSDT: no_bootstrap_ci_excludes_zero,BTCUSDT: bootstrap_sharpe_ci_excludes_zero (0/6);BTCUSDT: beats_buy_and_hold (3/6);BTCUSDT: survives_drop_top_trades (1/6);ETHUSDT: bootstrap_sharpe_ci_excludes_zero (1/6);ETHUSDT: survives_drop_top_trades (1/6),0.3984872739559672,0.3984872739559672,0.5676536282317757,True,False,True,False,False,True,True,False,True,True,False,True
volatility_breakout,0,1,0.3,49,REJECTED,False,0,,BTCUSDT: positive_total_return (5/6);BTCUSDT: bootstrap_sharpe_ci_excludes_zero (1/6);BTCUSDT: survives_double_costs (5/6);BTCUSDT: beats_buy_and_hold (3/6);BTCUSDT: survives_drop_top_trades (1/6);ETHUSDT: bootstrap_sharpe_ci_excludes_zero (2/6);ETHUSDT: survives_double_costs (5/6);ETHUSDT: survives_drop_top_trades (2/6);ETHUSDT: not_confined_to_one_fold (5/6),0.3540603198732988,0.3540603198732988,0.4867586416746791,False,False,False,False,False,True,True,False,False,True,False,False
volatility_breakout,0,2,0.5,0,REJECTED,False,0,,BTCUSDT: bootstrap_sharpe_ci_excludes_zero (1/6);BTCUSDT: survives_drop_top_trades (1/6);ETHUSDT: bootstrap_sharpe_ci_excludes_zero (1/6);ETHUSDT: survives_double_costs (5/6);ETHUSDT: survives_drop_top_trades (1/6),0.4760580542148756,0.4760580542148756,0.7025782139745071,True,False,True,True,False,True,True,False,False,True,False,True
volatility_breakout,0,2,0.5,1,REJECTED,False,0,,BTCUSDT: bootstrap_sharpe_ci_excludes_zero (4/6);BTCUSDT: survives_drop_top_trades (5/6);ETHUSDT: bootstrap_sharpe_ci_excludes_zero (3/6);ETHUSDT: survives_drop_top_trades (2/6),0.6008295378698716,0.6008295378698716,1.1057641816198693,True,False,True,True,False,True,True,False,True,True,False,True
volatility_breakout,0,2,0.5,2,REJECTED,False,0,,BTCUSDT: positive_total_return (5/6);BTCUSDT: bootstrap_sharpe_ci_excludes_zero (2/6);BTCUSDT: survives_double_costs (5/6);BTCUSDT: beats_buy_and_hold (3/6);BTCUSDT: survives_drop_top_trades (2/6);ETHUSDT: bootstrap_sharpe_ci_excludes_zero (1/6);ETHUSDT: survives_double_costs (4/6);ETHUSDT: survives_drop_top_trades (1/6);ETHUSDT: not_confined_to_one_fold (5/6),0.3463126953706449,0.3463126953706449,0.8923522678332511,False,False,False,False,False,True,True,False,False,True,False,False
volatility_breakout,0,2,0.5,3,REJECTED,False,1,BTCUSDT: no_bootstrap_ci_excludes_zero,BTCUSDT: positive_total_return (4/6);BTCUSDT: bootstrap_sharpe_ci_excludes_zero (0/6);BTCUSDT: survives_double_costs (4/6);BTCUSDT: beats_buy_and_hold (1/6);BTCUSDT: survives_drop_top_trades (1/6);ETHUSDT: bootstrap_sharpe_ci_excludes_zero (1/6);ETHUSDT: survives_double_costs (4/6);ETHUSDT: survives_drop_top_trades (1/6),0.24372640213257743,0.24372640213257743,0.46599152270487787,False,False,False,False,False,True,True,False,False,True,False,True
volatility_breakout,0,2,0.5,4,REJECTED,False,0,,BTCUSDT: positive_total_return (5/6);BTCUSDT: bootstrap_sharpe_ci_excludes_zero (3/6);BTCUSDT: survives_double_costs (4/6);BTCUSDT: beats_buy_and_hold (3/6);BTCUSDT: survives_drop_top_trades (3/6);ETHUSDT: bootstrap_sharpe_ci_excludes_zero (1/6);ETHUSDT: survives_drop_top_trades (1/6),0.3637995245166094,0.3637995245166094,0.7135028817910297,False,False,False,False,False,True,True,False,True,True,False,True
volatility_breakout,0,2,0.5,5,REJECTED,False,0,,BTCUSDT: bootstrap_sharpe_ci_excludes_zero (3/6);BTCUSDT: survives_double_costs (4/6);BTCUSDT: beats_buy_and_hold (4/6);BTCUSDT: survives_drop_top_trades (2/6);ETHUSDT: bootstrap_sharpe_ci_excludes_zero (2/6);ETHUSDT: survives_drop_top_trades (2/6),0.43203533170903785,0.43203533170903785,1.1599032978368955,True,False,False,False,False,True,True,False,True,True,False,True
volatility_breakout,0,2,0.5,6,REJECTED,False,0,,BTCUSDT: bootstrap_sharpe_ci_excludes_zero (3/6);BTCUSDT: survives_double_costs (5/6);BTCUSDT: beats_buy_and_hold (4/6);BTCUSDT: survives_drop_top_trades (3/6);ETHUSDT: bootstrap_sharpe_ci_excludes_zero (3/6);ETHUSDT: survives_double_costs (5/6);ETHUSDT: survives_drop_top_trades (4/6),0.49751088426171614,0.49751088426171614,1.2375361562668954,True,False,False,False,False,True,True,False,False,True,False,True
volatility_breakout,0,2,0.5,7,REJECTED,False,0,,BTCUSDT: bootstrap_sharpe_ci_excludes_zero (1/6);BTCUSDT: beats_buy_and_hold (3/6);BTCUSDT: survives_drop_top_trades (1/6);ETHUSDT: bootstrap_sharpe_ci_excludes_zero (1/6);ETHUSDT: survives_drop_top_trades (1/6);ETHUSDT: not_confined_to_one_fold (5/6),0.4285154887449196,0.4285154887449196,0.5816272552499037,True,False,True,False,False,True,True,False,True,True,False,False
volatility_breakout,0,2,0.5,8,REJECTED,False,1,ETHUSDT: no_bootstrap_ci_excludes_zero,BTCUSDT: bootstrap_sharpe_ci_excludes_zero (1/6);BTCUSDT: beats_buy_and_hold (3/6);BTCUSDT: survives_drop_top_trades (1/6);ETHUSDT: bootstrap_sharpe_ci_excludes_zero (0/6);ETHUSDT: survives_double_costs (4/6);ETHUSDT: survives_drop_top_trades (0/6),0.27629522910342635,0.27629522910342635,0.34928397437231873,True,False,True,False,False,True,True,False,False,True,False,True
volatility_breakout,0,2,0.5,9,REJECTED,False,0,,BTCUSDT: positive_total_return (4/6);BTCUSDT: bootstrap_sharpe_ci_excludes_zero (1/6);BTCUSDT: survives_double_costs (4/6);BTCUSDT: beats_buy_and_hold (3/6);BTCUSDT: survives_drop_top_trades (1/6);ETHUSDT: bootstrap_sharpe_ci_excludes_zero (1/6);ETHUSDT: survives_drop_top_trades (1/6),0.3772078913868663,0.3772078913868663,0.7663397909366518,False,False,False,False,False,True,True,False,True,True,False,True
volatility_breakout,0,2,0.5,10,REJECTED,False,0,,BTCUSDT: bootstrap_sharpe_ci_excludes_zero (3/6);BTCUSDT: survives_drop_top_trades (2/6);ETHUSDT: bootstrap_sharpe_ci_excludes_zero (3/6);ETHUSDT: survives_drop_top_trades (1/6),0.7025126482490922,0.7025126482490922,1.2193402503181203,True,False,True,True,False,True,True,False,True,True,False,True
volatility_breakout,0,2,0.5,11,REJECTED,False,0,,BTCUSDT: bootstrap_sharpe_ci_excludes_zero (2/6);BTCUSDT: beats_buy_and_hold (5/6);BTCUSDT: survives_drop_top_trades (2/6);ETHUSDT: bootstrap_sharpe_ci_excludes_zero (1/6);ETHUSDT: survives_drop_top_trades (1/6),0.5595482987139409,0.5595482987139409,0.9061058286294245,True,False,True,False,False,True,True,False,True,True,False,True
volatility_breakout,0,2,0.5,12,REJECTED,False,0,,BTCUSDT: positive_total_return (4/6);BTCUSDT: bootstrap_sharpe_ci_excludes_zero (1/6);BTCUSDT: survives_double_costs (4/6);BTCUSDT: beats_buy_and_hold (3/6);BTCUSDT: survives_drop_top_trades (0/6);ETHUSDT: bootstrap_sharpe_ci_excludes_zero (1/6);ETHUSDT: survives_double_costs (5/6);ETHUSDT: survives_drop_top_trades (0/6);ETHUSDT: not_confined_to_one_fold (5/6),0.2614808952128179,0.2614808952128179,0.4916688044043947,False,False,False,False,False,True,True,False,False,True,False,False
volatility_breakout,0,2,0.5,13,REJECTED,False,0,,BTCUSDT: bootstrap_sharpe_ci_excludes_zero (3/6);BTCUSDT: beats_buy_and_hold (4/6);BTCUSDT: survives_drop_top_trades (3/6);ETHUSDT: positive_total_return (5/6);ETHUSDT: bootstrap_sharpe_ci_excludes_zero (3/6);ETHUSDT: survives_double_costs (5/6);ETHUSDT: survives_drop_top_trades (4/6),0.5427521142539836,0.5427521142539836,1.951888106044629,True,False,True,False,False,True,False,False,False,True,False,True
volatility_breakout,0,2,0.5,14,REJECTED,False,2,BTCUSDT: no_bootstrap_ci_excludes_zero;ETHUSDT: no_bootstrap_ci_excludes_zero,BTCUSDT: bootstrap_sharpe_ci_excludes_zero (0/6);BTCUSDT: beats_buy_and_hold (3/6);BTCUSDT: survives_drop_top_trades (0/6);ETHUSDT: positive_total_return (5/6);ETHUSDT: bootstrap_sharpe_ci_excludes_zero (0/6);ETHUSDT: survives_double_costs (5/6);ETHUSDT: survives_drop_top_trades (0/6),0.30572940253945197,0.30572940253945197,0.3095708064305616,True,False,True,False,False,True,False,False,False,True,False,True
volatility_breakout,0,2,0.5,15,REJECTED,False,0,,BTCUSDT: bootstrap_sharpe_ci_excludes_zero (3/6);BTCUSDT: survives_drop_top_trades (4/6);ETHUSDT: bootstrap_sharpe_ci_excludes_zero (2/6);ETHUSDT: survives_drop_top_trades (2/6),0.6547421738162469,0.6547421738162469,1.417362668246301,True,False,True,True,False,True,True,False,True,True,False,True
volatility_breakout,0,2,0.5,16,REJECTED,False,1,BTCUSDT: no_bootstrap_ci_excludes_zero,BTCUSDT: positive_total_return (5/6);BTCUSDT: bootstrap_sharpe_ci_excludes_zero (0/6);BTCUSDT: survives_double_costs (3/6);BTCUSDT: beats_buy_and_hold (1/6);BTCUSDT: survives_drop_top_trades (0/6);ETHUSDT: bootstrap_sharpe_ci_excludes_zero (1/6);ETHUSDT: survives_drop_top_trades (0/6),0.2305806830757596,0.2305806830757596,0.27177571899569314,False,False,False,False,False,True,True,False,True,True,False,True
volatility_breakout,0,2,0.5,17,REJECTED,False,1,ETHUSDT: no_bootstrap_ci_excludes_zero,BTCUSDT: bootstrap_sharpe_ci_excludes_zero (1/6);BTCUSDT: beats_buy_and_hold (4/6);BTCUSDT: survives_drop_top_trades (0/6);ETHUSDT: bootstrap_sharpe_ci_excludes_zero (0/6);ETHUSDT: survives_drop_top_trades (0/6),0.38285633720909806,0.38285633720909806,0.4656478504870658,True,False,True,False,False,True,True,False,True,True,False,True
volatility_breakout,0,2,0.5,18,REJECTED,False,0,,BTCUSDT: bootstrap_sharpe_ci_excludes_zero (5/6);BTCUSDT: survives_drop_top_trades (5/6);ETHUSDT: bootstrap_sharpe_ci_excludes_zero (5/6);ETHUSDT: survives_drop_top_trades (5/6),0.9168993761093167,0.9168993761093167,2.233081292058396,True,False,True,True,False,True,True,False,True,True,False,True
volatility_breakout,0,2,0.5,19,REJECTED,False,0,,BTCUSDT: bootstrap_sharpe_ci_excludes_zero (1/6);BTCUSDT: beats_buy_and_hold (5/6);BTCUSDT: survives_drop_top_trades (1/6);ETHUSDT: bootstrap_sharpe_ci_excludes_zero (2/6);ETHUSDT: survives_drop_top_trades (2/6),0.561433563832053,0.561433563832053,1.033259850654216,True,False,True,False,False,True,True,False,True,True,False,True
volatility_breakout,0,2,0.5,20,REJECTED,False,0,,BTCUSDT: bootstrap_sharpe_ci_excludes_zero (2/6);BTCUSDT: beats_buy_and_hold (5/6);BTCUSDT: survives_drop_top_trades (2/6);ETHUSDT: bootstrap_sharpe_ci_excludes_zero (2/6);ETHUSDT: survives_drop_top_trades (2/6);ETHUSDT: not_confined_to_one_fold (5/6),0.5487918025895276,0.5487918025895276,1.096201081847429,True,False,True,False,False,True,True,False,True,True,False,False
volatility_breakout,0,2,0.5,21,REJECTED,False,0,,BTCUSDT: bootstrap_sharpe_ci_excludes_zero (4/6);BTCUSDT: survives_drop_top_trades (3/6);ETHUSDT: bootstrap_sharpe_ci_excludes_zero (2/6);ETHUSDT: survives_drop_top_trades (2/6),0.6013540255809146,0.6013540255809146,1.175260393668748,True,False,True,True,False,True,True,False,True,True,False,True
volatility_breakout,0,2,0.5,22,REJECTED,False,0,,BTCUSDT: bootstrap_sharpe_ci_excludes_zero (2/6);BTCUSDT: survives_drop_top_trades (2/6);ETHUSDT: bootstrap_sharpe_ci_excludes_zero (2/6);ETHUSDT: survives_drop_top_trades (2/6),0.5736994099156547,0.5736994099156547,0.9742164583818471,True,False,True,True,False,True,True,False,True,True,False,True
volatility_breakout,0,2,0.5,23,REJECTED,False,0,,BTCUSDT: bootstrap_sharpe_ci_excludes_zero (1/6);BTCUSDT: beats_buy_and_hold (2/6);BTCUSDT: survives_drop_top_trades (1/6);ETHUSDT: bootstrap_sharpe_ci_excludes_zero (2/6);ETHUSDT: survives_double_costs (5/6);ETHUSDT: survives_drop_top_trades (2/6),0.47967981904579454,0.47967981904579454,0.8837617222131758,True,False,True,False,False,True,True,False,False,True,False,True
volatility_breakout,0,2,0.5,24,REJECTED,False,0,,BTCUSDT: positive_total_return (5/6);BTCUSDT: bootstrap_sharpe_ci_excludes_zero (2/6);BTCUSDT: survives_double_costs (5/6);BTCUSDT: beats_buy_and_hold (5/6);BTCUSDT: survives_drop_top_trades (1/6);ETHUSDT: positive_total_return (4/6);ETHUSDT: bootstrap_sharpe_ci_excludes_zero (1/6);ETHUSDT: survives_double_costs (4/6);ETHUSDT: survives_drop_top_trades (0/6),0.3046335904679479,0.3046335904679479,0.4815907599171159,False,False,False,False,False,True,False,False,False,True,False,True
volatility_breakout,0,2,0.5,25,REJECTED,False,3,BTCUSDT: no_bootstrap_ci_excludes_zero;BTCUSDT: confined_to_one_fold;ETHUSDT: no_bootstrap_ci_excludes_zero,BTCUSDT: bootstrap_sharpe_ci_excludes_zero (0/6);BTCUSDT: beats_buy_and_hold (2/6);BTCUSDT: survives_drop_top_trades (1/6);BTCUSDT: not_confined_to_one_fold (4/6);ETHUSDT: bootstrap_sharpe_ci_excludes_zero (0/6);ETHUSDT: survives_drop_top_trades (1/6),0.4382718291299586,0.4382718291299586,0.5111143549244825,True,False,True,False,False,False,True,False,True,True,False,True
volatility_breakout,0,2,0.5,26,REJECTED,False,1,BTCUSDT: no_bootstrap_ci_excludes_zero,BTCUSDT: bootstrap_sharpe_ci_excludes_zero (0/6);BTCUSDT: survives_drop_top_trades (2/6);ETHUSDT: bootstrap_sharpe_ci_excludes_zero (1/6);ETHUSDT: survives_drop_top_trades (1/6),0.6430252019493987,0.6430252019493987,1.114615151141359,True,False,True,True,False,True,True,False,True,True,False,True
volatility_breakout,0,2,0.5,27,REJECTED,False,0,,BTCUSDT: bootstrap_sharpe_ci_excludes_zero (3/6);BTCUSDT: beats_buy_and_hold (4/6);BTCUSDT: survives_drop_top_trades (3/6);ETHUSDT: bootstrap_sharpe_ci_excludes_zero (2/6);ETHUSDT: survives_drop_top_trades (2/6),0.5013048069697036,0.5013048069697036,1.505629866035924,True,False,True,False,False,True,True,False,True,True,False,True
volatility_breakout,0,2,0.5,28,REJECTED,False,1,ETHUSDT: no_bootstrap_ci_excludes_zero,BTCUSDT: bootstrap_sharpe_ci_excludes_zero (1/6);BTCUSDT: beats_buy_and_hold (4/6);BTCUSDT: survives_drop_top_trades (1/6);ETHUSDT: bootstrap_sharpe_ci_excludes_zero (0/6);ETHUSDT: survives_drop_top_trades (0/6),0.38272406842247564,0.38272406842247564,0.5508032237719969,True,False,True,False,False,True,True,False,True,True,False,True
volatility_breakout,0,2,0.5,29,REJECTED,False,0,,BTCUSDT: bootstrap_sharpe_ci_excludes_zero (3/6);BTCUSDT: survives_double_costs (5/6);BTCUSDT: beats_buy_and_hold (5/6);BTCUSDT: survives_drop_top_trades (3/6);ETHUSDT: bootstrap_sharpe_ci_excludes_zero (1/6);ETHUSDT: survives_double_costs (5/6);ETHUSDT: survives_drop_top_trades (2/6),0.46203552781569385,0.46203552781569385,0.9235043799206414,True,False,False,False,False,True,True,False,False,True,False,True
volatility_breakout,0,2,0.5,30,REJECTED,False,0,,BTCUSDT: bootstrap_sharpe_ci_excludes_zero (3/6);BTCUSDT: survives_drop_top_trades (3/6);ETHUSDT: bootstrap_sharpe_ci_excludes_zero (1/6);ETHUSDT: survives_drop_top_trades (0/6),0.6266771896159137,0.6266771896159137,1.016968859196202,True,False,True,True,False,True,True,False,True,True,False,True
volatility_breakout,0,2,0.5,31,REJECTED,False,0,,BTCUSDT: bootstrap_sharpe_ci_excludes_zero (4/6);BTCUSDT: survives_drop_top_trades (5/6);ETHUSDT: bootstrap_sharpe_ci_excludes_zero (4/6);ETHUSDT: survives_drop_top_trades (4/6),0.7622340669672221,0.7622340669672221,1.6898422023259534,True,False,True,True,False,True,True,False,True,True,False,True
volatility_breakout,0,2,0.5,32,REJECTED,False,0,,BTCUSDT: bootstrap_sharpe_ci_excludes_zero (2/6);BTCUSDT: beats_buy_and_hold (5/6);BTCUSDT: survives_drop_top_trades (2/6);ETHUSDT: bootstrap_sharpe_ci_excludes_zero (5/6);ETHUSDT: survives_drop_top_trades (3/6),0.7465137270575906,0.7465137270575906,1.70078981104839,True,False,True,False,False,True,True,False,True,True,False,True
volatility_breakout,0,2,0.5,33,REJECTED,False,0,,BTCUSDT: bootstrap_sharpe_ci_excludes_zero (2/6);BTCUSDT: beats_buy_and_hold (5/6);BTCUSDT: survives_drop_top_trades (2/6);ETHUSDT: bootstrap_sharpe_ci_excludes_zero (1/6);ETHUSDT: survives_drop_top_trades (2/6),0.6168490172454231,0.6168490172454231,1.3022456277538599,True,False,True,False,False,True,True,False,True,True,False,True
volatility_breakout,0,2,0.5,34,REJECTED,False,0,,BTCUSDT: bootstrap_sharpe_ci_excludes_zero (2/6);BTCUSDT: beats_buy_and_hold (4/6);BTCUSDT: survives_drop_top_trades (3/6);ETHUSDT: bootstrap_sharpe_ci_excludes_zero (1/6);ETHUSDT: survives_drop_top_trades (3/6),0.6226628534620202,0.6226628534620202,1.2711281968912984,True,False,True,False,False,True,True,False,True,True,False,True
volatility_breakout,0,2,0.5,35,REJECTED,False,0,,BTCUSDT: bootstrap_sharpe_ci_excludes_zero (2/6);BTCUSDT: beats_buy_and_hold (4/6);BTCUSDT: survives_drop_top_trades (3/6);ETHUSDT: bootstrap_sharpe_ci_excludes_zero (2/6);ETHUSDT: survives_drop_top_trades (2/6),0.46832933761537027,0.46832933761537027,0.9383948926879757,True,False,True,False,False,True,True,False,True,True,False,True
volatility_breakout,0,2,0.5,36,REJECTED,False,0,,BTCUSDT: bootstrap_sharpe_ci_excludes_zero (2/6);BTCUSDT: survives_drop_top_trades (2/6);ETHUSDT: bootstrap_sharpe_ci_excludes_zero (3/6);ETHUSDT: survives_drop_top_trades (2/6),0.4796330085390232,0.4796330085390232,0.9420717047290182,True,False,True,True,False,True,True,False,True,True,False,True
volatility_breakout,0,2,0.5,37,REJECTED,False,0,,BTCUSDT: bootstrap_sharpe_ci_excludes_zero (3/6);BTCUSDT: beats_buy_and_hold (5/6);BTCUSDT: survives_drop_top_trades (3/6);ETHUSDT: bootstrap_sharpe_ci_excludes_zero (1/6);ETHUSDT: survives_double_costs (5/6);ETHUSDT: survives_drop_top_trades (1/6),0.33242280363449617,0.33242280363449617,0.6609353983287377,True,False,True,False,False,True,True,False,False,True,False,True
volatility_breakout,0,2,0.5,38,REJECTED,False,0,,BTCUSDT: bootstrap_sharpe_ci_excludes_zero (3/6);BTCUSDT: beats_buy_and_hold (5/6);BTCUSDT: survives_drop_top_trades (3/6);ETHUSDT: positive_total_return (5/6);ETHUSDT: bootstrap_sharpe_ci_excludes_zero (1/6);ETHUSDT: survives_double_costs (5/6);ETHUSDT: survives_drop_top_trades (2/6),0.4887882301834344,0.4887882301834344,0.9072373277476291,True,False,True,False,False,True,False,False,False,True,False,True
volatility_breakout,0,2,0.5,39,REJECTED,False,0,,BTCUSDT: bootstrap_sharpe_ci_excludes_zero (1/6);BTCUSDT: beats_buy_and_hold (4/6);BTCUSDT: survives_drop_top_trades (1/6);ETHUSDT: bootstrap_sharpe_ci_excludes_zero (1/6);ETHUSDT: survives_double_costs (5/6);ETHUSDT: survives_drop_top_trades (1/6),0.3613221427535694,0.3613221427535694,0.6128822324559077,True,False,True,False,False,True,True,False,False,True,False,True
volatility_breakout,0,2,0.5,40,REJECTED,False,0,,BTCUSDT: bootstrap_sharpe_ci_excludes_zero (3/6);BTCUSDT: survives_drop_top_trades (5/6);ETHUSDT: bootstrap_sharpe_ci_excludes_zero (3/6);ETHUSDT: survives_drop_top_trades (4/6),0.7179301745746909,0.7179301745746909,1.9779667623161277,True,False,True,True,False,True,True,False,True,True,False,True
volatility_breakout,0,2,0.5,41,REJECTED,False,0,,BTCUSDT: bootstrap_sharpe_ci_excludes_zero (2/6);BTCUSDT: beats_buy_and_hold (5/6);BTCUSDT: survives_drop_top_trades (2/6);ETHUSDT: bootstrap_sharpe_ci_excludes_zero (3/6);ETHUSDT: survives_double_costs (5/6);ETHUSDT: survives_drop_top_trades (2/6),0.46072852258790675,0.46072852258790675,1.0428965719239867,True,False,True,False,False,True,True,False,False,True,False,True
volatility_breakout,0,2,0.5,42,REJECTED,False,0,,BTCUSDT: bootstrap_sharpe_ci_excludes_zero (1/6);BTCUSDT: beats_buy_and_hold (5/6);BTCUSDT: survives_drop_top_trades (1/6);ETHUSDT: bootstrap_sharpe_ci_excludes_zero (1/6);ETHUSDT: survives_double_costs (5/6);ETHUSDT: survives_drop_top_trades (2/6),0.319449099754612,0.319449099754612,0.4110927565780287,True,False,True,False,False,True,True,False,False,True,False,True
volatility_breakout,0,2,0.5,43,REJECTED,False,1,BTCUSDT: no_bootstrap_ci_excludes_zero,BTCUSDT: bootstrap_sharpe_ci_excludes_zero (0/6);BTCUSDT: beats_buy_and_hold (3/6);BTCUSDT: survives_drop_top_trades (0/6);ETHUSDT: bootstrap_sharpe_ci_excludes_zero (2/6);ETHUSDT: survives_drop_top_trades (1/6),0.4673342492321927,0.4673342492321927,0.7758470502488308,True,False,True,False,False,True,True,False,True,True,False,True
volatility_breakout,0,2,0.5,44,REJECTED,False,0,,BTCUSDT: positive_total_return (5/6);BTCUSDT: bootstrap_sharpe_ci_excludes_zero (1/6);BTCUSDT: survives_double_costs (5/6);BTCUSDT: beats_buy_and_hold (5/6);BTCUSDT: survives_drop_top_trades (0/6);ETHUSDT: bootstrap_sharpe_ci_excludes_zero (2/6);ETHUSDT: survives_double_costs (5/6);ETHUSDT: survives_drop_top_trades (1/6),0.2956889752200273,0.2956889752200273,0.48265666651116607,False,False,False,False,False,True,True,False,False,True,False,True
volatility_breakout,0,2,0.5,45,REJECTED,False,0,,BTCUSDT: bootstrap_sharpe_ci_excludes_zero (1/6);BTCUSDT: survives_double_costs (3/6);BTCUSDT: beats_buy_and_hold (2/6);BTCUSDT: survives_drop_top_trades (2/6);ETHUSDT: positive_total_return (3/6);ETHUSDT: bootstrap_sharpe_ci_excludes_zero (1/6);ETHUSDT: survives_double_costs (3/6);ETHUSDT: beats_buy_and_hold (5/6);ETHUSDT: survives_drop_top_trades (2/6),0.2336224140013344,0.2336224140013344,0.3531166722963586,True,False,False,False,False,True,False,False,False,False,False,True
volatility_breakout,0,2,0.5,46,REJECTED,False,2,BTCUSDT: no_bootstrap_ci_excludes_zero;ETHUSDT: no_bootstrap_ci_excludes_zero,BTCUSDT: bootstrap_sharpe_ci_excludes_zero (0/6);BTCUSDT: survives_double_costs (5/6);BTCUSDT: beats_buy_and_hold (1/6);BTCUSDT: survives_drop_top_trades (0/6);BTCUSDT: not_confined_to_one_fold (5/6);ETHUSDT: positive_total_return (5/6);ETHUSDT: bootstrap_sharpe_ci_excludes_zero (0/6);ETHUSDT: survives_double_costs (4/6);ETHUSDT: survives_drop_top_trades (0/6),0.24273111049052448,0.24273111049052448,0.1989067572674386,True,False,False,False,False,False,False,False,False,True,False,True
volatility_breakout,0,2,0.5,47,REJECTED,False,0,,BTCUSDT: bootstrap_sharpe_ci_excludes_zero (3/6);BTCUSDT: beats_buy_and_hold (5/6);BTCUSDT: survives_drop_top_trades (3/6);ETHUSDT: bootstrap_sharpe_ci_excludes_zero (3/6);ETHUSDT: survives_double_costs (5/6);ETHUSDT: survives_drop_top_trades (2/6),0.5464851315058215,0.5464851315058215,1.4890651865656426,True,False,True,False,False,True,True,False,False,True,False,True
volatility_breakout,0,2,0.5,48,REJECTED,False,0,,BTCUSDT: bootstrap_sharpe_ci_excludes_zero (2/6);BTCUSDT: survives_double_costs (5/6);BTCUSDT: beats_buy_and_hold (4/6);BTCUSDT: survives_drop_top_trades (2/6);ETHUSDT: positive_total_return (5/6);ETHUSDT: bootstrap_sharpe_ci_excludes_zero (2/6);ETHUSDT: survives_double_costs (5/6);ETHUSDT: survives_drop_top_trades (2/6),0.4748947299997853,0.4748947299997853,1.1400259942906348,True,False,False,False,False,True,False,False,False,True,False,True
volatility_breakout,0,2,0.5,49,REJECTED,False,0,,BTCUSDT: bootstrap_sharpe_ci_excludes_zero (3/6);BTCUSDT: survives_drop_top_trades (2/6);ETHUSDT: bootstrap_sharpe_ci_excludes_zero (3/6);ETHUSDT: survives_drop_top_trades (4/6),0.43797675516143075,0.43797675516143075,1.3393499645707143,True,False,True,True,False,True,True,False,True,True,False,True
volatility_breakout,0,3,1.0,0,REJECTED,False,0,,BTCUSDT: bootstrap_sharpe_ci_excludes_zero (4/6);BTCUSDT: survives_drop_top_trades (4/6);ETHUSDT: bootstrap_sharpe_ci_excludes_zero (3/6);ETHUSDT: survives_drop_top_trades (4/6),0.8594719774149449,0.8594719774149449,1.920345855133986,True,False,True,True,False,True,True,False,True,True,False,True
volatility_breakout,0,3,1.0,1,REJECTED,False,0,,ETHUSDT: survives_drop_top_trades (4/6),1.0879245804445286,1.0879245804445286,3.6543032913198914,True,True,True,True,True,True,True,True,True,True,False,True
volatility_breakout,0,3,1.0,2,REJECTED,False,0,,BTCUSDT: bootstrap_sharpe_ci_excludes_zero (5/6);BTCUSDT: survives_drop_top_trades (4/6),1.0589580436583148,1.0589580436583148,3.6188400531029172,True,False,True,True,False,True,True,True,True,True,True,True
volatility_breakout,0,3,1.0,3,REJECTED,False,0,,ETHUSDT: bootstrap_sharpe_ci_excludes_zero (4/6),1.056413721291237,1.056413721291237,3.195156490086554,True,True,True,True,True,True,True,False,True,True,True,True
volatility_breakout,0,3,1.0,4,REJECTED,False,0,,BTCUSDT: bootstrap_sharpe_ci_excludes_zero (4/6);BTCUSDT: survives_drop_top_trades (4/6);ETHUSDT: bootstrap_sharpe_ci_excludes_zero (4/6);ETHUSDT: survives_drop_top_trades (2/6),0.8736867896483698,0.8736867896483698,3.033711186975721,True,False,True,True,False,True,True,False,True,True,False,True
volatility_breakout,0,3,1.0,5,REJECTED,False,0,,BTCUSDT: bootstrap_sharpe_ci_excludes_zero (3/6);BTCUSDT: survives_drop_top_trades (2/6);ETHUSDT: bootstrap_sharpe_ci_excludes_zero (3/6);ETHUSDT: survives_drop_top_trades (3/6),0.8083949176725413,0.8083949176725413,1.741428801243981,True,False,True,True,False,True,True,False,True,True,False,True
volatility_breakout,0,3,1.0,6,PROMOTED,True,0,,,1.2229506642709382,1.2229506642709382,3.8018324566217565,True,True,True,True,True,True,True,True,True,True,True,True
volatility_breakout,0,3,1.0,7,REJECTED,False,0,,BTCUSDT: bootstrap_sharpe_ci_excludes_zero (2/6);BTCUSDT: beats_buy_and_hold (5/6);BTCUSDT: survives_drop_top_trades (2/6);ETHUSDT: bootstrap_sharpe_ci_excludes_zero (1/6);ETHUSDT: survives_drop_top_trades (2/6),0.6683362681385606,0.6683362681385606,1.2579896215826898,True,False,True,False,False,True,True,False,True,True,False,True
volatility_breakout,0,3,1.0,8,REJECTED,False,0,,BTCUSDT: bootstrap_sharpe_ci_excludes_zero (4/6);ETHUSDT: bootstrap_sharpe_ci_excludes_zero (5/6);ETHUSDT: survives_drop_top_trades (5/6),1.0277538530127077,1.0277538530127077,2.701640189720355,True,False,True,True,True,True,True,False,True,True,False,True
volatility_breakout,0,3,1.0,9,REJECTED,False,0,,BTCUSDT: bootstrap_sharpe_ci_excludes_zero (5/6);BTCUSDT: survives_drop_top_trades (4/6),0.9548992233781283,0.9548992233781283,2.383502533341507,True,False,True,True,False,True,True,True,True,True,True,True
volatility_breakout,0,3,1.0,10,REJECTED,False,0,,ETHUSDT: bootstrap_sharpe_ci_excludes_zero (5/6);ETHUSDT: survives_drop_top_trades (5/6),1.095197361325929,1.095197361325929,2.934676891404908,True,True,True,True,True,True,True,False,True,True,False,True
volatility_breakout,0,3,1.0,11,REJECTED,False,0,,BTCUSDT: bootstrap_sharpe_ci_excludes_zero (5/6);ETHUSDT: bootstrap_sharpe_ci_excludes_zero (4/6);ETHUSDT: survives_drop_top_trades (3/6),1.007642127450606,1.007642127450606,4.493461390804548,True,False,True,True,True,True,True,False,True,True,False,True
volatility_breakout,0,3,1.0,12,REJECTED,False,0,,ETHUSDT: survives_drop_top_trades (5/6),1.034833697432737,1.034833697432737,2.9280998249222607,True,True,True,True,True,True,True,True,True,True,False,True
volatility_breakout,0,3,1.0,13,REJECTED,False,0,,ETHUSDT: bootstrap_sharpe_ci_excludes_zero (5/6);ETHUSDT: survives_drop_top_trades (4/6),1.1155549562690688,1.1155549562690688,3.690520145637982,True,True,True,True,True,True,True,False,True,True,False,True
volatility_breakout,0,3,1.0,14,REJECTED,False,0,,BTCUSDT: bootstrap_sharpe_ci_excludes_zero (4/6);BTCUSDT: survives_drop_top_trades (3/6);ETHUSDT: bootstrap_sharpe_ci_excludes_zero (4/6);ETHUSDT: survives_drop_top_trades (3/6),0.7141338664468467,0.7141338664468467,1.3609712995623997,True,False,True,True,False,True,True,False,True,True,False,True
volatility_breakout,0,3,1.0,15,PROMOTED,True,0,,,1.0987965250780685,1.0987965250780685,3.425101346914116,True,True,True,True,True,True,True,True,True,True,True,True
volatility_breakout,0,3,1.0,16,REJECTED,False,0,,BTCUSDT: bootstrap_sharpe_ci_excludes_zero (4/6);BTCUSDT: survives_drop_top_trades (3/6);ETHUSDT: bootstrap_sharpe_ci_excludes_zero (4/6);ETHUSDT: survives_drop_top_trades (4/6),0.8409685461763491,0.8409685461763491,1.9817752081303286,True,False,True,True,False,True,True,False,True,True,False,True
volatility_breakout,0,3,1.0,17,REJECTED,False,0,,ETHUSDT: bootstrap_sharpe_ci_excludes_zero (4/6);ETHUSDT: survives_drop_top_trades (5/6),0.9444392371587316,0.9444392371587316,2.089286901035904,True,True,True,True,True,True,True,False,True,True,False,True
volatility_breakout,0,3,1.0,18,REJECTED,False,0,,BTCUSDT: bootstrap_sharpe_ci_excludes_zero (5/6);BTCUSDT: survives_drop_top_trades (5/6);ETHUSDT: bootstrap_sharpe_ci_excludes_zero (5/6),1.0113222751963902,1.0113222751963902,3.1436631015692056,True,False,True,True,False,True,True,False,True,True,True,True
volatility_breakout,0,3,1.0,19,REJECTED,False,0,,BTCUSDT: bootstrap_sharpe_ci_excludes_zero (4/6);BTCUSDT: survives_drop_top_trades (5/6);ETHUSDT: bootstrap_sharpe_ci_excludes_zero (5/6);ETHUSDT: survives_drop_top_trades (4/6),0.9987251679741211,0.9987251679741211,2.6258011778518524,True,False,True,True,False,True,True,False,True,True,False,True
volatility_breakout,0,3,1.0,20,REJECTED,False,0,,BTCUSDT: bootstrap_sharpe_ci_excludes_zero (4/6);BTCUSDT: survives_drop_top_trades (5/6);ETHUSDT: bootstrap_sharpe_ci_excludes_zero (2/6);ETHUSDT: survives_drop_top_trades (2/6),0.7467856067138345,0.7467856067138345,1.4813936045000413,True,False,True,True,False,True,True,False,True,True,False,True
volatility_breakout,0,3,1.0,21,REJECTED,False,0,,BTCUSDT: bootstrap_sharpe_ci_excludes_zero (4/6);BTCUSDT: survives_drop_top_trades (4/6),1.0449230505968177,1.0449230505968177,2.8829621239637278,True,False,True,True,False,True,True,True,True,True,True,True
volatility_breakout,0,3,1.0,22,PROMOTED,True,0,,,1.0618228626745903,1.0618228626745903,2.7715427519293288,True,True,True,True,True,True,True,True,True,True,True,True
volatility_breakout,0,3,1.0,23,REJECTED,False,0,,BTCUSDT: bootstrap_sharpe_ci_excludes_zero (4/6);BTCUSDT: survives_drop_top_trades (4/6),1.0228245398600895,1.0228245398600895,2.7295445727497176,True,False,True,True,False,True,True,True,True,True,True,True
volatility_breakout,0,3,1.0,24,REJECTED,False,0,,BTCUSDT: bootstrap_sharpe_ci_excludes_zero (2/6);BTCUSDT: survives_drop_top_trades (3/6);ETHUSDT: bootstrap_sharpe_ci_excludes_zero (2/6);ETHUSDT: survives_drop_top_trades (1/6),0.8143324862459892,0.8143324862459892,1.458288598086749,True,False,True,True,False,True,True,False,True,True,False,True
volatility_breakout,0,3,1.0,25,REJECTED,False,0,,ETHUSDT: bootstrap_sharpe_ci_excludes_zero (5/6);ETHUSDT: survives_drop_top_trades (4/6),1.1805522518682827,1.1805522518682827,3.9614511667405905,True,True,True,True,True,True,True,False,True,True,False,True
volatility_breakout,0,3,1.0,26,REJECTED,False,0,,ETHUSDT: bootstrap_sharpe_ci_excludes_zero (4/6);ETHUSDT: survives_drop_top_trades (4/6),1.046615231086103,1.046615231086103,3.2619226522783387,True,True,True,True,True,True,True,False,True,True,False,True
volatility_breakout,0,3,1.0,27,REJECTED,False,0,,BTCUSDT: survives_drop_top_trades (5/6);ETHUSDT: bootstrap_sharpe_ci_excludes_zero (3/6);ETHUSDT: survives_drop_top_trades (5/6),0.9889445725748931,0.9889445725748931,2.3746885811301555,True,True,True,True,False,True,True,False,True,True,False,True
volatility_breakout,0,3,1.0,28,REJECTED,False,0,,ETHUSDT: bootstrap_sharpe_ci_excludes_zero (5/6);ETHUSDT: survives_drop_top_trades (5/6),1.1044009227578573,1.1044009227578573,2.766441265919472,True,True,True,True,True,True,True,False,True,True,False,True
volatility_breakout,0,3,1.0,29,REJECTED,False,0,,BTCUSDT: bootstrap_sharpe_ci_excludes_zero (4/6);BTCUSDT: survives_drop_top_trades (5/6),0.9364095044365918,0.9364095044365918,2.1912641252170206,True,False,True,True,False,True,True,True,True,True,True,True
volatility_breakout,0,3,1.0,30,REJECTED,False,0,,ETHUSDT: bootstrap_sharpe_ci_excludes_zero (4/6);ETHUSDT: survives_drop_top_trades (5/6),1.1558408288166189,1.1558408288166189,4.76831727523029,True,True,True,True,True,True,True,False,True,True,False,True
volatility_breakout,0,3,1.0,31,REJECTED,False,0,,BTCUSDT: bootstrap_sharpe_ci_excludes_zero (5/6);BTCUSDT: survives_drop_top_trades (5/6);ETHUSDT: survives_drop_top_trades (4/6),1.075860000429851,1.075860000429851,3.539068634251368,True,False,True,True,False,True,True,True,True,True,False,True
volatility_breakout,0,3,1.0,32,PROMOTED,True,0,,,1.2175163228398336,1.2175163228398336,3.4753330758901377,True,True,True,True,True,True,True,True,True,True,True,True
volatility_breakout,0,3,1.0,33,REJECTED,False,0,,BTCUSDT: bootstrap_sharpe_ci_excludes_zero (4/6);BTCUSDT: survives_drop_top_trades (5/6);ETHUSDT: survives_drop_top_trades (5/6),1.0252444953530913,1.0252444953530913,2.84763756484096,True,False,True,True,False,True,True,True,True,True,False,True
volatility_breakout,0,3,1.0,34,PROMOTED,True,0,,,1.2532560882456638,1.2532560882456638,4.363922172542912,True,True,True,True,True,True,True,True,True,True,True,True
volatility_breakout,0,3,1.0,35,REJECTED,False,0,,BTCUSDT: bootstrap_sharpe_ci_excludes_zero (5/6);ETHUSDT: bootstrap_sharpe_ci_excludes_zero (3/6);ETHUSDT: survives_drop_top_trades (5/6),0.9187200599582678,0.9187200599582678,1.8570597328842726,True,False,True,True,True,True,True,False,True,True,False,True
volatility_breakout,0,3,1.0,36,PROMOTED,True,0,,,1.138360224463705,1.138360224463705,3.1062470861832843,True,True,True,True,True,True,True,True,True,True,True,True
volatility_breakout,0,3,1.0,37,REJECTED,False,0,,ETHUSDT: bootstrap_sharpe_ci_excludes_zero (4/6);ETHUSDT: survives_drop_top_trades (4/6),0.942660928086849,0.942660928086849,2.557556446246008,True,True,True,True,True,True,True,False,True,True,False,True
volatility_breakout,0,3,1.0,38,REJECTED,False,0,,BTCUSDT: survives_drop_top_trades (5/6);ETHUSDT: survives_drop_top_trades (3/6),1.0893000102328436,1.0893000102328436,2.7938998539561344,True,True,True,True,False,True,True,True,True,True,False,True
volatility_breakout,0,3,1.0,39,REJECTED,False,0,,BTCUSDT: bootstrap_sharpe_ci_excludes_zero (5/6);BTCUSDT: survives_drop_top_trades (5/6);ETHUSDT: bootstrap_sharpe_ci_excludes_zero (4/6);ETHUSDT: survives_drop_top_trades (4/6),1.111528915902489,1.111528915902489,4.1286173723915605,True,False,True,True,False,True,True,False,True,True,False,True
volatility_breakout,0,3,1.0,40,REJECTED,False,0,,ETHUSDT: survives_drop_top_trades (4/6),1.0211007773866867,1.0211007773866867,2.4483140829587695,True,True,True,True,True,True,True,True,True,True,False,True
volatility_breakout,0,3,1.0,41,REJECTED,False,0,,ETHUSDT: bootstrap_sharpe_ci_excludes_zero (5/6),1.2062845946503484,1.2062845946503484,4.500830899490619,True,True,True,True,True,True,True,False,True,True,True,True
volatility_breakout,0,3,1.0,42,REJECTED,False,0,,BTCUSDT: bootstrap_sharpe_ci_excludes_zero (5/6);BTCUSDT: survives_drop_top_trades (3/6);ETHUSDT: bootstrap_sharpe_ci_excludes_zero (5/6),0.8971706050539181,0.8971706050539181,1.9286355966104463,True,False,True,True,False,True,True,False,True,True,True,True
volatility_breakout,0,3,1.0,43,REJECTED,False,0,,BTCUSDT: survives_drop_top_trades (5/6);ETHUSDT: bootstrap_sharpe_ci_excludes_zero (4/6),1.0391211854263411,1.0391211854263411,2.4876460591221474,True,True,True,True,False,True,True,False,True,True,True,True
volatility_breakout,0,3,1.0,44,REJECTED,False,0,,BTCUSDT: bootstrap_sharpe_ci_excludes_zero (5/6);BTCUSDT: survives_drop_top_trades (5/6);ETHUSDT: bootstrap_sharpe_ci_excludes_zero (3/6);ETHUSDT: survives_drop_top_trades (4/6),0.9589440643206146,0.9589440643206146,2.8778854242359464,True,False,True,True,False,True,True,False,True,True,False,True
volatility_breakout,0,3,1.0,45,REJECTED,False,0,,BTCUSDT: bootstrap_sharpe_ci_excludes_zero (3/6);BTCUSDT: survives_drop_top_trades (5/6);ETHUSDT: bootstrap_sharpe_ci_excludes_zero (3/6);ETHUSDT: survives_drop_top_trades (4/6),0.8978692567096267,0.8978692567096267,1.950446931856178,True,False,True,True,False,True,True,False,True,True,False,True
volatility_breakout,0,3,1.0,46,REJECTED,False,0,,ETHUSDT: bootstrap_sharpe_ci_excludes_zero (5/6),1.2427382930282715,1.2427382930282715,5.845208404400956,True,True,True,True,True,True,True,False,True,True,True,True
volatility_breakout,0,3,1.0,47,PROMOTED,True,0,,,1.1111827515709725,1.1111827515709725,3.040116197682099,True,True,True,True,True,True,True,True,True,True,True,True
volatility_breakout,0,3,1.0,48,REJECTED,False,0,,BTCUSDT: bootstrap_sharpe_ci_excludes_zero (5/6);BTCUSDT: survives_drop_top_trades (5/6);ETHUSDT: bootstrap_sharpe_ci_excludes_zero (4/6);ETHUSDT: survives_drop_top_trades (4/6),1.0484667584584224,1.0484667584584224,3.157722735323454,True,False,True,True,False,True,True,False,True,True,False,True
volatility_breakout,0,3,1.0,49,REJECTED,False,0,,ETHUSDT: bootstrap_sharpe_ci_excludes_zero (5/6),0.8684078617162637,0.8684078617162637,2.2234918090290026,True,True,True,True,True,True,True,False,True,True,True,True
momentum,1,0,0.0,0,REJECTED,False,3,BTCUSDT: no_bootstrap_ci_excludes_zero;BTCUSDT: zero_seeds_survive_double_costs;ETHUSDT: no_bootstrap_ci_excludes_zero,BTCUSDT: positive_total_return (1/6);BTCUSDT: bootstrap_sharpe_ci_excludes_zero (0/6);BTCUSDT: survives_double_costs (0/6);BTCUSDT: beats_buy_and_hold (0/6);BTCUSDT: survives_drop_top_trades (0/6);ETHUSDT: positive_total_return (3/6);ETHUSDT: bootstrap_sharpe_ci_excludes_zero (0/6);ETHUSDT: survives_double_costs (2/6);ETHUSDT: beats_buy_and_hold (4/6);ETHUSDT: survives_drop_top_trades (0/6),-0.046830556911941365,-0.046830556911941365,-0.17572891556661827,False,False,False,False,False,True,False,False,False,False,False,True
momentum,1,0,0.0,1,REJECTED,False,2,BTCUSDT: no_bootstrap_ci_excludes_zero;ETHUSDT: no_bootstrap_ci_excludes_zero,BTCUSDT: bootstrap_sharpe_ci_excludes_zero (0/6);BTCUSDT: survives_double_costs (3/6);BTCUSDT: beats_buy_and_hold (2/6);BTCUSDT: survives_drop_top_trades (0/6);ETHUSDT: positive_total_return (5/6);ETHUSDT: bootstrap_sharpe_ci_excludes_zero (0/6);ETHUSDT: survives_double_costs (3/6);ETHUSDT: beats_buy_and_hold (5/6);ETHUSDT: survives_drop_top_trades (0/6),-0.052003786656654685,-0.052003786656654685,-0.05724509801921975,True,False,False,False,False,True,False,False,False,False,False,True
momentum,1,0,0.0,2,REJECTED,False,1,ETHUSDT: no_bootstrap_ci_excludes_zero,BTCUSDT: bootstrap_sharpe_ci_excludes_zero (1/6);BTCUSDT: survives_double_costs (4/6);BTCUSDT: beats_buy_and_hold (4/6);BTCUSDT: survives_drop_top_trades (3/6);ETHUSDT: bootstrap_sharpe_ci_excludes_zero (0/6);ETHUSDT: survives_double_costs (4/6);ETHUSDT: survives_drop_top_trades (1/6),0.29195870864606344,0.29195870864606344,0.33957804451413537,True,False,False,False,False,True,True,False,False,True,False,True
momentum,1,0,0.0,3,REJECTED,False,4,BTCUSDT: no_bootstrap_ci_excludes_zero;BTCUSDT: zero_seeds_survive_double_costs;ETHUSDT: no_bootstrap_ci_excludes_zero;ETHUSDT: zero_seeds_survive_double_costs,BTCUSDT: positive_total_return (1/6);BTCUSDT: bootstrap_sharpe_ci_excludes_zero (0/6);BTCUSDT: survives_double_costs (0/6);BTCUSDT: beats_buy_and_hold (0/6);BTCUSDT: survives_drop_top_trades (0/6);ETHUSDT: positive_total_return (1/6);ETHUSDT: bootstrap_sharpe_ci_excludes_zero (0/6);ETHUSDT: survives_double_costs (0/6);ETHUSDT: beats_buy_and_hold (1/6);ETHUSDT: survives_drop_top_trades (0/6),-0.39841904096435654,-0.39841904096435654,-0.4134183710708313,False,False,False,False,False,True,False,False,False,False,False,True
momentum,1,0,0.0,4,REJECTED,False,1,BTCUSDT: no_bootstrap_ci_excludes_zero,BTCUSDT: positive_total_return (5/6);BTCUSDT: bootstrap_sharpe_ci_excludes_zero (0/6);BTCUSDT: survives_double_costs (2/6);BTCUSDT: beats_buy_and_hold (2/6);BTCUSDT: survives_drop_top_trades (1/6);ETHUSDT: bootstrap_sharpe_ci_excludes_zero (1/6);ETHUSDT: survives_drop_top_trades (2/6),0.20734556361533052,0.20734556361533052,0.3792824661779333,False,False,False,False,False,True,True,False,True,True,False,True
momentum,1,0,0.0,5,REJECTED,False,0,,BTCUSDT: positive_total_return (3/6);BTCUSDT: bootstrap_sharpe_ci_excludes_zero (1/6);BTCUSDT: survives_double_costs (1/6);BTCUSDT: beats_buy_and_hold (1/6);BTCUSDT: survives_drop_top_trades (1/6);ETHUSDT: positive_total_return (3/6);ETHUSDT: bootstrap_sharpe_ci_excludes_zero (1/6);ETHUSDT: survives_double_costs (2/6);ETHUSDT: beats_buy_and_hold (5/6);ETHUSDT: survives_drop_top_trades (1/6),-0.04105843334318675,-0.04105843334318675,0.0437671488741068,False,False,False,False,False,True,False,False,False,False,False,True
momentum,1,0,0.0,6,REJECTED,False,2,BTCUSDT: no_bootstrap_ci_excludes_zero;ETHUSDT: no_bootstrap_ci_excludes_zero,BTCUSDT: positive_total_return (3/6);BTCUSDT: bootstrap_sharpe_ci_excludes_zero (0/6);BTCUSDT: survives_double_costs (2/6);BTCUSDT: beats_buy_and_hold (0/6);BTCUSDT: survives_drop_top_trades (0/6);ETHUSDT: positive_total_return (3/6);ETHUSDT: bootstrap_sharpe_ci_excludes_zero (0/6);ETHUSDT: survives_double_costs (1/6);ETHUSDT: beats_buy_and_hold (5/6);ETHUSDT: survives_drop_top_trades (0/6),-0.05258185286419007,-0.05258185286419007,-0.17492135482148355,False,False,False,False,False,True,False,False,False,False,False,True
momentum,1,0,0.0,7,REJECTED,False,2,BTCUSDT: no_bootstrap_ci_excludes_zero;ETHUSDT: no_bootstrap_ci_excludes_zero,BTCUSDT: positive_total_return (4/6);BTCUSDT: bootstrap_sharpe_ci_excludes_zero (0/6);BTCUSDT: survives_double_costs (2/6);BTCUSDT: beats_buy_and_hold (0/6);BTCUSDT: survives_drop_top_trades (0/6);ETHUSDT: positive_total_return (5/6);ETHUSDT: bootstrap_sharpe_ci_excludes_zero (0/6);ETHUSDT: survives_double_costs (4/6);ETHUSDT: survives_drop_top_trades (0/6),-0.01902996456282801,-0.01902996456282801,-0.03425723052796518,False,False,False,False,False,True,False,False,False,True,False,True
momentum,1,0,0.0,8,REJECTED,False,2,BTCUSDT: no_bootstrap_ci_excludes_zero;ETHUSDT: no_bootstrap_ci_excludes_zero,BTCUSDT: bootstrap_sharpe_ci_excludes_zero (0/6);BTCUSDT: survives_double_costs (2/6);BTCUSDT: beats_buy_and_hold (1/6);BTCUSDT: survives_drop_top_trades (1/6);ETHUSDT: bootstrap_sharpe_ci_excludes_zero (0/6);ETHUSDT: survives_double_costs (3/6);ETHUSDT: survives_drop_top_trades (0/6),0.08782248409139948,0.08782248409139948,0.07056464386472447,True,False,False,False,False,True,True,False,False,True,False,True
momentum,1,0,0.0,9,REJECTED,False,1,ETHUSDT: no_bootstrap_ci_excludes_zero,BTCUSDT: positive_total_return (5/6);BTCUSDT: bootstrap_sharpe_ci_excludes_zero (1/6);BTCUSDT: survives_double_costs (4/6);BTCUSDT: beats_buy_and_hold (3/6);BTCUSDT: survives_drop_top_trades (2/6);ETHUSDT: positive_total_return (4/6);ETHUSDT: bootstrap_sharpe_ci_excludes_zero (0/6);ETHUSDT: survives_double_costs (4/6);ETHUSDT: survives_drop_top_trades (0/6),0.13351799330909214,0.13351799330909214,0.11938418485946878,False,False,False,False,False,True,False,False,False,True,False,True
momentum,1,0,0.0,10,REJECTED,False,1,ETHUSDT: no_bootstrap_ci_excludes_zero,BTCUSDT: positive_total_return (5/6);BTCUSDT: bootstrap_sharpe_ci_excludes_zero (1/6);BTCUSDT: survives_double_costs (2/6);BTCUSDT: beats_buy_and_hold (1/6);BTCUSDT: survives_drop_top_trades (1/6);ETHUSDT: positive_total_return (4/6);ETHUSDT: bootstrap_sharpe_ci_excludes_zero (0/6);ETHUSDT: survives_double_costs (1/6);ETHUSDT: survives_drop_top_trades (0/6),0.04960351120159957,0.04960351120159957,-0.009794971333859603,False,False,False,False,False,True,False,False,False,True,False,True
momentum,1,0,0.0,11,REJECTED,False,3,BTCUSDT: no_bootstrap_ci_excludes_zero;ETHUSDT: no_bootstrap_ci_excludes_zero;ETHUSDT: zero_seeds_survive_double_costs,BTCUSDT: positive_total_return (1/6);BTCUSDT: bootstrap_sharpe_ci_excludes_zero (0/6);BTCUSDT: survives_double_costs (1/6);BTCUSDT: beats_buy_and_hold (1/6);BTCUSDT: survives_drop_top_trades (0/6);ETHUSDT: positive_total_return (1/6);ETHUSDT: bootstrap_sharpe_ci_excludes_zero (0/6);ETHUSDT: survives_double_costs (0/6);ETHUSDT: beats_buy_and_hold (2/6);ETHUSDT: survives_drop_top_trades (0/6),-0.22756733123518988,-0.22756733123518988,-0.33463686423956923,False,False,False,False,False,True,False,False,False,False,False,True
momentum,1,0,0.0,12,REJECTED,False,1,ETHUSDT: no_bootstrap_ci_excludes_zero,BTCUSDT: bootstrap_sharpe_ci_excludes_zero (1/6);BTCUSDT: survives_double_costs (4/6);BTCUSDT: beats_buy_and_hold (4/6);BTCUSDT: survives_drop_top_trades (2/6);ETHUSDT: bootstrap_sharpe_ci_excludes_zero (0/6);ETHUSDT: survives_double_costs (4/6);ETHUSDT: survives_drop_top_trades (2/6),0.2145245512220592,0.2145245512220592,0.2869018289951933,True,False,False,False,False,True,True,False,False,True,False,True
momentum,1,0,0.0,13,REJECTED,False,2,BTCUSDT: no_bootstrap_ci_excludes_zero;ETHUSDT: no_bootstrap_ci_excludes_zero,BTCUSDT: positive_total_return (3/6);BTCUSDT: bootstrap_sharpe_ci_excludes_zero (0/6);BTCUSDT: survives_double_costs (1/6);BTCUSDT: beats_buy_and_hold (0/6);BTCUSDT: survives_drop_top_trades (0/6);ETHUSDT: positive_total_return (3/6);ETHUSDT: bootstrap_sharpe_ci_excludes_zero (0/6);ETHUSDT: survives_double_costs (2/6);ETHUSDT: beats_buy_and_hold (3/6);ETHUSDT: survives_drop_top_trades (0/6),-0.15725946103020066,-0.15725946103020066,-0.223288339913515,False,False,False,False,False,True,False,False,False,False,False,True
momentum,1,0,0.0,14,REJECTED,False,1,ETHUSDT: no_bootstrap_ci_excludes_zero,BTCUSDT: bootstrap_sharpe_ci_excludes_zero (1/6);BTCUSDT: survives_drop_top_trades (4/6);ETHUSDT: positive_total_return (5/6);ETHUSDT: bootstrap_sharpe_ci_excludes_zero (0/6);ETHUSDT: survives_double_costs (3/6);ETHUSDT: survives_drop_top_trades (1/6),0.27724167673587663,0.27724167673587663,0.38505515644358035,True,False,True,True,False,True,False,False,False,True,False,True
momentum,1,0,0.0,15,REJECTED,False,0,,BTCUSDT: positive_total_return (4/6);BTCUSDT: bootstrap_sharpe_ci_excludes_zero (2/6);BTCUSDT: survives_double_costs (4/6);BTCUSDT: beats_buy_and_hold (2/6);BTCUSDT: survives_drop_top_trades (2/6);ETHUSDT: positive_total_return (4/6);ETHUSDT: bootstrap_sharpe_ci_excludes_zero (1/6);ETHUSDT: survives_double_costs (4/6);ETHUSDT: beats_buy_and_hold (4/6);ETHUSDT: survives_drop_top_trades (1/6),0.016409529594944718,0.016409529594944718,0.1331146538668115,False,False,False,False,False,True,False,False,False,False,False,True
momentum,1,0,0.0,16,REJECTED,False,3,BTCUSDT: no_bootstrap_ci_excludes_zero;BTCUSDT: zero_seeds_survive_double_costs;ETHUSDT: no_bootstrap_ci_excludes_zero,BTCUSDT: positive_total_return (2/6);BTCUSDT: bootstrap_sharpe_ci_excludes_zero (0/6);BTCUSDT: survives_double_costs (0/6);BTCUSDT: beats_buy_and_hold (0/6);BTCUSDT: survives_drop_top_trades (0/6);ETHUSDT: positive_total_return (3/6);ETHUSDT: bootstrap_sharpe_ci_excludes_zero (0/6);ETHUSDT: survives_double_costs (2/6);ETHUSDT: beats_buy_and_hold (5/6);ETHUSDT: survives_drop_top_trades (0/6),-0.1517796777698396,-0.1517796777698396,-0.22637270448692504,False,False,False,False,False,True,False,False,False,False,False,True
momentum,1,0,0.0,17,REJECTED,False,2,BTCUSDT: no_bootstrap_ci_excludes_zero;ETHUSDT: no_bootstrap_ci_excludes_zero,BTCUSDT: positive_total_return (4/6);BTCUSDT: bootstrap_sharpe_ci_excludes_zero (0/6);BTCUSDT: survives_double_costs (2/6);BTCUSDT: beats_buy_and_hold (1/6);BTCUSDT: survives_drop_top_trades (0/6);ETHUSDT: positive_total_return (5/6);ETHUSDT: bootstrap_sharpe_ci_excludes_zero (0/6);ETHUSDT: survives_double_costs (3/6);ETHUSDT: survives_drop_top_trades (0/6),0.0024750631248802017,0.0024750631248802017,-0.046255032786400384,False,False,False,False,False,True,False,False,False,True,False,True
momentum,1,0,0.0,18,REJECTED,False,1,BTCUSDT: no_bootstrap_ci_excludes_zero,BTCUSDT: positive_total_return (3/6);BTCUSDT: bootstrap_sharpe_ci_excludes_zero (0/6);BTCUSDT: survives_double_costs (2/6);BTCUSDT: beats_buy_and_hold (2/6);BTCUSDT: survives_drop_top_trades (0/6);ETHUSDT: bootstrap_sharpe_ci_excludes_zero (1/6);ETHUSDT: survives_double_costs (4/6);ETHUSDT: survives_drop_top_trades (2/6),0.10236114022567835,0.10236114022567835,0.1386445366287657,False,False,False,False,False,True,True,False,False,True,False,True
momentum,1,0,0.0,19,REJECTED,False,2,BTCUSDT: no_bootstrap_ci_excludes_zero;ETHUSDT: no_bootstrap_ci_excludes_zero,BTCUSDT: positive_total_return (4/6);BTCUSDT: bootstrap_sharpe_ci_excludes_zero (0/6);BTCUSDT: survives_double_costs (2/6);BTCUSDT: beats_buy_and_hold (1/6);BTCUSDT: survives_drop_top_trades (0/6);ETHUSDT: positive_total_return (3/6);ETHUSDT: bootstrap_sharpe_ci_excludes_zero (0/6);ETHUSDT: survives_double_costs (2/6);ETHUSDT: beats_buy_and_hold (5/6);ETHUSDT: survives_drop_top_trades (0/6),-0.004590598355994657,-0.004590598355994657,-0.11709484864013602,False,False,False,False,False,True,False,False,False,False,False,True
momentum,1,0,0.0,20,REJECTED,False,2,BTCUSDT: no_bootstrap_ci_excludes_zero;ETHUSDT: no_bootstrap_ci_excludes_zero,BTCUSDT: positive_total_return (3/6);BTCUSDT: bootstrap_sharpe_ci_excludes_zero (0/6);BTCUSDT: survives_double_costs (1/6);BTCUSDT: beats_buy_and_hold (0/6);BTCUSDT: survives_drop_top_trades (0/6);ETHUSDT: positive_total_return (1/6);ETHUSDT: bootstrap_sharpe_ci_excludes_zero (0/6);ETHUSDT: survives_double_costs (1/6);ETHUSDT: beats_buy_and_hold (1/6);ETHUSDT: survives_drop_top_trades (0/6),-0.22248466852386622,-0.22248466852386622,-0.29358015199582926,False,False,False,False,False,True,False,False,False,False,False,True
momentum,1,0,0.0,21,REJECTED,False,2,BTCUSDT: no_bootstrap_ci_excludes_zero;ETHUSDT: no_bootstrap_ci_excludes_zero,BTCUSDT: positive_total_return (2/6);BTCUSDT: bootstrap_sharpe_ci_excludes_zero (0/6);BTCUSDT: survives_double_costs (1/6);BTCUSDT: beats_buy_and_hold (1/6);BTCUSDT: survives_drop_top_trades (0/6);ETHUSDT: positive_total_return (5/6);ETHUSDT: bootstrap_sharpe_ci_excludes_zero (0/6);ETHUSDT: survives_double_costs (4/6);ETHUSDT: survives_drop_top_trades (0/6),0.024571320235457255,0.024571320235457255,-0.06113262075992583,False,False,False,False,False,True,False,False,False,True,False,True
momentum,1,0,0.0,22,REJECTED,False,3,BTCUSDT: no_bootstrap_ci_excludes_zero;ETHUSDT: no_bootstrap_ci_excludes_zero;ETHUSDT: zero_seeds_survive_double_costs,BTCUSDT: positive_total_return (4/6);BTCUSDT: bootstrap_sharpe_ci_excludes_zero (0/6);BTCUSDT: survives_double_costs (1/6);BTCUSDT: beats_buy_and_hold (1/6);BTCUSDT: survives_drop_top_trades (1/6);ETHUSDT: positive_total_return (1/6);ETHUSDT: bootstrap_sharpe_ci_excludes_zero (0/6);ETHUSDT: survives_double_costs (0/6);ETHUSDT: beats_buy_and_hold (2/6);ETHUSDT: survives_drop_top_trades (0/6),-0.15638885806542593,-0.15638885806542593,-0.2568203117044165,False,False,False,False,False,True,False,False,False,False,False,True
momentum,1,0,0.0,23,REJECTED,False,2,BTCUSDT: no_bootstrap_ci_excludes_zero;ETHUSDT: no_bootstrap_ci_excludes_zero,BTCUSDT: positive_total_return (4/6);BTCUSDT: bootstrap_sharpe_ci_excludes_zero (0/6);BTCUSDT: survives_double_costs (1/6);BTCUSDT: beats_buy_and_hold (1/6);BTCUSDT: survives_drop_top_trades (0/6);ETHUSDT: positive_total_return (4/6);ETHUSDT: bootstrap_sharpe_ci_excludes_zero (0/6);ETHUSDT: survives_double_costs (2/6);ETHUSDT: beats_buy_and_hold (5/6);ETHUSDT: survives_drop_top_trades (0/6),0.022532115440526003,0.022532115440526003,0.041062107847124434,False,False,False,False,False,True,False,False,False,False,False,True
momentum,1,0,0.0,24,REJECTED,False,2,BTCUSDT: no_bootstrap_ci_excludes_zero;ETHUSDT: no_bootstrap_ci_excludes_zero,BTCUSDT: positive_total_return (3/6);BTCUSDT: bootstrap_sharpe_ci_excludes_zero (0/6);BTCUSDT: survives_double_costs (1/6);BTCUSDT: beats_buy_and_hold (1/6);BTCUSDT: survives_drop_top_trades (1/6);ETHUSDT: positive_total_return (2/6);ETHUSDT: bootstrap_sharpe_ci_excludes_zero (0/6);ETHUSDT: survives_double_costs (1/6);ETHUSDT: beats_buy_and_hold (3/6);ETHUSDT: survives_drop_top_trades (0/6),-0.0981051072774964,-0.0981051072774964,-0.16562823038147534,False,False,False,False,False,True,False,False,False,False,False,True
momentum,1,0,0.0,25,REJECTED,False,1,ETHUSDT: no_bootstrap_ci_excludes_zero,BTCUSDT: positive_total_return (5/6);BTCUSDT: bootstrap_sharpe_ci_excludes_zero (1/6);BTCUSDT: survives_double_costs (2/6);BTCUSDT: beats_buy_and_hold (2/6);BTCUSDT: survives_drop_top_trades (1/6);ETHUSDT: positive_total_return (5/6);ETHUSDT: bootstrap_sharpe_ci_excludes_zero (0/6);ETHUSDT: survives_double_costs (3/6);ETHUSDT: survives_drop_top_trades (0/6),0.13088647452640784,0.13088647452640784,0.08422821524762683,False,False,False,False,False,True,False,False,False,True,False,True
momentum,1,0,0.0,26,REJECTED,False,1,BTCUSDT: no_bootstrap_ci_excludes_zero,BTCUSDT: positive_total_return (4/6);BTCUSDT: bootstrap_sharpe_ci_excludes_zero (0/6);BTCUSDT: survives_double_costs (2/6);BTCUSDT: beats_buy_and_hold (2/6);BTCUSDT: survives_drop_top_trades (0/6);ETHUSDT: positive_total_return (2/6);ETHUSDT: bootstrap_sharpe_ci_excludes_zero (1/6);ETHUSDT: survives_double_costs (2/6);ETHUSDT: beats_buy_and_hold (3/6);ETHUSDT: survives_drop_top_trades (2/6),-0.09580743158729624,-0.09580743158729624,-0.05937578872705738,False,False,False,False,False,True,False,False,False,False,False,True
momentum,1,0,0.0,27,REJECTED,False,3,BTCUSDT: no_bootstrap_ci_excludes_zero;ETHUSDT: no_bootstrap_ci_excludes_zero;ETHUSDT: zero_seeds_survive_double_costs,BTCUSDT: positive_total_return (3/6);BTCUSDT: bootstrap_sharpe_ci_excludes_zero (0/6);BTCUSDT: survives_double_costs (2/6);BTCUSDT: beats_buy_and_hold (1/6);BTCUSDT: survives_drop_top_trades (0/6);ETHUSDT: positive_total_return (1/6);ETHUSDT: bootstrap_sharpe_ci_excludes_zero (0/6);ETHUSDT: survives_double_costs (0/6);ETHUSDT: beats_buy_and_hold (3/6);ETHUSDT: survives_drop_top_trades (0/6),-0.2014235279342998,-0.2014235279342998,-0.27669540413312704,False,False,False,False,False,True,False,False,False,False,False,True
momentum,1,0,0.0,28,REJECTED,False,0,,BTCUSDT: bootstrap_sharpe_ci_excludes_zero (3/6);BTCUSDT: survives_double_costs (4/6);BTCUSDT: beats_buy_and_hold (3/6);BTCUSDT: survives_drop_top_trades (3/6);ETHUSDT: positive_total_return (4/6);ETHUSDT: bootstrap_sharpe_ci_excludes_zero (2/6);ETHUSDT: survives_double_costs (4/6);ETHUSDT: survives_drop_top_trades (2/6),0.34543310096144314,0.34543310096144314,0.6453781406558629,True,False,False,False,False,True,False,False,False,True,False,True
momentum,1,0,0.0,29,REJECTED,False,2,BTCUSDT: no_bootstrap_ci_excludes_zero;ETHUSDT: no_bootstrap_ci_excludes_zero,BTCUSDT: positive_total_return (3/6);BTCUSDT: bootstrap_sharpe_ci_excludes_zero (0/6);BTCUSDT: survives_double_costs (1/6);BTCUSDT: beats_buy_and_hold (1/6);BTCUSDT: survives_drop_top_trades (0/6);ETHUSDT: positive_total_return (4/6);ETHUSDT: bootstrap_sharpe_ci_excludes_zero (0/6);ETHUSDT: survives_double_costs (2/6);ETHUSDT: beats_buy_and_hold (5/6);ETHUSDT: survives_drop_top_trades (0/6),-0.25251094391247547,-0.25251094391247547,-0.22818874698690736,False,False,False,False,False,True,False,False,False,False,False,True
momentum,1,0,0.0,30,REJECTED,False,2,BTCUSDT: no_bootstrap_ci_excludes_zero;ETHUSDT: no_bootstrap_ci_excludes_zero,BTCUSDT: positive_total_return (4/6);BTCUSDT: bootstrap_sharpe_ci_excludes_zero (0/6);BTCUSDT: survives_double_costs (1/6);BTCUSDT: beats_buy_and_hold (1/6);BTCUSDT: survives_drop_top_trades (0/6);ETHUSDT: positive_total_return (3/6);ETHUSDT: bootstrap_sharpe_ci_excludes_zero (0/6);ETHUSDT: survives_double_costs (2/6);ETHUSDT: beats_buy_and_hold (5/6);ETHUSDT: survives_drop_top_trades (0/6),0.0263240899882278,0.0263240899882278,-0.056127067348678825,False,False,False,False,False,True,False,False,False,False,False,True
momentum,1,0,0.0,31,REJECTED,False,3,BTCUSDT: no_bootstrap_ci_excludes_zero;ETHUSDT: no_bootstrap_ci_excludes_zero;ETHUSDT: zero_seeds_survive_double_costs,BTCUSDT: positive_total_return (1/6);BTCUSDT: bootstrap_sharpe_ci_excludes_zero (0/6);BTCUSDT: survives_double_costs (1/6);BTCUSDT: beats_buy_and_hold (1/6);BTCUSDT: survives_drop_top_trades (0/6);ETHUSDT: positive_total_return (1/6);ETHUSDT: bootstrap_sharpe_ci_excludes_zero (0/6);ETHUSDT: survives_double_costs (0/6);ETHUSDT: beats_buy_and_hold (4/6);ETHUSDT: survives_drop_top_trades (0/6),-0.2088921394959972,-0.2088921394959972,-0.29784858649502455,False,False,False,False,False,True,False,False,False,False,False,True
momentum,1,0,0.0,32,REJECTED,False,2,BTCUSDT: no_bootstrap_ci_excludes_zero;ETHUSDT: no_bootstrap_ci_excludes_zero,BTCUSDT: positive_total_return (2/6);BTCUSDT: bootstrap_sharpe_ci_excludes_zero (0/6);BTCUSDT: survives_double_costs (1/6);BTCUSDT: beats_buy_and_hold (1/6);BTCUSDT: survives_drop_top_trades (0/6);ETHUSDT: positive_total_return (1/6);ETHUSDT: bootstrap_sharpe_ci_excludes_zero (0/6);ETHUSDT: survives_double_costs (1/6);ETHUSDT: beats_buy_and_hold (3/6);ETHUSDT: survives_drop_top_trades (0/6),-0.2512188178436823,-0.2512188178436823,-0.2933692291104932,False,False,False,False,False,True,False,False,False,False,False,True
momentum,1,0,0.0,33,REJECTED,False,2,BTCUSDT: no_bootstrap_ci_excludes_zero;ETHUSDT: no_bootstrap_ci_excludes_zero,BTCUSDT: positive_total_return (4/6);BTCUSDT: bootstrap_sharpe_ci_excludes_zero (0/6);BTCUSDT: survives_double_costs (2/6);BTCUSDT: beats_buy_and_hold (1/6);BTCUSDT: survives_drop_top_trades (0/6);ETHUSDT: positive_total_return (3/6);ETHUSDT: bootstrap_sharpe_ci_excludes_zero (0/6);ETHUSDT: survives_double_costs (1/6);ETHUSDT: beats_buy_and_hold (4/6);ETHUSDT: survives_drop_top_trades (0/6),-0.21862301133402168,-0.21862301133402168,-0.21979807741999782,False,False,False,False,False,True,False,False,False,False,False,True
momentum,1,0,0.0,34,REJECTED,False,3,BTCUSDT: no_bootstrap_ci_excludes_zero;BTCUSDT: zero_seeds_survive_double_costs;ETHUSDT: no_bootstrap_ci_excludes_zero,BTCUSDT: positive_total_return (2/6);BTCUSDT: bootstrap_sharpe_ci_excludes_zero (0/6);BTCUSDT: survives_double_costs (0/6);BTCUSDT: beats_buy_and_hold (0/6);BTCUSDT: survives_drop_top_trades (0/6);ETHUSDT: positive_total_return (4/6);ETHUSDT: bootstrap_sharpe_ci_excludes_zero (0/6);ETHUSDT: survives_double_costs (2/6);ETHUSDT: survives_drop_top_trades (0/6),-0.10319898983406614,-0.10319898983406614,-0.19397170819653314,False,False,False,False,False,True,False,False,False,True,False,True
momentum,1,0,0.0,35,REJECTED,False,2,BTCUSDT: no_bootstrap_ci_excludes_zero;ETHUSDT: no_bootstrap_ci_excludes_zero,BTCUSDT: positive_total_return (5/6);BTCUSDT: bootstrap_sharpe_ci_excludes_zero (0/6);BTCUSDT: survives_double_costs (3/6);BTCUSDT: beats_buy_and_hold (1/6);BTCUSDT: survives_drop_top_trades (0/6);ETHUSDT: bootstrap_sharpe_ci_excludes_zero (0/6);ETHUSDT: survives_double_costs (5/6);ETHUSDT: survives_drop_top_trades (1/6);ETHUSDT: not_confined_to_one_fold (5/6),0.12443322666410979,0.12443322666410979,0.07208543828870648,False,False,False,False,False,True,True,False,False,True,False,False
momentum,1,0,0.0,36,REJECTED,False,2,BTCUSDT: no_bootstrap_ci_excludes_zero;ETHUSDT: no_bootstrap_ci_excludes_zero,BTCUSDT: positive_total_return (4/6);BTCUSDT: bootstrap_sharpe_ci_excludes_zero (0/6);BTCUSDT: survives_double_costs (1/6);BTCUSDT: beats_buy_and_hold (1/6);BTCUSDT: survives_drop_top_trades (1/6);ETHUSDT: positive_total_return (4/6);ETHUSDT: bootstrap_sharpe_ci_excludes_zero (0/6);ETHUSDT: survives_double_costs (3/6);ETHUSDT: beats_buy_and_hold (5/6);ETHUSDT: survives_drop_top_trades (0/6),-0.025777118430059275,-0.025777118430059275,-0.12165079957219405,False,False,False,False,False,True,False,False,False,False,False,True
momentum,1,0,0.0,37,REJECTED,False,2,BTCUSDT: no_bootstrap_ci_excludes_zero;ETHUSDT: no_bootstrap_ci_excludes_zero,BTCUSDT: bootstrap_sharpe_ci_excludes_zero (0/6);BTCUSDT: survives_double_costs (5/6);BTCUSDT: beats_buy_and_hold (3/6);BTCUSDT: survives_drop_top_trades (2/6);ETHUSDT: bootstrap_sharpe_ci_excludes_zero (0/6);ETHUSDT: survives_double_costs (4/6);ETHUSDT: survives_drop_top_trades (1/6),0.2773620116308316,0.2773620116308316,0.24677945608506907,True,False,False,False,False,True,True,False,False,True,False,True
momentum,1,0,0.0,38,REJECTED,False,2,BTCUSDT: no_bootstrap_ci_excludes_zero;ETHUSDT: no_bootstrap_ci_excludes_zero,BTCUSDT: bootstrap_sharpe_ci_excludes_zero (0/6);BTCUSDT: survives_double_costs (4/6);BTCUSDT: beats_buy_and_hold (2/6);BTCUSDT: survives_drop_top_trades (1/6);ETHUSDT: positive_total_return (4/6);ETHUSDT: bootstrap_sharpe_ci_excludes_zero (0/6);ETHUSDT: survives_double_costs (2/6);ETHUSDT: survives_drop_top_trades (0/6),0.1494422431254381,0.1494422431254381,0.10776445813330686,True,False,False,False,False,True,False,False,False,True,False,True
momentum,1,0,0.0,39,REJECTED,False,2,BTCUSDT: no_bootstrap_ci_excludes_zero;ETHUSDT: no_bootstrap_ci_excludes_zero,BTCUSDT: positive_total_return (5/6);BTCUSDT: bootstrap_sharpe_ci_excludes_zero (0/6);BTCUSDT: survives_double_costs (3/6);BTCUSDT: beats_buy_and_hold (3/6);BTCUSDT: survives_drop_top_trades (2/6);ETHUSDT: bootstrap_sharpe_ci_excludes_zero (0/6);ETHUSDT: survives_double_costs (5/6);ETHUSDT: survives_drop_top_trades (1/6),0.14922349906154356,0.14922349906154356,0.19370155570825526,False,False,False,False,False,True,True,False,False,True,False,True
momentum,1,0,0.0,40,REJECTED,False,2,BTCUSDT: no_bootstrap_ci_excludes_zero;ETHUSDT: no_bootstrap_ci_excludes_zero,BTCUSDT: positive_total_return (3/6);BTCUSDT: bootstrap_sharpe_ci_excludes_zero (0/6);BTCUSDT: survives_double_costs (1/6);BTCUSDT: beats_buy_and_hold (0/6);BTCUSDT: survives_drop_top_trades (0/6);ETHUSDT: positive_total_return (3/6);ETHUSDT: bootstrap_sharpe_ci_excludes_zero (0/6);ETHUSDT: survives_double_costs (1/6);ETHUSDT: beats_buy_and_hold (4/6);ETHUSDT: survives_drop_top_trades (1/6),-0.17386273403360034,-0.17386273403360034,-0.20235883760127896,False,False,False,False,False,True,False,False,False,False,False,True
momentum,1,0,0.0,41,REJECTED,False,3,BTCUSDT: no_bootstrap_ci_excludes_zero;BTCUSDT: zero_seeds_survive_double_costs;ETHUSDT: no_bootstrap_ci_excludes_zero,BTCUSDT: positive_total_return (1/6);BTCUSDT: bootstrap_sharpe_ci_excludes_zero (0/6);BTCUSDT: survives_double_costs (0/6);BTCUSDT: beats_buy_and_hold (0/6);BTCUSDT: survives_drop_top_trades (0/6);ETHUSDT: positive_total_return (3/6);ETHUSDT: bootstrap_sharpe_ci_excludes_zero (0/6);ETHUSDT: survives_double_costs (2/6);ETHUSDT: survives_drop_top_trades (0/6),-0.06744358983470548,-0.06744358983470548,-0.15529207689336522,False,False,False,False,False,True,False,False,False,True,False,True
momentum,1,0,0.0,42,REJECTED,False,2,BTCUSDT: no_bootstrap_ci_excludes_zero;ETHUSDT: no_bootstrap_ci_excludes_zero,BTCUSDT: positive_total_return (5/6);BTCUSDT: bootstrap_sharpe_ci_excludes_zero (0/6);BTCUSDT: survives_double_costs (2/6);BTCUSDT: beats_buy_and_hold (1/6);BTCUSDT: survives_drop_top_trades (1/6);ETHUSDT: bootstrap_sharpe_ci_excludes_zero (0/6);ETHUSDT: survives_double_costs (4/6);ETHUSDT: survives_drop_top_trades (1/6);ETHUSDT: not_confined_to_one_fold (5/6),0.2609541050642954,0.2609541050642954,0.20561478184732004,False,False,False,False,False,True,True,False,False,True,False,False
momentum,1,0,0.0,43,REJECTED,False,1,BTCUSDT: no_bootstrap_ci_excludes_zero,BTCUSDT: positive_total_return (4/6);BTCUSDT: bootstrap_sharpe_ci_excludes_zero (0/6);BTCUSDT: survives_double_costs (3/6);BTCUSDT: beats_buy_and_hold (2/6);BTCUSDT: survives_drop_top_trades (1/6);ETHUSDT: positive_total_return (4/6);ETHUSDT: bootstrap_sharpe_ci_excludes_zero (2/6);ETHUSDT: survives_double_costs (4/6);ETHUSDT: survives_drop_top_trades (2/6),0.1278114208056691,0.1278114208056691,0.1845999571594188,False,False,False,False,False,True,False,False,False,True,False,True
momentum,1,0,0.0,44,REJECTED,False,2,BTCUSDT: no_bootstrap_ci_excludes_zero;ETHUSDT: no_bootstrap_ci_excludes_zero,BTCUSDT: positive_total_return (5/6);BTCUSDT: bootstrap_sharpe_ci_excludes_zero (0/6);BTCUSDT: survives_double_costs (2/6);BTCUSDT: beats_buy_and_hold (2/6);BTCUSDT: survives_drop_top_trades (0/6);ETHUSDT: positive_total_return (3/6);ETHUSDT: bootstrap_sharpe_ci_excludes_zero (0/6);ETHUSDT: survives_double_costs (2/6);ETHUSDT: survives_drop_top_trades (0/6),0.009519260998337258,0.009519260998337258,-0.07455326555238,False,False,False,False,False,True,False,False,False,True,False,True
momentum,1,0,0.0,45,REJECTED,False,2,BTCUSDT: no_bootstrap_ci_excludes_zero;ETHUSDT: no_bootstrap_ci_excludes_zero,BTCUSDT: positive_total_return (1/6);BTCUSDT: bootstrap_sharpe_ci_excludes_zero (0/6);BTCUSDT: survives_double_costs (1/6);BTCUSDT: beats_buy_and_hold (0/6);BTCUSDT: survives_drop_top_trades (0/6);ETHUSDT: positive_total_return (2/6);ETHUSDT: bootstrap_sharpe_ci_excludes_zero (0/6);ETHUSDT: survives_double_costs (1/6);ETHUSDT: beats_buy_and_hold (5/6);ETHUSDT: survives_drop_top_trades (0/6),-0.10434884187739187,-0.10434884187739187,-0.23004960106670636,False,False,False,False,False,True,False,False,False,False,False,True
momentum,1,0,0.0,46,REJECTED,False,1,ETHUSDT: no_bootstrap_ci_excludes_zero,BTCUSDT: bootstrap_sharpe_ci_excludes_zero (1/6);BTCUSDT: survives_double_costs (4/6);BTCUSDT: beats_buy_and_hold (2/6);BTCUSDT: survives_drop_top_trades (1/6);ETHUSDT: positive_total_return (5/6);ETHUSDT: bootstrap_sharpe_ci_excludes_zero (0/6);ETHUSDT: survives_double_costs (4/6);ETHUSDT: survives_drop_top_trades (1/6),0.16962199845816522,0.16962199845816522,0.1516335592499604,True,False,False,False,False,True,False,False,False,True,False,True
momentum,1,0,0.0,47,REJECTED,False,2,BTCUSDT: no_bootstrap_ci_excludes_zero;ETHUSDT: no_bootstrap_ci_excludes_zero,BTCUSDT: positive_total_return (3/6);BTCUSDT: bootstrap_sharpe_ci_excludes_zero (0/6);BTCUSDT: survives_double_costs (3/6);BTCUSDT: beats_buy_and_hold (1/6);BTCUSDT: survives_drop_top_trades (1/6);ETHUSDT: positive_total_return (3/6);ETHUSDT: bootstrap_sharpe_ci_excludes_zero (0/6);ETHUSDT: survives_double_costs (3/6);ETHUSDT: beats_buy_and_hold (3/6);ETHUSDT: survives_drop_top_trades (1/6),0.028725738609966616,0.028725738609966616,0.03241040187408766,False,False,False,False,False,True,False,False,False,False,False,True
momentum,1,0,0.0,48,REJECTED,False,0,,BTCUSDT: positive_total_return (4/6);BTCUSDT: bootstrap_sharpe_ci_excludes_zero (2/6);BTCUSDT: survives_double_costs (3/6);BTCUSDT: beats_buy_and_hold (3/6);BTCUSDT: survives_drop_top_trades (2/6);ETHUSDT: positive_total_return (3/6);ETHUSDT: bootstrap_sharpe_ci_excludes_zero (1/6);ETHUSDT: survives_double_costs (2/6);ETHUSDT: beats_buy_and_hold (5/6);ETHUSDT: survives_drop_top_trades (1/6),0.02012158646802068,0.02012158646802068,0.29752128896903823,False,False,False,False,False,True,False,False,False,False,False,True
momentum,1,0,0.0,49,REJECTED,False,2,BTCUSDT: no_bootstrap_ci_excludes_zero;ETHUSDT: no_bootstrap_ci_excludes_zero,BTCUSDT: positive_total_return (4/6);BTCUSDT: bootstrap_sharpe_ci_excludes_zero (0/6);BTCUSDT: survives_double_costs (3/6);BTCUSDT: beats_buy_and_hold (2/6);BTCUSDT: survives_drop_top_trades (1/6);ETHUSDT: positive_total_return (3/6);ETHUSDT: bootstrap_sharpe_ci_excludes_zero (0/6);ETHUSDT: survives_double_costs (2/6);ETHUSDT: beats_buy_and_hold (5/6);ETHUSDT: survives_drop_top_trades (1/6),-0.07130638434336267,-0.07130638434336267,-0.06902336735826686,False,False,False,False,False,True,False,False,False,False,False,True
momentum,1,1,0.3,0,REJECTED,False,0,,BTCUSDT: bootstrap_sharpe_ci_excludes_zero (1/6);BTCUSDT: survives_double_costs (4/6);BTCUSDT: beats_buy_and_hold (3/6);BTCUSDT: survives_drop_top_trades (2/6);ETHUSDT: bootstrap_sharpe_ci_excludes_zero (1/6);ETHUSDT: survives_drop_top_trades (2/6),0.2856842137713383,0.2856842137713383,0.4462445485107797,True,False,False,False,False,True,True,False,True,True,False,True
momentum,1,1,0.3,1,REJECTED,False,2,BTCUSDT: no_bootstrap_ci_excludes_zero;ETHUSDT: no_bootstrap_ci_excludes_zero,BTCUSDT: positive_total_return (4/6);BTCUSDT: bootstrap_sharpe_ci_excludes_zero (0/6);BTCUSDT: survives_double_costs (3/6);BTCUSDT: beats_buy_and_hold (2/6);BTCUSDT: survives_drop_top_trades (2/6);ETHUSDT: positive_total_return (4/6);ETHUSDT: bootstrap_sharpe_ci_excludes_zero (0/6);ETHUSDT: survives_double_costs (4/6);ETHUSDT: beats_buy_and_hold (5/6);ETHUSDT: survives_drop_top_trades (1/6),0.12752399895297328,0.12752399895297328,0.1352728455343567,False,False,False,False,False,True,False,False,False,False,False,True
momentum,1,1,0.3,2,REJECTED,False,1,ETHUSDT: no_bootstrap_ci_excludes_zero,BTCUSDT: bootstrap_sharpe_ci_excludes_zero (1/6);BTCUSDT: survives_double_costs (5/6);BTCUSDT: beats_buy_and_hold (2/6);BTCUSDT: survives_drop_top_trades (1/6);ETHUSDT: positive_total_return (5/6);ETHUSDT: bootstrap_sharpe_ci_excludes_zero (0/6);ETHUSDT: survives_double_costs (3/6);ETHUSDT: survives_drop_top_trades (1/6),0.19005051367759693,0.19005051367759693,0.16870275464590886,True,False,False,False,False,True,False,False,False,True,False,True
momentum,1,1,0.3,3,REJECTED,False,1,BTCUSDT: no_bootstrap_ci_excludes_zero,BTCUSDT: bootstrap_sharpe_ci_excludes_zero (0/6);BTCUSDT: survives_double_costs (2/6);BTCUSDT: beats_buy_and_hold (2/6);BTCUSDT: survives_drop_top_trades (1/6);ETHUSDT: positive_total_return (5/6);ETHUSDT: bootstrap_sharpe_ci_excludes_zero (1/6);ETHUSDT: survives_double_costs (3/6);ETHUSDT: survives_drop_top_trades (1/6),0.21746135706258132,0.21746135706258132,0.22759535361862274,True,False,False,False,False,True,False,False,False,True,False,True
momentum,1,1,0.3,4,REJECTED,False,1,BTCUSDT: no_bootstrap_ci_excludes_zero,BTCUSDT: bootstrap_sharpe_ci_excludes_zero (0/6);BTCUSDT: survives_double_costs (4/6);BTCUSDT: beats_buy_and_hold (3/6);BTCUSDT: survives_drop_top_trades (1/6);ETHUSDT: positive_total_return (4/6);ETHUSDT: bootstrap_sharpe_ci_excludes_zero (1/6);ETHUSDT: survives_double_costs (4/6);ETHUSDT: beats_buy_and_hold (5/6);ETHUSDT: survives_drop_top_trades (1/6),0.07506917997788982,0.07506917997788982,0.06981059780050751,True,False,False,False,False,True,False,False,False,False,False,True
momentum,1,1,0.3,5,REJECTED,False,2,BTCUSDT: no_bootstrap_ci_excludes_zero;ETHUSDT: no_bootstrap_ci_excludes_zero,BTCUSDT: positive_total_return (2/6);BTCUSDT: bootstrap_sharpe_ci_excludes_zero (0/6);BTCUSDT: survives_double_costs (1/6);BTCUSDT: beats_buy_and_hold (1/6);BTCUSDT: survives_drop_top_trades (0/6);ETHUSDT: positive_total_return (3/6);ETHUSDT: bootstrap_sharpe_ci_excludes_zero (0/6);ETHUSDT: survives_double_costs (1/6);ETHUSDT: survives_drop_top_trades (1/6),0.061233901165631544,0.061233901165631544,-0.020193998134248825,False,False,False,False,False,True,False,False,False,True,False,True
momentum,1,1,0.3,6,REJECTED,False,0,,BTCUSDT: bootstrap_sharpe_ci_excludes_zero (1/6);BTCUSDT: survives_double_costs (5/6);BTCUSDT: beats_buy_and_hold (3/6);BTCUSDT: survives_drop_top_trades (3/6);ETHUSDT: bootstrap_sharpe_ci_excludes_zero (1/6);ETHUSDT: survives_double_costs (5/6);ETHUSDT: survives_drop_top_trades (3/6),0.3889276406124461,0.3889276406124461,0.42943959159434153,True,False,False,False,False,True,True,False,False,True,False,True
momentum,1,1,0.3,7,REJECTED,False,1,BTCUSDT: no_bootstrap_ci_excludes_zero,BTCUSDT: positive_total_return (5/6);BTCUSDT: bootstrap_sharpe_ci_excludes_zero (0/6);BTCUSDT: survives_double_costs (4/6);BTCUSDT: beats_buy_and_hold (4/6);BTCUSDT: survives_drop_top_trades (1/6);ETHUSDT: bootstrap_sharpe_ci_excludes_zero (2/6);ETHUSDT: survives_drop_top_trades (2/6),0.3750274217227002,0.3750274217227002,0.639925278858676,False,False,False,False,False,True,True,False,True,True,False,True
momentum,1,1,0.3,8,REJECTED,False,0,,BTCUSDT: bootstrap_sharpe_ci_excludes_zero (2/6);BTCUSDT: survives_drop_top_trades (5/6);ETHUSDT: bootstrap_sharpe_ci_excludes_zero (3/6);ETHUSDT: survives_drop_top_trades (2/6),0.6028254227019144,0.6028254227019144,1.0102507199055588,True,False,True,True,False,True,True,False,True,True,False,True
momentum,1,1,0.3,9,REJECTED,False,2,BTCUSDT: no_bootstrap_ci_excludes_zero;ETHUSDT: no_bootstrap_ci_excludes_zero,BTCUSDT: positive_total_return (5/6);BTCUSDT: bootstrap_sharpe_ci_excludes_zero (0/6);BTCUSDT: survives_double_costs (4/6);BTCUSDT: beats_buy_and_hold (3/6);BTCUSDT: survives_drop_top_trades (0/6);ETHUSDT: positive_total_return (4/6);ETHUSDT: bootstrap_sharpe_ci_excludes_zero (0/6);ETHUSDT: survives_double_costs (3/6);ETHUSDT: beats_buy_and_hold (5/6);ETHUSDT: survives_drop_top_trades (0/6),0.0840530234425023,0.0840530234425023,0.03853060567962753,False,False,False,False,False,True,False,False,False,False,False,True
momentum,1,1,0.3,10,REJECTED,False,0,,BTCUSDT: bootstrap_sharpe_ci_excludes_zero (2/6);BTCUSDT: survives_double_costs (5/6);BTCUSDT: beats_buy_and_hold (4/6);BTCUSDT: survives_drop_top_trades (2/6);ETHUSDT: bootstrap_sharpe_ci_excludes_zero (1/6);ETHUSDT: survives_double_costs (5/6);ETHUSDT: survives_drop_top_trades (2/6),0.43213277332456873,0.43213277332456873,0.7058688485642121,True,False,False,False,False,True,True,False,False,True,False,True
momentum,1,1,0.3,11,REJECTED,False,0,,BTCUSDT: positive_total_return (4/6);BTCUSDT: bootstrap_sharpe_ci_excludes_zero (2/6);BTCUSDT: survives_double_costs (3/6);BTCUSDT: beats_buy_and_hold (3/6);BTCUSDT: survives_drop_top_trades (3/6);ETHUSDT: bootstrap_sharpe_ci_excludes_zero (3/6);ETHUSDT: survives_drop_top_trades (2/6),0.344756840306902,0.344756840306902,0.5596050217571908,False,False,False,False,False,True,True,False,True,True,False,True
momentum,1,1,0.3,12,REJECTED,False,0,,BTCUSDT: bootstrap_sharpe_ci_excludes_zero (1/6);BTCUSDT: survives_drop_top_trades (2/6);ETHUSDT: bootstrap_sharpe_ci_excludes_zero (1/6);ETHUSDT: survives_drop_top_trades (1/6),0.41898215931022004,0.41898215931022004,0.498264899149642,True,False,True,True,False,True,True,False,True,True,False,True
momentum,1,1,0.3,13,REJECTED,False,2,BTCUSDT: no_bootstrap_ci_excludes_zero;ETHUSDT: no_bootstrap_ci_excludes_zero,BTCUSDT: bootstrap_sharpe_ci_excludes_zero (0/6);BTCUSDT: survives_double_costs (4/6);BTCUSDT: beats_buy_and_hold (4/6);BTCUSDT: survives_drop_top_trades (3/6);ETHUSDT: bootstrap_sharpe_ci_excludes_zero (0/6);ETHUSDT: survives_double_costs (5/6);ETHUSDT: survives_drop_top_trades (1/6),0.22830092772033347,0.22830092772033347,0.24690762097688715,True,False,False,False,False,True,True,False,False,True,False,True
momentum,1,1,0.3,14,REJECTED,False,1,ETHUSDT: no_bootstrap_ci_excludes_zero,BTCUSDT: positive_total_return (4/6);BTCUSDT: bootstrap_sharpe_ci_excludes_zero (1/6);BTCUSDT: survives_double_costs (2/6);BTCUSDT: beats_buy_and_hold (1/6);BTCUSDT: survives_drop_top_trades (1/6);ETHUSDT: positive_total_return (4/6);ETHUSDT: bootstrap_sharpe_ci_excludes_zero (0/6);ETHUSDT: survives_double_costs (3/6);ETHUSDT: beats_buy_and_hold (5/6);ETHUSDT: survives_drop_top_trades (1/6),-0.029183728506783014,-0.029183728506783014,0.015625010896678764,False,False,False,False,False,True,False,False,False,False,False,True
momentum,1,1,0.3,15,REJECTED,False,1,ETHUSDT: no_bootstrap_ci_excludes_zero,BTCUSDT: bootstrap_sharpe_ci_excludes_zero (2/6);BTCUSDT: beats_buy_and_hold (3/6);BTCUSDT: survives_drop_top_trades (3/6);ETHUSDT: bootstrap_sharpe_ci_excludes_zero (0/6);ETHUSDT: survives_double_costs (2/6);ETHUSDT: survives_drop_top_trades (0/6),0.24075765303400468,0.24075765303400468,0.2722843053205353,True,False,True,False,False,True,True,False,False,True,False,True
momentum,1,1,0.3,16,REJECTED,False,0,,BTCUSDT: bootstrap_sharpe_ci_excludes_zero (2/6);BTCUSDT: survives_drop_top_trades (3/6);ETHUSDT: bootstrap_sharpe_ci_excludes_zero (1/6);ETHUSDT: survives_drop_top_trades (2/6),0.5570516345962655,0.5570516345962655,1.0145509767222278,True,False,True,True,False,True,True,False,True,True,False,True
momentum,1,1,0.3,17,REJECTED,False,0,,BTCUSDT: bootstrap_sharpe_ci_excludes_zero (2/6);BTCUSDT: beats_buy_and_hold (5/6);BTCUSDT: survives_drop_top_trades (4/6);ETHUSDT: bootstrap_sharpe_ci_excludes_zero (1/6);ETHUSDT: survives_double_costs (5/6);ETHUSDT: survives_drop_top_trades (2/6),0.41538353302443876,0.41538353302443876,0.6901817324412767,True,False,True,False,False,True,True,False,False,True,False,True
momentum,1,1,0.3,18,REJECTED,False,1,BTCUSDT: no_bootstrap_ci_excludes_zero,BTCUSDT: bootstrap_sharpe_ci_excludes_zero (0/6);BTCUSDT: survives_double_costs (5/6);BTCUSDT: beats_buy_and_hold (4/6);BTCUSDT: survives_drop_top_trades (2/6);ETHUSDT: bootstrap_sharpe_ci_excludes_zero (1/6);ETHUSDT: survives_double_costs (3/6);ETHUSDT: survives_drop_top_trades (2/6),0.2677137465553702,0.2677137465553702,0.30840016573224205,True,False,False,False,False,True,True,False,False,True,False,True
momentum,1,1,0.3,19,REJECTED,False,1,ETHUSDT: no_bootstrap_ci_excludes_zero,BTCUSDT: bootstrap_sharpe_ci_excludes_zero (2/6);BTCUSDT: survives_double_costs (5/6);BTCUSDT: beats_buy_and_hold (5/6);BTCUSDT: survives_drop_top_trades (3/6);ETHUSDT: bootstrap_sharpe_ci_excludes_zero (0/6);ETHUSDT: survives_double_costs (5/6);ETHUSDT: survives_drop_top_trades (0/6),0.39826854395961675,0.39826854395961675,0.5308147055509476,True,False,False,False,False,True,True,False,False,True,False,True
momentum,1,1,0.3,20,REJECTED,False,0,,BTCUSDT: bootstrap_sharpe_ci_excludes_zero (4/6);BTCUSDT: survives_double_costs (4/6);BTCUSDT: beats_buy_and_hold (4/6);BTCUSDT: survives_drop_top_trades (4/6);ETHUSDT: positive_total_return (4/6);ETHUSDT: bootstrap_sharpe_ci_excludes_zero (1/6);ETHUSDT: survives_double_costs (4/6);ETHUSDT: survives_drop_top_trades (1/6),0.40802364039511485,0.40802364039511485,0.7236509057280707,True,False,False,False,False,True,False,False,False,True,False,True
momentum,1,1,0.3,21,REJECTED,False,2,BTCUSDT: no_bootstrap_ci_excludes_zero;ETHUSDT: no_bootstrap_ci_excludes_zero,BTCUSDT: bootstrap_sharpe_ci_excludes_zero (0/6);BTCUSDT: survives_double_costs (3/6);BTCUSDT: beats_buy_and_hold (2/6);BTCUSDT: survives_drop_top_trades (2/6);ETHUSDT: bootstrap_sharpe_ci_excludes_zero (0/6);ETHUSDT: survives_double_costs (5/6);ETHUSDT: survives_drop_top_trades (1/6),0.3010381935238119,0.3010381935238119,0.2615099243832746,True,False,False,False,False,True,True,False,False,True,False,True
momentum,1,1,0.3,22,REJECTED,False,1,BTCUSDT: no_bootstrap_ci_excludes_zero,BTCUSDT: positive_total_return (5/6);BTCUSDT: bootstrap_sharpe_ci_excludes_zero (0/6);BTCUSDT: survives_double_costs (5/6);BTCUSDT: beats_buy_and_hold (3/6);BTCUSDT: survives_drop_top_trades (3/6);ETHUSDT: bootstrap_sharpe_ci_excludes_zero (1/6);ETHUSDT: survives_double_costs (5/6);ETHUSDT: survives_drop_top_trades (2/6),0.21114133659530795,0.21114133659530795,0.3108124993272811,False,False,False,False,False,True,True,False,False,True,False,True
momentum,1,1,0.3,23,REJECTED,False,0,,BTCUSDT: positive_total_return (5/6);BTCUSDT: bootstrap_sharpe_ci_excludes_zero (2/6);BTCUSDT: survives_double_costs (4/6);BTCUSDT: beats_buy_and_hold (3/6);BTCUSDT: survives_drop_top_trades (2/6);ETHUSDT: bootstrap_sharpe_ci_excludes_zero (2/6);ETHUSDT: survives_drop_top_trades (2/6),0.37623414360372887,0.37623414360372887,0.5847024511832851,False,False,False,False,False,True,True,False,True,True,False,True
momentum,1,1,0.3,24,REJECTED,False,1,ETHUSDT: no_bootstrap_ci_excludes_zero,BTCUSDT: bootstrap_sharpe_ci_excludes_zero (2/6);BTCUSDT: beats_buy_and_hold (5/6);BTCUSDT: survives_drop_top_trades (3/6);ETHUSDT: bootstrap_sharpe_ci_excludes_zero (0/6);ETHUSDT: survives_drop_top_trades (3/6),0.47437509133275507,0.47437509133275507,0.7504624283611132,True,False,True,False,False,True,True,False,True,True,False,True
momentum,1,1,0.3,25,REJECTED,False,1,ETHUSDT: no_bootstrap_ci_excludes_zero,BTCUSDT: positive_total_return (5/6);BTCUSDT: bootstrap_sharpe_ci_excludes_zero (1/6);BTCUSDT: survives_double_costs (3/6);BTCUSDT: beats_buy_and_hold (3/6);BTCUSDT: survives_drop_top_trades (2/6);ETHUSDT: positive_total_return (4/6);ETHUSDT: bootstrap_sharpe_ci_excludes_zero (0/6);ETHUSDT: survives_double_costs (4/6);ETHUSDT: survives_drop_top_trades (1/6),0.20727382790217588,0.20727382790217588,0.24180722062248572,False,False,False,False,False,True,False,False,False,True,False,True
momentum,1,1,0.3,26,REJECTED,False,1,BTCUSDT: no_bootstrap_ci_excludes_zero,BTCUSDT: positive_total_return (5/6);BTCUSDT: bootstrap_sharpe_ci_excludes_zero (0/6);BTCUSDT: survives_double_costs (3/6);BTCUSDT: beats_buy_and_hold (2/6);BTCUSDT: survives_drop_top_trades (1/6);ETHUSDT: bootstrap_sharpe_ci_excludes_zero (1/6);ETHUSDT: survives_double_costs (5/6);ETHUSDT: survives_drop_top_trades (2/6),0.26572695835481586,0.26572695835481586,0.2710080540112132,False,False,False,False,False,True,True,False,False,True,False,True
momentum,1,1,0.3,27,REJECTED,False,2,BTCUSDT: no_bootstrap_ci_excludes_zero;ETHUSDT: no_bootstrap_ci_excludes_zero,BTCUSDT: positive_total_return (4/6);BTCUSDT: bootstrap_sharpe_ci_excludes_zero (0/6);BTCUSDT: survives_double_costs (3/6);BTCUSDT: beats_buy_and_hold (3/6);BTCUSDT: survives_drop_top_trades (1/6);ETHUSDT: positive_total_return (4/6);ETHUSDT: bootstrap_sharpe_ci_excludes_zero (0/6);ETHUSDT: survives_double_costs (4/6);ETHUSDT: survives_drop_top_trades (0/6),0.10424301771518887,0.10424301771518887,0.07485242997121307,False,False,False,False,False,True,False,False,False,True,False,True
momentum,1,1,0.3,28,REJECTED,False,2,BTCUSDT: no_bootstrap_ci_excludes_zero;ETHUSDT: no_bootstrap_ci_excludes_zero,BTCUSDT: bootstrap_sharpe_ci_excludes_zero (0/6);BTCUSDT: survives_double_costs (3/6);BTCUSDT: beats_buy_and_hold (1/6);BTCUSDT: survives_drop_top_trades (0/6);ETHUSDT: positive_total_return (3/6);ETHUSDT: bootstrap_sharpe_ci_excludes_zero (0/6);ETHUSDT: survives_double_costs (1/6);ETHUSDT: survives_drop_top_trades (0/6),0.16507215964854546,0.16507215964854546,0.06316133643250776,True,False,False,False,False,True,False,False,False,True,False,True
momentum,1,1,0.3,29,REJECTED,False,2,BTCUSDT: no_bootstrap_ci_excludes_zero;ETHUSDT: no_bootstrap_ci_excludes_zero,BTCUSDT: bootstrap_sharpe_ci_excludes_zero (0/6);BTCUSDT: survives_drop_top_trades (1/6);ETHUSDT: bootstrap_sharpe_ci_excludes_zero (0/6);ETHUSDT: survives_drop_top_trades (1/6),0.43834420050777556,0.43834420050777556,0.48524618727272256,True,False,True,True,False,True,True,False,True,True,False,True
momentum,1,1,0.3,30,REJECTED,False,1,ETHUSDT: no_bootstrap_ci_excludes_zero,BTCUSDT: bootstrap_sharpe_ci_excludes_zero (2/6);BTCUSDT: survives_double_costs (4/6);BTCUSDT: beats_buy_and_hold (4/6);BTCUSDT: survives_drop_top_trades (3/6);ETHUSDT: bootstrap_sharpe_ci_excludes_zero (0/6);ETHUSDT: survives_double_costs (5/6);ETHUSDT: survives_drop_top_trades (0/6),0.3708053694986804,0.3708053694986804,0.41390742783258166,True,False,False,False,False,True,True,False,False,True,False,True
momentum,1,1,0.3,31,REJECTED,False,0,,BTCUSDT: bootstrap_sharpe_ci_excludes_zero (2/6);BTCUSDT: survives_double_costs (3/6);BTCUSDT: beats_buy_and_hold (3/6);BTCUSDT: survives_drop_top_trades (3/6);ETHUSDT: positive_total_return (4/6);ETHUSDT: bootstrap_sharpe_ci_excludes_zero (1/6);ETHUSDT: survives_double_costs (3/6);ETHUSDT: beats_buy_and_hold (5/6);ETHUSDT: survives_drop_top_trades (1/6),0.25030082310760954,0.25030082310760954,0.5432018339777457,True,False,False,False,False,True,False,False,False,False,False,True
momentum,1,1,0.3,32,REJECTED,False,0,,BTCUSDT: positive_total_return (3/6);BTCUSDT: bootstrap_sharpe_ci_excludes_zero (1/6);BTCUSDT: survives_double_costs (2/6);BTCUSDT: beats_buy_and_hold (2/6);BTCUSDT: survives_drop_top_trades (2/6);ETHUSDT: positive_total_return (5/6);ETHUSDT: bootstrap_sharpe_ci_excludes_zero (2/6);ETHUSDT: survives_double_costs (4/6);ETHUSDT: beats_buy_and_hold (5/6);ETHUSDT: survives_drop_top_trades (2/6),0.24167926142250887,0.24167926142250887,0.5483312983720601,False,False,False,False,False,True,False,False,False,False,False,True
momentum,1,1,0.3,33,REJECTED,False,0,,BTCUSDT: bootstrap_sharpe_ci_excludes_zero (2/6);BTCUSDT: survives_double_costs (4/6);BTCUSDT: beats_buy_and_hold (3/6);BTCUSDT: survives_drop_top_trades (3/6);ETHUSDT: bootstrap_sharpe_ci_excludes_zero (1/6);ETHUSDT: survives_double_costs (5/6);ETHUSDT: survives_drop_top_trades (2/6),0.3696904989728589,0.3696904989728589,0.5415087392292848,True,False,False,False,False,True,True,False,False,True,False,True
momentum,1,1,0.3,34,REJECTED,False,1,BTCUSDT: no_bootstrap_ci_excludes_zero,BTCUSDT: bootstrap_sharpe_ci_excludes_zero (0/6);BTCUSDT: survives_double_costs (2/6);BTCUSDT: beats_buy_and_hold (2/6);BTCUSDT: survives_drop_top_trades (0/6);ETHUSDT: bootstrap_sharpe_ci_excludes_zero (1/6);ETHUSDT: survives_double_costs (4/6);ETHUSDT: survives_drop_top_trades (1/6),0.28677844972933464,0.28677844972933464,0.3128155669335343,True,False,False,False,False,True,True,False,False,True,False,True
momentum,1,1,0.3,35,REJECTED,False,0,,BTCUSDT: positive_total_return (4/6);BTCUSDT: bootstrap_sharpe_ci_excludes_zero (2/6);BTCUSDT: survives_double_costs (4/6);BTCUSDT: beats_buy_and_hold (4/6);BTCUSDT: survives_drop_top_trades (2/6);ETHUSDT: bootstrap_sharpe_ci_excludes_zero (3/6);ETHUSDT: survives_drop_top_trades (3/6),0.2924418341769733,0.2924418341769733,0.643650620841955,False,False,False,False,False,True,True,False,True,True,False,True
momentum,1,1,0.3,36,REJECTED,False,2,BTCUSDT: no_bootstrap_ci_excludes_zero;ETHUSDT: no_bootstrap_ci_excludes_zero,BTCUSDT: bootstrap_sharpe_ci_excludes_zero (0/6);BTCUSDT: survives_double_costs (5/6);BTCUSDT: beats_buy_and_hold (5/6);BTCUSDT: survives_drop_top_trades (2/6);ETHUSDT: bootstrap_sharpe_ci_excludes_zero (0/6);ETHUSDT: survives_drop_top_trades (3/6),0.4830093741120839,0.4830093741120839,0.5966533629352735,True,False,False,False,False,True,True,False,True,True,False,True
momentum,1,1,0.3,37,REJECTED,False,1,BTCUSDT: no_bootstrap_ci_excludes_zero,BTCUSDT: bootstrap_sharpe_ci_excludes_zero (0/6);BTCUSDT: survives_double_costs (4/6);BTCUSDT: beats_buy_and_hold (4/6);BTCUSDT: survives_drop_top_trades (3/6);ETHUSDT: bootstrap_sharpe_ci_excludes_zero (1/6);ETHUSDT: survives_drop_top_trades (2/6),0.45919868904324296,0.45919868904324296,0.6526330998842603,True,False,False,False,False,True,True,False,True,True,False,True
momentum,1,1,0.3,38,REJECTED,False,1,ETHUSDT: no_bootstrap_ci_excludes_zero,BTCUSDT: bootstrap_sharpe_ci_excludes_zero (1/6);BTCUSDT: survives_double_costs (5/6);BTCUSDT: beats_buy_and_hold (4/6);BTCUSDT: survives_drop_top_trades (2/6);ETHUSDT: positive_total_return (5/6);ETHUSDT: bootstrap_sharpe_ci_excludes_zero (0/6);ETHUSDT: survives_double_costs (4/6);ETHUSDT: survives_drop_top_trades (1/6),0.3863487266986448,0.3863487266986448,0.4271695488927952,True,False,False,False,False,True,False,False,False,True,False,True
momentum,1,1,0.3,39,REJECTED,False,0,,BTCUSDT: positive_total_return (4/6);BTCUSDT: bootstrap_sharpe_ci_excludes_zero (1/6);BTCUSDT: survives_double_costs (3/6);BTCUSDT: beats_buy_and_hold (2/6);BTCUSDT: survives_drop_top_trades (2/6);ETHUSDT: positive_total_return (5/6);ETHUSDT: bootstrap_sharpe_ci_excludes_zero (1/6);ETHUSDT: survives_double_costs (5/6);ETHUSDT: survives_drop_top_trades (2/6),0.22006579577808746,0.22006579577808746,0.4295383194841417,False,False,False,False,False,True,False,False,False,True,False,True
momentum,1,1,0.3,40,REJECTED,False,0,,BTCUSDT: bootstrap_sharpe_ci_excludes_zero (2/6);BTCUSDT: survives_double_costs (5/6);BTCUSDT: beats_buy_and_hold (4/6);BTCUSDT: survives_drop_top_trades (2/6);ETHUSDT: bootstrap_sharpe_ci_excludes_zero (1/6);ETHUSDT: survives_drop_top_trades (3/6),0.40302510364050026,0.40302510364050026,0.5368437361618552,True,False,False,False,False,True,True,False,True,True,False,True
momentum,1,1,0.3,41,REJECTED,False,2,BTCUSDT: no_bootstrap_ci_excludes_zero;ETHUSDT: no_bootstrap_ci_excludes_zero,BTCUSDT: bootstrap_sharpe_ci_excludes_zero (0/6);BTCUSDT: survives_double_costs (3/6);BTCUSDT: beats_buy_and_hold (3/6);BTCUSDT: survives_drop_top_trades (3/6);ETHUSDT: positive_total_return (3/6);ETHUSDT: bootstrap_sharpe_ci_excludes_zero (0/6);ETHUSDT: survives_double_costs (3/6);ETHUSDT: survives_drop_top_trades (2/6),0.242708932791693,0.242708932791693,0.28944725016584755,True,False,False,False,False,True,False,False,False,True,False,True
momentum,1,1,0.3,42,REJECTED,False,2,BTCUSDT: no_bootstrap_ci_excludes_zero;ETHUSDT: no_bootstrap_ci_excludes_zero,BTCUSDT: bootstrap_sharpe_ci_excludes_zero (0/6);BTCUSDT: survives_double_costs (4/6);BTCUSDT: beats_buy_and_hold (2/6);BTCUSDT: survives_drop_top_trades (1/6);ETHUSDT: positive_total_return (5/6);ETHUSDT: bootstrap_sharpe_ci_excludes_zero (0/6);ETHUSDT: survives_double_costs (3/6);ETHUSDT: beats_buy_and_hold (5/6);ETHUSDT: survives_drop_top_trades (0/6),0.1753899432600019,0.1753899432600019,0.15334143545944495,True,False,False,False,False,True,False,False,False,False,False,True
momentum,1,1,0.3,43,REJECTED,False,2,BTCUSDT: no_bootstrap_ci_excludes_zero;ETHUSDT: no_bootstrap_ci_excludes_zero,BTCUSDT: bootstrap_sharpe_ci_excludes_zero (0/6);BTCUSDT: survives_double_costs (3/6);BTCUSDT: beats_buy_and_hold (2/6);BTCUSDT: survives_drop_top_trades (1/6);ETHUSDT: bootstrap_sharpe_ci_excludes_zero (0/6);ETHUSDT: survives_double_costs (4/6);ETHUSDT: survives_drop_top_trades (0/6),0.28706299882052155,0.28706299882052155,0.2730582177647138,True,False,False,False,False,True,True,False,False,True,False,True
momentum,1,1,0.3,44,REJECTED,False,2,BTCUSDT: no_bootstrap_ci_excludes_zero;ETHUSDT: no_bootstrap_ci_excludes_zero,BTCUSDT: positive_total_return (5/6);BTCUSDT: bootstrap_sharpe_ci_excludes_zero (0/6);BTCUSDT: survives_double_costs (1/6);BTCUSDT: beats_buy_and_hold (1/6);BTCUSDT: survives_drop_top_trades (1/6);ETHUSDT: positive_total_return (3/6);ETHUSDT: bootstrap_sharpe_ci_excludes_zero (0/6);ETHUSDT: survives_double_costs (3/6);ETHUSDT: beats_buy_and_hold (4/6);ETHUSDT: survives_drop_top_trades (1/6),-0.008826615947330854,-0.008826615947330854,-0.0471029835597359,False,False,False,False,False,True,False,False,False,False,False,True
momentum,1,1,0.3,45,REJECTED,False,2,BTCUSDT: no_bootstrap_ci_excludes_zero;ETHUSDT: no_bootstrap_ci_excludes_zero,BTCUSDT: positive_total_return (4/6);BTCUSDT: bootstrap_sharpe_ci_excludes_zero (0/6);BTCUSDT: survives_double_costs (1/6);BTCUSDT: beats_buy_and_hold (1/6);BTCUSDT: survives_drop_top_trades (1/6);ETHUSDT: bootstrap_sharpe_ci_excludes_zero (0/6);ETHUSDT: survives_double_costs (5/6);ETHUSDT: survives_drop_top_trades (0/6),0.05058397852475609,0.05058397852475609,0.06691148450430606,False,False,False,False,False,True,True,False,False,True,False,True
momentum,1,1,0.3,46,REJECTED,False,1,ETHUSDT: no_bootstrap_ci_excludes_zero,BTCUSDT: bootstrap_sharpe_ci_excludes_zero (1/6);BTCUSDT: survives_double_costs (4/6);BTCUSDT: beats_buy_and_hold (3/6);BTCUSDT: survives_drop_top_trades (3/6);ETHUSDT: bootstrap_sharpe_ci_excludes_zero (0/6);ETHUSDT: survives_double_costs (5/6);ETHUSDT: survives_drop_top_trades (1/6),0.28647230695842896,0.28647230695842896,0.3633401296211244,True,False,False,False,False,True,True,False,False,True,False,True
momentum,1,1,0.3,47,REJECTED,False,2,BTCUSDT: no_bootstrap_ci_excludes_zero;ETHUSDT: no_bootstrap_ci_excludes_zero,BTCUSDT: bootstrap_sharpe_ci_excludes_zero (0/6);BTCUSDT: survives_double_costs (1/6);BTCUSDT: beats_buy_and_hold (1/6);BTCUSDT: survives_drop_top_trades (0/6);BTCUSDT: not_confined_to_one_fold (5/6);ETHUSDT: bootstrap_sharpe_ci_excludes_zero (0/6);ETHUSDT: survives_double_costs (4/6);ETHUSDT: survives_drop_top_trades (2/6),0.21005069353659295,0.21005069353659295,0.21067666961112042,True,False,False,False,False,False,True,False,False,True,False,True
momentum,1,1,0.3,48,REJECTED,False,0,,BTCUSDT: bootstrap_sharpe_ci_excludes_zero (2/6);BTCUSDT: beats_buy_and_hold (4/6);BTCUSDT: survives_drop_top_trades (2/6);ETHUSDT: bootstrap_sharpe_ci_excludes_zero (3/6);ETHUSDT: survives_double_costs (5/6);ETHUSDT: survives_drop_top_trades (3/6),0.49195283982465526,0.49195283982465526,0.9914648174587943,True,False,True,False,False,True,True,False,False,True,False,True
momentum,1,1,0.3,49,REJECTED,False,2,BTCUSDT: no_bootstrap_ci_excludes_zero;ETHUSDT: no_bootstrap_ci_excludes_zero,BTCUSDT: positive_total_return (5/6);BTCUSDT: bootstrap_sharpe_ci_excludes_zero (0/6);BTCUSDT: survives_double_costs (4/6);BTCUSDT: beats_buy_and_hold (3/6);BTCUSDT: survives_drop_top_trades (1/6);ETHUSDT: bootstrap_sharpe_ci_excludes_zero (0/6);ETHUSDT: survives_drop_top_trades (0/6),0.20806158122997997,0.20806158122997997,0.20675717717313274,False,False,False,False,False,True,True,False,True,True,False,True
momentum,1,2,0.5,0,REJECTED,False,1,BTCUSDT: no_bootstrap_ci_excludes_zero,BTCUSDT: bootstrap_sharpe_ci_excludes_zero (0/6);BTCUSDT: survives_drop_top_trades (4/6);ETHUSDT: bootstrap_sharpe_ci_excludes_zero (1/6);ETHUSDT: survives_double_costs (5/6);ETHUSDT: survives_drop_top_trades (3/6),0.49803812296389394,0.49803812296389394,0.6606830963333844,True,False,True,True,False,True,True,False,False,True,False,True
momentum,1,2,0.5,1,REJECTED,False,1,BTCUSDT: no_bootstrap_ci_excludes_zero,BTCUSDT: bootstrap_sharpe_ci_excludes_zero (0/6);BTCUSDT: beats_buy_and_hold (5/6);BTCUSDT: survives_drop_top_trades (3/6);ETHUSDT: bootstrap_sharpe_ci_excludes_zero (1/6);ETHUSDT: survives_drop_top_trades (2/6),0.4442697822766095,0.4442697822766095,0.6024146599654603,True,False,True,False,False,True,True,False,True,True,False,True
momentum,1,2,0.5,2,REJECTED,False,0,,BTCUSDT: bootstrap_sharpe_ci_excludes_zero (3/6);BTCUSDT: survives_drop_top_trades (4/6);ETHUSDT: bootstrap_sharpe_ci_excludes_zero (4/6);ETHUSDT: survives_drop_top_trades (3/6),0.6171180668344218,0.6171180668344218,1.0352866201786657,True,False,True,True,False,True,True,False,True,True,False,True
momentum,1,2,0.5,3,REJECTED,False,0,,BTCUSDT: bootstrap_sharpe_ci_excludes_zero (1/6);BTCUSDT: beats_buy_and_hold (5/6);BTCUSDT: survives_drop_top_trades (3/6);ETHUSDT: bootstrap_sharpe_ci_excludes_zero (1/6);ETHUSDT: survives_double_costs (5/6);ETHUSDT: survives_drop_top_trades (1/6),0.4846820052844231,0.4846820052844231,0.5963494115555483,True,False,True,False,False,True,True,False,False,True,False,True
momentum,1,2,0.5,4,REJECTED,False,0,,BTCUSDT: bootstrap_sharpe_ci_excludes_zero (4/6);BTCUSDT: survives_drop_top_trades (5/6);ETHUSDT: bootstrap_sharpe_ci_excludes_zero (5/6),0.8958249554693947,0.8958249554693947,2.457301416649587,True,False,True,True,False,True,True,False,True,True,True,True
momentum,1,2,0.5,5,REJECTED,False,0,,BTCUSDT: bootstrap_sharpe_ci_excludes_zero (1/6);BTCUSDT: survives_double_costs (4/6);BTCUSDT: beats_buy_and_hold (3/6);BTCUSDT: survives_drop_top_trades (3/6);ETHUSDT: bootstrap_sharpe_ci_excludes_zero (1/6);ETHUSDT: survives_double_costs (5/6);ETHUSDT: survives_drop_top_trades (1/6),0.23059030569898722,0.23059030569898722,0.31296962556440316,True,False,False,False,False,True,True,False,False,True,False,True
momentum,1,2,0.5,6,REJECTED,False,0,,BTCUSDT: bootstrap_sharpe_ci_excludes_zero (2/6);BTCUSDT: survives_double_costs (5/6);BTCUSDT: beats_buy_and_hold (5/6);BTCUSDT: survives_drop_top_trades (3/6);ETHUSDT: bootstrap_sharpe_ci_excludes_zero (2/6);ETHUSDT: survives_drop_top_trades (4/6),0.5485819475580944,0.5485819475580944,0.9212625539074167,True,False,False,False,False,True,True,False,True,True,False,True
momentum,1,2,0.5,7,REJECTED,False,0,,BTCUSDT: bootstrap_sharpe_ci_excludes_zero (1/6);BTCUSDT: beats_buy_and_hold (5/6);BTCUSDT: survives_drop_top_trades (1/6);ETHUSDT: bootstrap_sharpe_ci_excludes_zero (2/6);ETHUSDT: survives_double_costs (5/6);ETHUSDT: survives_drop_top_trades (3/6),0.46904539468106793,0.46904539468106793,1.1381274162705899,True,False,True,False,False,True,True,False,False,True,False,True
momentum,1,2,0.5,8,REJECTED,False,0,,BTCUSDT: bootstrap_sharpe_ci_excludes_zero (2/6);BTCUSDT: survives_drop_top_trades (5/6);ETHUSDT: bootstrap_sharpe_ci_excludes_zero (1/6);ETHUSDT: survives_drop_top_trades (1/6),0.6565778623577747,0.6565778623577747,1.0318697301580233,True,False,True,True,False,True,True,False,True,True,False,True
momentum,1,2,0.5,9,REJECTED,False,0,,BTCUSDT: bootstrap_sharpe_ci_excludes_zero (1/6);BTCUSDT: survives_double_costs (5/6);BTCUSDT: beats_buy_and_hold (5/6);BTCUSDT: survives_drop_top_trades (1/6);ETHUSDT: bootstrap_sharpe_ci_excludes_zero (1/6);ETHUSDT: survives_drop_top_trades (3/6),0.5128283438025945,0.5128283438025945,0.790470218808354,True,False,False,False,False,True,True,False,True,True,False,True
momentum,1,2,0.5,10,REJECTED,False,0,,BTCUSDT: bootstrap_sharpe_ci_excludes_zero (1/6);BTCUSDT: beats_buy_and_hold (5/6);BTCUSDT: survives_drop_top_trades (3/6);ETHUSDT: bootstrap_sharpe_ci_excludes_zero (2/6);ETHUSDT: survives_drop_top_trades (3/6),0.584304315258228,0.584304315258228,1.312428024538732,True,False,True,False,False,True,True,False,True,True,False,True
momentum,1,2,0.5,11,REJECTED,False,0,,BTCUSDT: bootstrap_sharpe_ci_excludes_zero (1/6);BTCUSDT: survives_drop_top_trades (3/6);ETHUSDT: bootstrap_sharpe_ci_excludes_zero (1/6);ETHUSDT: survives_drop_top_trades (1/6),0.5312205970291581,0.5312205970291581,0.6804815056582616,True,False,True,True,False,True,True,False,True,True,False,True
momentum,1,2,0.5,12,REJECTED,False,3,BTCUSDT: no_bootstrap_ci_excludes_zero;ETHUSDT: no_bootstrap_ci_excludes_zero;ETHUSDT: confined_to_one_fold,BTCUSDT: bootstrap_sharpe_ci_excludes_zero (0/6);BTCUSDT: survives_double_costs (3/6);BTCUSDT: beats_buy_and_hold (2/6);BTCUSDT: survives_drop_top_trades (1/6);ETHUSDT: bootstrap_sharpe_ci_excludes_zero (0/6);ETHUSDT: survives_double_costs (4/6);ETHUSDT: survives_drop_top_trades (1/6);ETHUSDT: not_confined_to_one_fold (4/6),0.32486832859359066,0.32486832859359066,0.28807044867197307,True,False,False,False,False,True,True,False,False,True,False,False
momentum,1,2,0.5,13,REJECTED,False,0,,BTCUSDT: bootstrap_sharpe_ci_excludes_zero (4/6);BTCUSDT: survives_drop_top_trades (5/6);ETHUSDT: bootstrap_sharpe_ci_excludes_zero (4/6);ETHUSDT: survives_drop_top_trades (4/6),0.7499965579528449,0.7499965579528449,1.3418043057071065,True,False,True,True,False,True,True,False,True,True,False,True
momentum,1,2,0.5,14,REJECTED,False,0,,BTCUSDT: bootstrap_sharpe_ci_excludes_zero (2/6);BTCUSDT: beats_buy_and_hold (5/6);BTCUSDT: survives_drop_top_trades (4/6);ETHUSDT: bootstrap_sharpe_ci_excludes_zero (1/6);ETHUSDT: survives_drop_top_trades (3/6),0.5735335356965503,0.5735335356965503,0.8511113244720934,True,False,True,False,False,True,True,False,True,True,False,True
momentum,1,2,0.5,15,REJECTED,False,1,BTCUSDT: no_bootstrap_ci_excludes_zero,BTCUSDT: bootstrap_sharpe_ci_excludes_zero (0/6);BTCUSDT: survives_double_costs (5/6);BTCUSDT: beats_buy_and_hold (3/6);BTCUSDT: survives_drop_top_trades (2/6);ETHUSDT: bootstrap_sharpe_ci_excludes_zero (2/6);ETHUSDT: survives_drop_top_trades (2/6),0.39776526188851535,0.39776526188851535,0.5416802092292524,True,False,False,False,False,True,True,False,True,True,False,True
momentum,1,2,0.5,16,REJECTED,False,0,,BTCUSDT: bootstrap_sharpe_ci_excludes_zero (2/6);BTCUSDT: survives_drop_top_trades (5/6);ETHUSDT: bootstrap_sharpe_ci_excludes_zero (1/6);ETHUSDT: survives_drop_top_trades (2/6),0.6104727322767184,0.6104727322767184,1.1630765456502523,True,False,True,True,False,True,True,False,True,True,False,True
momentum,1,2,0.5,17,REJECTED,False,0,,BTCUSDT: bootstrap_sharpe_ci_excludes_zero (1/6);BTCUSDT: survives_double_costs (5/6);BTCUSDT: beats_buy_and_hold (4/6);BTCUSDT: survives_drop_top_trades (3/6);ETHUSDT: bootstrap_sharpe_ci_excludes_zero (2/6);ETHUSDT: survives_double_costs (4/6);ETHUSDT: survives_drop_top_trades (4/6),0.3205233749305331,0.3205233749305331,0.6068942937097104,True,False,False,False,False,True,True,False,False,True,False,True
momentum,1,2,0.5,18,REJECTED,False,0,,BTCUSDT: bootstrap_sharpe_ci_excludes_zero (3/6);BTCUSDT: survives_drop_top_trades (5/6);ETHUSDT: bootstrap_sharpe_ci_excludes_zero (2/6),0.659651872878616,0.659651872878616,1.1260718643844077,True,False,True,True,False,True,True,False,True,True,True,True
momentum,1,2,0.5,19,REJECTED,False,0,,BTCUSDT: positive_total_return (5/6);BTCUSDT: bootstrap_sharpe_ci_excludes_zero (2/6);BTCUSDT: survives_double_costs (5/6);BTCUSDT: beats_buy_and_hold (5/6);BTCUSDT: survives_drop_top_trades (3/6);ETHUSDT: bootstrap_sharpe_ci_excludes_zero (2/6);ETHUSDT: survives_double_costs (4/6);ETHUSDT: survives_drop_top_trades (2/6),0.32243292394421835,0.32243292394421835,0.6295604170664018,False,False,False,False,False,True,True,False,False,True,False,True
momentum,1,2,0.5,20,REJECTED,False,1,BTCUSDT: no_bootstrap_ci_excludes_zero,BTCUSDT: bootstrap_sharpe_ci_excludes_zero (0/6);BTCUSDT: survives_double_costs (5/6);BTCUSDT: beats_buy_and_hold (5/6);BTCUSDT: survives_drop_top_trades (2/6);ETHUSDT: bootstrap_sharpe_ci_excludes_zero (1/6);ETHUSDT: survives_drop_top_trades (1/6);ETHUSDT: not_confined_to_one_fold (5/6),0.3679382382536255,0.3679382382536255,0.4282831977483116,True,False,False,False,False,True,True,False,True,True,False,False
momentum,1,2,0.5,21,REJECTED,False,0,,BTCUSDT: bootstrap_sharpe_ci_excludes_zero (1/6);BTCUSDT: survives_double_costs (3/6);BTCUSDT: beats_buy_and_hold (3/6);BTCUSDT: survives_drop_top_trades (2/6);ETHUSDT: bootstrap_sharpe_ci_excludes_zero (1/6);ETHUSDT: survives_double_costs (4/6);ETHUSDT: survives_drop_top_trades (2/6),0.37520959782367796,0.37520959782367796,0.5386471051232367,True,False,False,False,False,True,True,False,False,True,False,True
momentum,1,2,0.5,22,REJECTED,False,0,,BTCUSDT: bootstrap_sharpe_ci_excludes_zero (1/6);BTCUSDT: survives_drop_top_trades (4/6);ETHUSDT: bootstrap_sharpe_ci_excludes_zero (2/6);ETHUSDT: survives_drop_top_trades (2/6),0.626703140211647,0.626703140211647,1.1337093271393424,True,False,True,True,False,True,True,False,True,True,False,True
momentum,1,2,0.5,23,REJECTED,False,0,,BTCUSDT: positive_total_return (5/6);BTCUSDT: bootstrap_sharpe_ci_excludes_zero (4/6);BTCUSDT: survives_double_costs (5/6);BTCUSDT: beats_buy_and_hold (5/6);BTCUSDT: survives_drop_top_trades (4/6);ETHUSDT: bootstrap_sharpe_ci_excludes_zero (1/6);ETHUSDT: survives_drop_top_trades (5/6),0.409349601667638,0.409349601667638,0.7661496040900321,False,False,False,False,False,True,True,False,True,True,False,True
momentum,1,2,0.5,24,REJECTED,False,0,,BTCUSDT: bootstrap_sharpe_ci_excludes_zero (2/6);BTCUSDT: survives_double_costs (5/6);BTCUSDT: beats_buy_and_hold (5/6);BTCUSDT: survives_drop_top_trades (2/6);ETHUSDT: bootstrap_sharpe_ci_excludes_zero (1/6);ETHUSDT: survives_double_costs (4/6);ETHUSDT: survives_drop_top_trades (2/6),0.4142962483705289,0.4142962483705289,0.5557530028094118,True,False,False,False,False,True,True,False,False,True,False,True
momentum,1,2,0.5,25,REJECTED,False,0,,BTCUSDT: bootstrap_sharpe_ci_excludes_zero (1/6);BTCUSDT: beats_buy_and_hold (5/6);BTCUSDT: survives_drop_top_trades (3/6);ETHUSDT: bootstrap_sharpe_ci_excludes_zero (1/6);ETHUSDT: survives_drop_top_trades (3/6),0.5842729622943521,0.5842729622943521,0.8109249142623725,True,False,True,False,False,True,True,False,True,True,False,True
momentum,1,2,0.5,26,REJECTED,False,0,,BTCUSDT: bootstrap_sharpe_ci_excludes_zero (1/6);BTCUSDT: beats_buy_and_hold (4/6);BTCUSDT: survives_drop_top_trades (2/6);ETHUSDT: bootstrap_sharpe_ci_excludes_zero (1/6);ETHUSDT: survives_drop_top_trades (3/6),0.5525927100091178,0.5525927100091178,0.759840784254817,True,False,True,False,False,True,True,False,True,True,False,True
momentum,1,2,0.5,27,REJECTED,False,1,ETHUSDT: no_bootstrap_ci_excludes_zero,BTCUSDT: bootstrap_sharpe_ci_excludes_zero (1/6);BTCUSDT: beats_buy_and_hold (3/6);BTCUSDT: survives_drop_top_trades (1/6);ETHUSDT: bootstrap_sharpe_ci_excludes_zero (0/6);ETHUSDT: survives_double_costs (5/6);ETHUSDT: survives_drop_top_trades (1/6),0.25314670767969993,0.25314670767969993,0.2683646619355816,True,False,True,False,False,True,True,False,False,True,False,True
momentum,1,2,0.5,28,REJECTED,False,1,BTCUSDT: no_bootstrap_ci_excludes_zero,BTCUSDT: bootstrap_sharpe_ci_excludes_zero (0/6);BTCUSDT: beats_buy_and_hold (5/6);BTCUSDT: survives_drop_top_trades (2/6);ETHUSDT: bootstrap_sharpe_ci_excludes_zero (2/6);ETHUSDT: survives_drop_top_trades (2/6),0.4284034422981155,0.4284034422981155,0.5662019066616608,True,False,True,False,False,True,True,False,True,True,False,True
momentum,1,2,0.5,29,REJECTED,False,1,BTCUSDT: no_bootstrap_ci_excludes_zero,BTCUSDT: bootstrap_sharpe_ci_excludes_zero (0/6);BTCUSDT: beats_buy_and_hold (5/6);BTCUSDT: survives_drop_top_trades (2/6);ETHUSDT: bootstrap_sharpe_ci_excludes_zero (1/6);ETHUSDT: survives_drop_top_trades (2/6),0.37372144925811235,0.37372144925811235,0.48575538374105165,True,False,True,False,False,True,True,False,True,True,False,True
momentum,1,2,0.5,30,REJECTED,False,0,,BTCUSDT: bootstrap_sharpe_ci_excludes_zero (2/6);BTCUSDT: survives_drop_top_trades (4/6);ETHUSDT: bootstrap_sharpe_ci_excludes_zero (2/6);ETHUSDT: survives_drop_top_trades (3/6),0.6627282245214621,0.6627282245214621,0.9833848568546992,True,False,True,True,False,True,True,False,True,True,False,True
momentum,1,2,0.5,31,REJECTED,False,0,,BTCUSDT: bootstrap_sharpe_ci_excludes_zero (1/6);BTCUSDT: survives_double_costs (4/6);BTCUSDT: beats_buy_and_hold (2/6);BTCUSDT: survives_drop_top_trades (1/6);ETHUSDT: positive_total_return (5/6);ETHUSDT: bootstrap_sharpe_ci_excludes_zero (3/6);ETHUSDT: survives_double_costs (5/6);ETHUSDT: survives_drop_top_trades (3/6),0.423146599051517,0.423146599051517,0.7075900408250485,True,False,False,False,False,True,False,False,False,True,False,True
momentum,1,2,0.5,32,REJECTED,False,2,BTCUSDT: no_bootstrap_ci_excludes_zero;ETHUSDT: no_bootstrap_ci_excludes_zero,BTCUSDT: positive_total_return (4/6);BTCUSDT: bootstrap_sharpe_ci_excludes_zero (0/6);BTCUSDT: survives_double_costs (3/6);BTCUSDT: beats_buy_and_hold (3/6);BTCUSDT: survives_drop_top_trades (1/6);ETHUSDT: bootstrap_sharpe_ci_excludes_zero (0/6);ETHUSDT: survives_double_costs (4/6);ETHUSDT: survives_drop_top_trades (1/6),0.2862543606090152,0.2862543606090152,0.2573373964728871,False,False,False,False,False,True,True,False,False,True,False,True
momentum,1,2,0.5,33,REJECTED,False,0,,BTCUSDT: bootstrap_sharpe_ci_excludes_zero (1/6);BTCUSDT: survives_drop_top_trades (4/6);ETHUSDT: bootstrap_sharpe_ci_excludes_zero (2/6);ETHUSDT: survives_drop_top_trades (4/6),0.5924299044173773,0.5924299044173773,0.951233719775509,True,False,True,True,False,True,True,False,True,True,False,True
momentum,1,2,0.5,34,REJECTED,False,0,,BTCUSDT: bootstrap_sharpe_ci_excludes_zero (1/6);BTCUSDT: survives_drop_top_trades (4/6);ETHUSDT: bootstrap_sharpe_ci_excludes_zero (1/6);ETHUSDT: survives_double_costs (4/6);ETHUSDT: survives_drop_top_trades (3/6),0.4859477405019376,0.4859477405019376,0.7258300378696376,True,False,True,True,False,True,True,False,False,True,False,True
momentum,1,2,0.5,35,REJECTED,False,0,,BTCUSDT: bootstrap_sharpe_ci_excludes_zero (4/6);BTCUSDT: survives_drop_top_trades (5/6);ETHUSDT: bootstrap_sharpe_ci_excludes_zero (3/6);ETHUSDT: survives_drop_top_trades (5/6),0.7269403150135998,0.7269403150135998,1.3602291329919394,True,False,True,True,False,True,True,False,True,True,False,True
momentum,1,2,0.5,36,REJECTED,False,2,BTCUSDT: no_bootstrap_ci_excludes_zero;ETHUSDT: no_bootstrap_ci_excludes_zero,BTCUSDT: bootstrap_sharpe_ci_excludes_zero (0/6);BTCUSDT: survives_double_costs (2/6);BTCUSDT: beats_buy_and_hold (2/6);BTCUSDT: survives_drop_top_trades (1/6);ETHUSDT: positive_total_return (5/6);ETHUSDT: bootstrap_sharpe_ci_excludes_zero (0/6);ETHUSDT: survives_double_costs (5/6);ETHUSDT: survives_drop_top_trades (1/6),0.21574163961336482,0.21574163961336482,0.17158871808345327,True,False,False,False,False,True,False,False,False,True,False,True
momentum,1,2,0.5,37,REJECTED,False,1,BTCUSDT: no_bootstrap_ci_excludes_zero,BTCUSDT: bootstrap_sharpe_ci_excludes_zero (0/6);BTCUSDT: survives_double_costs (4/6);BTCUSDT: beats_buy_and_hold (3/6);BTCUSDT: survives_drop_top_trades (2/6);ETHUSDT: bootstrap_sharpe_ci_excludes_zero (1/6);ETHUSDT: survives_drop_top_trades (1/6),0.4309870205462093,0.4309870205462093,0.5836095442112261,True,False,False,False,False,True,True,False,True,True,False,True
momentum,1,2,0.5,38,REJECTED,False,0,,BTCUSDT: bootstrap_sharpe_ci_excludes_zero (2/6);BTCUSDT: survives_drop_top_trades (3/6);ETHUSDT: bootstrap_sharpe_ci_excludes_zero (3/6);ETHUSDT: survives_drop_top_trades (4/6),0.6058791820854774,0.6058791820854774,0.9788284832760924,True,False,True,True,False,True,True,False,True,True,False,True
momentum,1,2,0.5,39,REJECTED,False,0,,BTCUSDT: bootstrap_sharpe_ci_excludes_zero (4/6);BTCUSDT: beats_buy_and_hold (5/6);BTCUSDT: survives_drop_top_trades (4/6);ETHUSDT: bootstrap_sharpe_ci_excludes_zero (2/6);ETHUSDT: survives_drop_top_trades (2/6),0.6606567971287629,0.6606567971287629,1.1017028654328498,True,False,True,False,False,True,True,False,True,True,False,True
momentum,1,2,0.5,40,REJECTED,False,0,,BTCUSDT: bootstrap_sharpe_ci_excludes_zero (1/6);BTCUSDT: survives_double_costs (4/6);BTCUSDT: beats_buy_and_hold (3/6);BTCUSDT: survives_drop_top_trades (1/6);ETHUSDT: positive_total_return (5/6);ETHUSDT: bootstrap_sharpe_ci_excludes_zero (2/6);ETHUSDT: survives_double_costs (5/6);ETHUSDT: survives_drop_top_trades (3/6),0.3665370647578168,0.3665370647578168,0.4914465391393339,True,False,False,False,False,True,False,False,False,True,False,True
momentum,1,2,0.5,41,REJECTED,False,1,ETHUSDT: no_bootstrap_ci_excludes_zero,BTCUSDT: positive_total_return (4/6);BTCUSDT: bootstrap_sharpe_ci_excludes_zero (2/6);BTCUSDT: survives_double_costs (4/6);BTCUSDT: beats_buy_and_hold (4/6);BTCUSDT: survives_drop_top_trades (4/6);ETHUSDT: bootstrap_sharpe_ci_excludes_zero (0/6);ETHUSDT: survives_double_costs (4/6);ETHUSDT: survives_drop_top_trades (1/6);ETHUSDT: not_confined_to_one_fold (5/6),0.26352937627635087,0.26352937627635087,0.3045223505875606,False,False,False,False,False,True,True,False,False,True,False,False
momentum,1,2,0.5,42,REJECTED,False,1,BTCUSDT: no_bootstrap_ci_excludes_zero,BTCUSDT: bootstrap_sharpe_ci_excludes_zero (0/6);BTCUSDT: survives_double_costs (4/6);BTCUSDT: beats_buy_and_hold (4/6);BTCUSDT: survives_drop_top_trades (3/6);ETHUSDT: bootstrap_sharpe_ci_excludes_zero (2/6);ETHUSDT: survives_drop_top_trades (2/6),0.3855505885625451,0.3855505885625451,0.5687885655014744,True,False,False,False,False,True,True,False,True,True,False,True
momentum,1,2,0.5,43,REJECTED,False,0,,BTCUSDT: bootstrap_sharpe_ci_excludes_zero (2/6);BTCUSDT: beats_buy_and_hold (5/6);BTCUSDT: survives_drop_top_trades (4/6);ETHUSDT: bootstrap_sharpe_ci_excludes_zero (4/6);ETHUSDT: survives_drop_top_trades (4/6),0.6623397766177118,0.6623397766177118,1.2283078495540638,True,False,True,False,False,True,True,False,True,True,False,True
momentum,1,2,0.5,44,REJECTED,False,1,ETHUSDT: no_bootstrap_ci_excludes_zero,BTCUSDT: bootstrap_sharpe_ci_excludes_zero (1/6);BTCUSDT: survives_double_costs (5/6);BTCUSDT: beats_buy_and_hold (4/6);BTCUSDT: survives_drop_top_trades (3/6);ETHUSDT: bootstrap_sharpe_ci_excludes_zero (0/6);ETHUSDT: survives_drop_top_trades (2/6),0.47698506161423226,0.47698506161423226,0.5982692737214087,True,False,False,False,False,True,True,False,True,True,False,True
momentum,1,2,0.5,45,REJECTED,False,0,,BTCUSDT: bootstrap_sharpe_ci_excludes_zero (3/6);BTCUSDT: survives_drop_top_trades (5/6);ETHUSDT: bootstrap_sharpe_ci_excludes_zero (2/6);ETHUSDT: survives_drop_top_trades (2/6),0.618618948963022,0.618618948963022,1.1239271442006769,True,False,True,True,False,True,True,False,True,True,False,True
momentum,1,2,0.5,46,REJECTED,False,1,ETHUSDT: no_bootstrap_ci_excludes_zero,BTCUSDT: bootstrap_sharpe_ci_excludes_zero (1/6);BTCUSDT: survives_double_costs (4/6);BTCUSDT: beats_buy_and_hold (4/6);BTCUSDT: survives_drop_top_trades (3/6);BTCUSDT: not_confined_to_one_fold (5/6);ETHUSDT: bootstrap_sharpe_ci_excludes_zero (0/6);ETHUSDT: survives_double_costs (5/6);ETHUSDT: survives_drop_top_trades (2/6),0.4373037317920553,0.4373037317920553,0.5758794382795378,True,False,False,False,False,False,True,False,False,True,False,True
momentum,1,2,0.5,47,REJECTED,False,0,,BTCUSDT: bootstrap_sharpe_ci_excludes_zero (1/6);BTCUSDT: survives_double_costs (2/6);BTCUSDT: beats_buy_and_hold (1/6);BTCUSDT: survives_drop_top_trades (1/6);BTCUSDT: not_confined_to_one_fold (5/6);ETHUSDT: bootstrap_sharpe_ci_excludes_zero (1/6);ETHUSDT: survives_drop_top_trades (2/6),0.28475384827171496,0.28475384827171496,0.4496576382001377,True,False,False,False,False,False,True,False,True,True,False,True
momentum,1,2,0.5,48,REJECTED,False,0,,BTCUSDT: positive_total_return (4/6);BTCUSDT: bootstrap_sharpe_ci_excludes_zero (2/6);BTCUSDT: survives_double_costs (3/6);BTCUSDT: beats_buy_and_hold (3/6);BTCUSDT: survives_drop_top_trades (3/6);ETHUSDT: positive_total_return (5/6);ETHUSDT: bootstrap_sharpe_ci_excludes_zero (2/6);ETHUSDT: survives_double_costs (5/6);ETHUSDT: survives_drop_top_trades (3/6),0.2535989417560821,0.2535989417560821,0.9224098244099996,False,False,False,False,False,True,False,False,False,True,False,True
momentum,1,2,0.5,49,REJECTED,False,1,ETHUSDT: no_bootstrap_ci_excludes_zero,BTCUSDT: bootstrap_sharpe_ci_excludes_zero (1/6);BTCUSDT: survives_double_costs (5/6);BTCUSDT: beats_buy_and_hold (3/6);BTCUSDT: survives_drop_top_trades (3/6);ETHUSDT: positive_total_return (5/6);ETHUSDT: bootstrap_sharpe_ci_excludes_zero (0/6);ETHUSDT: survives_double_costs (3/6);ETHUSDT: survives_drop_top_trades (2/6),0.33387933962166916,0.33387933962166916,0.5088242894597308,True,False,False,False,False,True,False,False,False,True,False,True
momentum,1,3,1.0,0,PROMOTED,True,0,,,1.054411594078843,1.054411594078843,2.2998168060391952,True,True,True,True,True,True,True,True,True,True,True,True
momentum,1,3,1.0,1,REJECTED,False,0,,BTCUSDT: bootstrap_sharpe_ci_excludes_zero (4/6);ETHUSDT: bootstrap_sharpe_ci_excludes_zero (5/6),1.0542856259355406,1.0542856259355406,2.1575525836034553,True,False,True,True,True,True,True,False,True,True,True,True
momentum,1,3,1.0,2,REJECTED,False,0,,BTCUSDT: bootstrap_sharpe_ci_excludes_zero (4/6);ETHUSDT: bootstrap_sharpe_ci_excludes_zero (4/6);ETHUSDT: survives_drop_top_trades (5/6),0.8290326393931589,0.8290326393931589,1.7722047762504887,True,False,True,True,True,True,True,False,True,True,False,True
momentum,1,3,1.0,3,REJECTED,False,0,,BTCUSDT: bootstrap_sharpe_ci_excludes_zero (4/6);ETHUSDT: bootstrap_sharpe_ci_excludes_zero (5/6),0.9049675982439476,0.9049675982439476,1.8569574009142458,True,False,True,True,True,True,True,False,True,True,True,True
momentum,1,3,1.0,4,REJECTED,False,0,,BTCUSDT: bootstrap_sharpe_ci_excludes_zero (4/6),1.1516166444030989,1.1516166444030989,2.880200283789797,True,False,True,True,True,True,True,True,True,True,True,True
momentum,1,3,1.0,5,REJECTED,False,0,,BTCUSDT: bootstrap_sharpe_ci_excludes_zero (5/6);ETHUSDT: bootstrap_sharpe_ci_excludes_zero (4/6),0.9661548102850119,0.9661548102850119,2.1626267730665636,True,False,True,True,True,True,True,False,True,True,True,True
momentum,1,3,1.0,6,REJECTED,False,0,,BTCUSDT: bootstrap_sharpe_ci_excludes_zero (5/6),1.1024497537438487,1.1024497537438487,2.5876729640806726,True,False,True,True,True,True,True,True,True,True,True,True
momentum,1,3,1.0,7,PROMOTED,True,0,,,1.1524680436103807,1.1524680436103807,3.0743846959499206,True,True,True,True,True,True,True,True,True,True,True,True
momentum,1,3,1.0,8,REJECTED,False,0,,ETHUSDT: bootstrap_sharpe_ci_excludes_zero (4/6),0.8981590754377707,0.8981590754377707,1.8280053908614904,True,True,True,True,True,True,True,False,True,True,True,True
momentum,1,3,1.0,9,REJECTED,False,0,,BTCUSDT: bootstrap_sharpe_ci_excludes_zero (5/6);ETHUSDT: bootstrap_sharpe_ci_excludes_zero (4/6),1.0925968480844042,1.0925968480844042,2.730177951545077,True,False,True,True,True,True,True,False,True,True,True,True
momentum,1,3,1.0,10,REJECTED,False,0,,BTCUSDT: bootstrap_sharpe_ci_excludes_zero (5/6),1.0501125820598998,1.0501125820598998,2.786765085215444,True,False,True,True,True,True,True,True,True,True,True,True
momentum,1,3,1.0,11,REJECTED,False,0,,BTCUSDT: bootstrap_sharpe_ci_excludes_zero (4/6),0.8851172076281415,0.8851172076281415,1.9571765475936467,True,False,True,True,True,True,True,True,True,True,True,True
momentum,1,3,1.0,12,REJECTED,False,0,,BTCUSDT: bootstrap_sharpe_ci_excludes_zero (3/6),0.9750449853293903,0.9750449853293903,2.249576831160114,True,False,True,True,True,True,True,True,True,True,True,True
momentum,1,3,1.0,13,REJECTED,False,0,,BTCUSDT: bootstrap_sharpe_ci_excludes_zero (5/6);BTCUSDT: survives_drop_top_trades (5/6);ETHUSDT: bootstrap_sharpe_ci_excludes_zero (4/6),0.94609969621934,0.94609969621934,1.9328633772945785,True,False,True,True,False,True,True,False,True,True,True,True
momentum,1,3,1.0,14,REJECTED,False,0,,BTCUSDT: bootstrap_sharpe_ci_excludes_zero (4/6);BTCUSDT: survives_drop_top_trades (5/6);ETHUSDT: bootstrap_sharpe_ci_excludes_zero (5/6),0.8837994020490905,0.8837994020490905,1.8915751742393414,True,False,True,True,False,True,True,False,True,True,True,True
momentum,1,3,1.0,15,REJECTED,False,0,,BTCUSDT: bootstrap_sharpe_ci_excludes_zero (3/6);ETHUSDT: bootstrap_sharpe_ci_excludes_zero (3/6);ETHUSDT: survives_drop_top_trades (5/6),0.9133492885422078,0.9133492885422078,1.8304896211703778,True,False,True,True,True,True,True,False,True,True,False,True
momentum,1,3,1.0,16,PROMOTED,True,0,,,1.2319550457579977,1.2319550457579977,3.206559064556238,True,True,True,True,True,True,True,True,True,True,True,True
momentum,1,3,1.0,17,PROMOTED,True,0,,,1.223751353457815,1.223751353457815,3.54995865505614,True,True,True,True,True,True,True,True,True,True,True,True
momentum,1,3,1.0,18,REJECTED,False,0,,ETHUSDT: bootstrap_sharpe_ci_excludes_zero (4/6),1.023020229043445,1.023020229043445,3.0879441854724505,True,True,True,True,True,True,True,False,True,True,True,True
momentum,1,3,1.0,19,REJECTED,False,0,,BTCUSDT: bootstrap_sharpe_ci_excludes_zero (4/6);ETHUSDT: bootstrap_sharpe_ci_excludes_zero (5/6),0.9791790873639832,0.9791790873639832,2.5948747377306143,True,False,True,True,True,True,True,False,True,True,True,True
momentum,1,3,1.0,20,REJECTED,False,0,,ETHUSDT: bootstrap_sharpe_ci_excludes_zero (4/6);ETHUSDT: survives_drop_top_trades (5/6),0.9728729400414178,0.9728729400414178,2.280295344174626,True,True,True,True,True,True,True,False,True,True,False,True
momentum,1,3,1.0,21,REJECTED,False,0,,BTCUSDT: bootstrap_sharpe_ci_excludes_zero (2/6);BTCUSDT: beats_buy_and_hold (5/6);BTCUSDT: survives_drop_top_trades (3/6);ETHUSDT: bootstrap_sharpe_ci_excludes_zero (2/6);ETHUSDT: survives_drop_top_trades (2/6),0.6197107948214937,0.6197107948214937,1.1163442955827512,True,False,True,False,False,True,True,False,True,True,False,True
momentum,1,3,1.0,22,PROMOTED,True,0,,,1.204574460443002,1.204574460443002,3.0129523396504276,True,True,True,True,True,True,True,True,True,True,True,True
momentum,1,3,1.0,23,REJECTED,False,0,,BTCUSDT: bootstrap_sharpe_ci_excludes_zero (4/6);ETHUSDT: bootstrap_sharpe_ci_excludes_zero (4/6);ETHUSDT: survives_drop_top_trades (5/6),0.9669651711666521,0.9669651711666521,2.157478260416384,True,False,True,True,True,True,True,False,True,True,False,True
momentum,1,3,1.0,24,REJECTED,False,0,,BTCUSDT: bootstrap_sharpe_ci_excludes_zero (2/6);ETHUSDT: bootstrap_sharpe_ci_excludes_zero (4/6);ETHUSDT: survives_drop_top_trades (4/6),0.616639738459132,0.616639738459132,1.225974959163174,True,False,True,True,True,True,True,False,True,True,False,True
momentum,1,3,1.0,25,PROMOTED,True,0,,,1.2536698152438137,1.2536698152438137,3.3735409691018896,True,True,True,True,True,True,True,True,True,True,True,True
momentum,1,3,1.0,26,REJECTED,False,0,,ETHUSDT: bootstrap_sharpe_ci_excludes_zero (4/6),1.0385148511345732,1.0385148511345732,2.133118209999887,True,True,True,True,True,True,True,False,True,True,True,True
momentum,1,3,1.0,27,REJECTED,False,0,,BTCUSDT: bootstrap_sharpe_ci_excludes_zero (5/6);ETHUSDT: bootstrap_sharpe_ci_excludes_zero (5/6),0.8333012046456366,0.8333012046456366,1.7158334724705842,True,False,True,True,True,True,True,False,True,True,True,True
momentum,1,3,1.0,28,REJECTED,False,0,,BTCUSDT: bootstrap_sharpe_ci_excludes_zero (4/6),1.1145288674388336,1.1145288674388336,2.988358313658872,True,False,True,True,True,True,True,True,True,True,True,True
momentum,1,3,1.0,29,REJECTED,False,0,,ETHUSDT: bootstrap_sharpe_ci_excludes_zero (5/6),1.2931673433822843,1.2931673433822843,4.340036840636634,True,True,True,True,True,True,True,False,True,True,True,True
momentum,1,3,1.0,30,REJECTED,False,0,,ETHUSDT: bootstrap_sharpe_ci_excludes_zero (2/6);ETHUSDT: survives_drop_top_trades (3/6),0.871560850655664,0.871560850655664,1.8264485469897402,True,True,True,True,True,True,True,False,True,True,False,True
momentum,1,3,1.0,31,REJECTED,False,0,,BTCUSDT: bootstrap_sharpe_ci_excludes_zero (3/6);BTCUSDT: survives_drop_top_trades (4/6);ETHUSDT: bootstrap_sharpe_ci_excludes_zero (3/6),0.8625404594310984,0.8625404594310984,2.0315907660610506,True,False,True,True,False,True,True,False,True,True,True,True
momentum,1,3,1.0,32,REJECTED,False,0,,BTCUSDT: bootstrap_sharpe_ci_excludes_zero (5/6);ETHUSDT: bootstrap_sharpe_ci_excludes_zero (5/6),0.9903339478538873,0.9903339478538873,2.1287234446199865,True,False,True,True,True,True,True,False,True,True,True,True
momentum,1,3,1.0,33,REJECTED,False,0,,ETHUSDT: bootstrap_sharpe_ci_excludes_zero (4/6),0.9886388679744401,0.9886388679744401,1.9498271165230066,True,True,True,True,True,True,True,False,True,True,True,True
momentum,1,3,1.0,34,REJECTED,False,0,,BTCUSDT: bootstrap_sharpe_ci_excludes_zero (5/6);ETHUSDT: bootstrap_sharpe_ci_excludes_zero (4/6),1.0049817477640217,1.0049817477640217,2.676138495393068,True,False,True,True,True,True,True,False,True,True,True,True
momentum,1,3,1.0,35,REJECTED,False,0,,BTCUSDT: bootstrap_sharpe_ci_excludes_zero (4/6);ETHUSDT: bootstrap_sharpe_ci_excludes_zero (4/6),1.0591328055420637,1.0591328055420637,3.4506305243705198,True,False,True,True,True,True,True,False,True,True,True,True
momentum,1,3,1.0,36,PROMOTED,True,0,,,1.0976455078384526,1.0976455078384526,2.7822216701739886,True,True,True,True,True,True,True,True,True,True,True,True
momentum,1,3,1.0,37,REJECTED,False,0,,ETHUSDT: bootstrap_sharpe_ci_excludes_zero (4/6),1.0898688121148639,1.0898688121148639,2.465189377718022,True,True,True,True,True,True,True,False,True,True,True,True
momentum,1,3,1.0,38,REJECTED,False,0,,BTCUSDT: bootstrap_sharpe_ci_excludes_zero (5/6),1.1123759574747574,1.1123759574747574,2.7113677865085855,True,False,True,True,True,True,True,True,True,True,True,True
momentum,1,3,1.0,39,REJECTED,False,0,,BTCUSDT: bootstrap_sharpe_ci_excludes_zero (4/6);ETHUSDT: bootstrap_sharpe_ci_excludes_zero (2/6),0.7415467108303739,0.7415467108303739,1.3628786529522654,True,False,True,True,True,True,True,False,True,True,True,True
momentum,1,3,1.0,40,REJECTED,False,0,,ETHUSDT: bootstrap_sharpe_ci_excludes_zero (4/6),1.106811148667597,1.106811148667597,2.7311339379065322,True,True,True,True,True,True,True,False,True,True,True,True
momentum,1,3,1.0,41,REJECTED,False,0,,BTCUSDT: bootstrap_sharpe_ci_excludes_zero (5/6),0.999232584666246,0.999232584666246,2.6891895453872334,True,False,True,True,True,True,True,True,True,True,True,True
momentum,1,3,1.0,42,REJECTED,False,0,,BTCUSDT: bootstrap_sharpe_ci_excludes_zero (4/6),0.9731829913452865,0.9731829913452865,2.2192264778882063,True,False,True,True,True,True,True,True,True,True,True,True
momentum,1,3,1.0,43,REJECTED,False,0,,BTCUSDT: bootstrap_sharpe_ci_excludes_zero (4/6);ETHUSDT: bootstrap_sharpe_ci_excludes_zero (4/6),1.005189207509734,1.005189207509734,2.6260433758270882,True,False,True,True,True,True,True,False,True,True,True,True
momentum,1,3,1.0,44,PROMOTED,True,0,,,0.9526425252239873,0.9526425252239873,2.0885339572399664,True,True,True,True,True,True,True,True,True,True,True,True
momentum,1,3,1.0,45,REJECTED,False,0,,BTCUSDT: bootstrap_sharpe_ci_excludes_zero (5/6);ETHUSDT: bootstrap_sharpe_ci_excludes_zero (4/6),0.9870692127255436,0.9870692127255436,2.471649754481296,True,False,True,True,True,True,True,False,True,True,True,True
momentum,1,3,1.0,46,PROMOTED,True,0,,,1.0389949489544614,1.0389949489544614,2.5320078225779232,True,True,True,True,True,True,True,True,True,True,True,True
momentum,1,3,1.0,47,PROMOTED,True,0,,,1.1057003755293782,1.1057003755293782,2.5795116784181875,True,True,True,True,True,True,True,True,True,True,True,True
momentum,1,3,1.0,48,REJECTED,False,0,,BTCUSDT: bootstrap_sharpe_ci_excludes_zero (5/6),0.9955976924477117,0.9955976924477117,2.161767748144631,True,False,True,True,True,True,True,True,True,True,True,True
momentum,1,3,1.0,49,PROMOTED,True,0,,,1.1987652287144075,1.1987652287144075,2.8536028248223224,True,True,True,True,True,True,True,True,True,True,True,True
