family,symbol,engine,seed,fold_id,trade_id,entry_time,exit_time,side,holding_bars,net_return,funding,fees_plus_slippage,exit_reason
pdl_reclaim_long,BTCUSDT,random_search,278037,0,1,2022-04-11T03:00:00.000+0000,2022-04-11T09:00:00.000+0000,long,7,-0.01382785,0.00010000,0.00050000,signal_close
pdl_reclaim_long,BTCUSDT,random_search,278037,0,2,2022-04-26T20:00:00.000+0000,2022-04-26T20:00:00.000+0000,long,1,-0.00432739,0.00000000,0.00050000,signal_close
pdl_reclaim_long,BTCUSDT,random_search,278037,0,3,2022-05-14T16:00:00.000+0000,2022-05-14T16:00:00.000+0000,long,1,0.01754490,0.00010000,0.00050000,signal_close
pdl_reclaim_long,BTCUSDT,random_search,278037,0,4,2022-05-16T08:00:00.000+0000,2022-05-16T15:00:00.000+0000,long,8,0.00281726,0.00008883,0.00050000,signal_close
pdl_reclaim_long,BTCUSDT,random_search,278037,1,1,2022-07-12T03:00:00.000+0000,2022-07-12T07:00:00.000+0000,long,5,-0.01245980,0.00000000,0.00050000,signal_close
pdl_reclaim_long,BTCUSDT,random_search,278037,1,2,2022-07-31T22:00:00.000+0000,2022-07-31T22:00:00.000+0000,long,1,-0.00953651,0.00000000,0.00050000,signal_close
pdl_reclaim_long,BTCUSDT,random_search,278037,1,3,2022-08-10T03:00:00.000+0000,2022-08-10T12:00:00.000+0000,long,10,0.04582462,0.00000581,0.00050000,signal_close
pdl_reclaim_long,BTCUSDT,random_search,278037,1,4,2022-08-12T02:00:00.000+0000,2022-08-12T11:00:00.000+0000,long,10,-0.01011673,0.00001412,0.00050000,signal_close
pdl_reclaim_long,BTCUSDT,random_search,278037,1,5,2022-08-16T17:00:00.000+0000,2022-08-17T12:00:00.000+0000,long,20,-0.00569160,0.00000728,0.00050000,signal_close
pdl_reclaim_long,BTCUSDT,random_search,278037,1,6,2022-08-27T07:00:00.000+0000,2022-08-27T15:00:00.000+0000,long,9,-0.00960685,-0.00006290,0.00050000,signal_close
pdl_reclaim_long,BTCUSDT,random_search,278037,1,7,2022-09-07T04:00:00.000+0000,2022-09-07T20:00:00.000+0000,long,17,0.03328468,-0.00000751,0.00050000,
pdl_reclaim_long,BTCUSDT,random_search,278037,1,8,2022-09-07T21:00:00.000+0000,2022-09-09T03:00:00.000+0000,long,31,0.01427283,0.00005463,0.00025000,signal_close
pdl_reclaim_long,BTCUSDT,random_search,278037,1,9,2022-09-14T22:00:00.000+0000,2022-09-15T01:00:00.000+0000,long,4,-0.00080602,0.00000324,0.00050000,signal_close
pdl_reclaim_long,BTCUSDT,random_search,278037,1,10,2022-09-16T17:00:00.000+0000,2022-09-16T17:00:00.000+0000,long,1,-0.00517060,0.00000000,0.00050000,signal_close
pdl_reclaim_long,BTCUSDT,random_search,278037,2,1,2022-10-07T08:00:00.000+0000,2022-10-07T12:00:00.000+0000,long,5,-0.01599241,0.00010000,0.00050000,signal_close
pdl_reclaim_long,BTCUSDT,random_search,278037,2,2,2022-10-11T02:00:00.000+0000,2022-10-11T14:00:00.000+0000,long,13,-0.00056982,0.00010000,0.00050000,signal_close
pdl_reclaim_long,BTCUSDT,random_search,278037,2,3,2022-11-13T09:00:00.000+0000,2022-11-13T09:00:00.000+0000,long,1,-0.00708511,0.00000000,0.00050000,signal_close
pdl_reclaim_long,BTCUSDT,random_search,278037,2,4,2022-11-21T02:00:00.000+0000,2022-11-21T02:00:00.000+0000,long,1,-0.01279296,0.00000000,0.00050000,signal_close
pdl_reclaim_long,BTCUSDT,random_search,278037,2,5,2022-12-15T08:00:00.000+0000,2022-12-15T13:00:00.000+0000,long,6,-0.01121890,0.00010000,0.00050000,signal_close
pdl_reclaim_long,BTCUSDT,random_search,278037,3,1,2023-01-22T21:00:00.000+0000,2023-01-23T08:00:00.000+0000,long,12,0.01058927,0.00020000,0.00050000,signal_close
pdl_reclaim_long,BTCUSDT,random_search,278037,3,2,2023-02-06T06:00:00.000+0000,2023-02-06T16:00:00.000+0000,long,11,0.00920880,0.00020000,0.00050000,
pdl_reclaim_long,BTCUSDT,random_search,278037,3,3,2023-02-06T17:00:00.000+0000,2023-02-06T17:00:00.000+0000,long,1,0.00049357,0.00000000,0.00025000,signal_close
pdl_reclaim_long,BTCUSDT,random_search,278037,3,4,2023-02-10T06:00:00.000+0000,2023-02-10T15:00:00.000+0000,long,10,-0.00705440,0.00010000,0.00050000,signal_close
pdl_reclaim_long,BTCUSDT,random_search,278037,3,5,2023-02-17T01:00:00.000+0000,2023-02-17T12:00:00.000+0000,long,12,0.00582029,0.00010000,0.00050000,signal_close
pdl_reclaim_long,BTCUSDT,random_search,278037,3,6,2023-02-22T02:00:00.000+0000,2023-02-22T02:00:00.000+0000,long,1,-0.00083508,0.00000000,0.00050000,signal_close
pdl_reclaim_long,BTCUSDT,random_search,278037,3,7,2023-02-25T21:00:00.000+0000,2023-02-26T08:00:00.000+0000,long,12,0.00929154,0.00010132,0.00050000,signal_close
pdl_reclaim_long,BTCUSDT,random_search,278037,3,8,2023-02-28T22:00:00.000+0000,2023-03-01T03:00:00.000+0000,long,6,0.01263610,0.00000185,0.00050000,
pdl_reclaim_long,BTCUSDT,random_search,278037,3,9,2023-03-01T04:00:00.000+0000,2023-03-01T08:00:00.000+0000,long,5,0.00888382,0.00005000,0.00025000,signal_close
pdl_reclaim_long,BTCUSDT,random_search,278037,3,10,2023-03-15T18:00:00.000+0000,2023-03-16T05:00:00.000+0000,long,12,0.00171997,0.00010000,0.00050000,signal_close
pdl_reclaim_long,BTCUSDT,random_search,278037,3,11,2023-03-24T22:00:00.000+0000,2023-03-25T09:00:00.000+0000,long,12,0.00519712,0.00000115,0.00050000,signal_close
pdl_reclaim_long,BTCUSDT,random_search,278037,4,1,2023-03-31T08:00:00.000+0000,2023-03-31T13:00:00.000+0000,long,6,0.02188853,0.00006358,0.00050000,
pdl_reclaim_long,BTCUSDT,random_search,278037,4,2,2023-03-31T14:00:00.000+0000,2023-04-02T07:00:00.000+0000,long,42,0.00031113,0.00021683,0.00025000,signal_close
pdl_reclaim_long,BTCUSDT,random_search,278037,4,3,2023-04-02T14:00:00.000+0000,2023-04-02T15:00:00.000+0000,long,2,-0.00622555,0.00000000,0.00050000,signal_close
pdl_reclaim_long,BTCUSDT,random_search,278037,4,4,2023-04-06T11:00:00.000+0000,2023-04-08T10:00:00.000+0000,long,48,0.00549482,-0.00001655,0.00050000,signal_close
pdl_reclaim_long,BTCUSDT,random_search,278037,4,5,2023-04-18T02:00:00.000+0000,2023-04-18T07:00:00.000+0000,long,6,0.01293079,0.00000000,0.00050000,
pdl_reclaim_long,BTCUSDT,random_search,278037,4,6,2023-04-18T08:00:00.000+0000,2023-04-18T11:00:00.000+0000,long,4,0.01002297,-0.00000255,0.00025000,signal_close
pdl_reclaim_long,BTCUSDT,random_search,278037,4,7,2023-04-19T09:00:00.000+0000,2023-04-19T23:00:00.000+0000,long,15,-0.01260351,-0.00000081,0.00050000,signal_close
pdl_reclaim_long,BTCUSDT,random_search,278037,4,8,2023-04-24T10:00:00.000+0000,2023-04-24T11:00:00.000+0000,long,2,0.00826855,0.00000000,0.00050000,
pdl_reclaim_long,BTCUSDT,random_search,278037,4,9,2023-04-24T12:00:00.000+0000,2023-04-24T14:00:00.000+0000,long,3,-0.00246453,0.00000000,0.00025000,signal_close
pdl_reclaim_long,BTCUSDT,random_search,278037,4,10,2023-05-06T17:00:00.000+0000,2023-05-07T23:00:00.000+0000,long,31,-0.00980972,0.00014414,0.00050000,signal_close
pdl_reclaim_long,BTCUSDT,random_search,278037,4,11,2023-05-18T19:00:00.000+0000,2023-05-18T21:00:00.000+0000,long,3,0.01079173,0.00000000,0.00050000,
pdl_reclaim_long,BTCUSDT,random_search,278037,4,12,2023-05-18T22:00:00.000+0000,2023-05-20T18:00:00.000+0000,long,45,0.00188188,0.00008962,0.00025000,signal_close
pdl_reclaim_long,BTCUSDT,random_search,278037,4,13,2023-05-21T12:00:00.000+0000,2023-05-21T21:00:00.000+0000,long,10,-0.00362566,0.00005071,0.00050000,signal_close
pdl_reclaim_long,BTCUSDT,random_search,278037,4,14,2023-05-24T05:00:00.000+0000,2023-05-24T06:00:00.000+0000,long,2,-0.00391034,0.00000000,0.00050000,signal_close
pdl_reclaim_long,BTCUSDT,random_search,278037,4,15,2023-05-25T02:00:00.000+0000,2023-05-25T19:00:00.000+0000,long,18,0.01239383,0.00020000,0.00050000,
pdl_reclaim_long,BTCUSDT,random_search,278037,4,16,2023-05-25T20:00:00.000+0000,2023-05-27T01:00:00.000+0000,long,30,0.00428991,0.00015841,0.00025000,signal_close
pdl_reclaim_long,BTCUSDT,random_search,278037,5,1,2023-06-26T04:00:00.000+0000,2023-06-26T15:00:00.000+0000,long,12,0.00334911,0.00010000,0.00050000,signal_close
pdl_reclaim_long,BTCUSDT,random_search,278037,5,2,2023-06-28T09:00:00.000+0000,2023-06-28T12:00:00.000+0000,long,4,-0.00619541,0.00000000,0.00050000,signal_close
pdl_reclaim_long,BTCUSDT,random_search,278037,5,3,2023-06-30T14:00:00.000+0000,2023-06-30T17:00:00.000+0000,long,4,0.01018618,0.00010000,0.00050000,signal_close
pdl_reclaim_long,BTCUSDT,random_search,278037,5,4,2023-07-06T15:00:00.000+0000,2023-07-06T23:00:00.000+0000,long,9,-0.01116240,0.00001492,0.00050000,signal_close
pdl_reclaim_long,BTCUSDT,random_search,278037,5,5,2023-07-07T01:00:00.000+0000,2023-07-07T12:00:00.000+0000,long,12,0.00449139,0.00004221,0.00050000,signal_close
pdl_reclaim_long,BTCUSDT,random_search,278037,5,6,2023-07-18T17:00:00.000+0000,2023-07-19T00:00:00.000+0000,long,8,0.01134043,0.00010000,0.00050000,signal_close
pdl_reclaim_long,BTCUSDT,random_search,278037,6,1,2023-09-24T19:00:00.000+0000,2023-09-24T19:00:00.000+0000,long,1,-0.00607173,0.00000000,0.00050000,signal_close
pdl_reclaim_long,BTCUSDT,random_search,278037,6,2,2023-09-25T01:00:00.000+0000,2023-09-27T00:00:00.000+0000,long,48,-0.00040692,0.00023802,0.00050000,signal_close
pdl_reclaim_long,BTCUSDT,random_search,278037,6,3,2023-10-06T14:00:00.000+0000,2023-10-06T21:00:00.000+0000,long,8,0.01820178,-0.00003149,0.00050000,signal_close
pdl_reclaim_long,BTCUSDT,random_search,278037,6,4,2023-11-03T09:00:00.000+0000,2023-11-03T10:00:00.000+0000,long,2,-0.00448085,0.00000000,0.00050000,signal_close
pdl_reclaim_long,BTCUSDT,random_search,278037,6,5,2023-11-05T22:00:00.000+0000,2023-11-05T23:00:00.000+0000,long,2,0.01024407,0.00000000,0.00050000,signal_close
pdl_reclaim_long,BTCUSDT,random_search,278037,6,6,2023-11-21T15:00:00.000+0000,2023-11-21T15:00:00.000+0000,long,1,0.00848310,0.00000000,0.00050000,signal_close
pdl_reclaim_long,BTCUSDT,random_search,278037,6,7,2023-11-22T01:00:00.000+0000,2023-11-22T18:00:00.000+0000,long,18,0.02931560,0.00020000,0.00050000,signal_close
pdl_reclaim_long,BTCUSDT,random_search,278037,6,8,2023-11-26T13:00:00.000+0000,2023-11-26T16:00:00.000+0000,long,4,-0.01125879,0.00010000,0.00050000,signal_close
pdl_reclaim_long,BTCUSDT,random_search,278037,6,9,2023-11-27T08:00:00.000+0000,2023-11-27T10:00:00.000+0000,long,3,-0.00519973,0.00010000,0.00050000,signal_close
pdl_reclaim_long,BTCUSDT,random_search,278037,6,10,2023-11-30T15:00:00.000+0000,2023-12-01T04:00:00.000+0000,long,14,0.01316893,0.00020000,0.00050000,signal_close
pdl_reclaim_long,BTCUSDT,random_search,278037,6,11,2023-12-13T03:00:00.000+0000,2023-12-13T16:00:00.000+0000,long,14,0.02017285,0.00022763,0.00050000,signal_close
pdl_reclaim_long,BTCUSDT,random_search,278037,7,1,2023-12-23T05:00:00.000+0000,2023-12-24T04:00:00.000+0000,long,24,0.00597594,0.00035066,0.00050000,
pdl_reclaim_long,BTCUSDT,random_search,278037,7,2,2023-12-24T05:00:00.000+0000,2023-12-24T05:00:00.000+0000,long,1,-0.00367587,0.00000000,0.00025000,signal_close
pdl_reclaim_long,BTCUSDT,random_search,278037,7,3,2023-12-26T06:00:00.000+0000,2023-12-26T06:00:00.000+0000,long,1,-0.00242321,0.00000000,0.00050000,signal_close
pdl_reclaim_long,BTCUSDT,random_search,278037,7,4,2023-12-29T02:00:00.000+0000,2023-12-29T14:00:00.000+0000,long,13,0.01527044,0.00049912,0.00050000,
pdl_reclaim_long,BTCUSDT,random_search,278037,7,5,2023-12-29T15:00:00.000+0000,2023-12-29T15:00:00.000+0000,long,1,-0.00912589,0.00000000,0.00025000,signal_close
pdl_reclaim_long,BTCUSDT,random_search,278037,7,6,2024-01-08T05:00:00.000+0000,2024-01-08T06:00:00.000+0000,long,2,0.00672540,0.00000000,0.00050000,
pdl_reclaim_long,BTCUSDT,random_search,278037,7,7,2024-01-08T07:00:00.000+0000,2024-01-08T11:00:00.000+0000,long,5,0.00808824,0.00005000,0.00025000,signal_close
pdl_reclaim_long,BTCUSDT,random_search,278037,7,8,2024-01-10T13:00:00.000+0000,2024-01-10T17:00:00.000+0000,long,5,0.03788281,0.00010000,0.00050000,
pdl_reclaim_long,BTCUSDT,random_search,278037,7,9,2024-01-10T18:00:00.000+0000,2024-01-11T14:00:00.000+0000,long,21,0.02287520,0.00010000,0.00025000,signal_close
pdl_reclaim_long,BTCUSDT,random_search,278037,7,10,2024-01-12T10:00:00.000+0000,2024-01-12T14:00:00.000+0000,long,5,-0.01086479,0.00000000,0.00050000,signal_close
pdl_reclaim_long,BTCUSDT,random_search,278037,7,11,2024-01-14T21:00:00.000+0000,2024-01-14T21:00:00.000+0000,long,1,0.00051847,0.00000000,0.00050000,signal_close
pdl_reclaim_long,BTCUSDT,random_search,278037,7,12,2024-01-19T18:00:00.000+0000,2024-01-19T18:00:00.000+0000,long,1,0.01335575,0.00000000,0.00050000,
pdl_reclaim_long,BTCUSDT,random_search,278037,7,13,2024-01-19T19:00:00.000+0000,2024-01-21T17:00:00.000+0000,long,47,-0.00213615,0.00030000,0.00025000,signal_close
pdl_reclaim_long,BTCUSDT,random_search,278037,7,14,2024-01-23T09:00:00.000+0000,2024-01-23T09:00:00.000+0000,long,1,-0.01306950,0.00000000,0.00050000,signal_close
pdl_reclaim_long,BTCUSDT,random_search,278037,7,15,2024-02-01T01:00:00.000+0000,2024-02-01T01:00:00.000+0000,long,1,-0.01204496,0.00000000,0.00050000,signal_close
pdl_reclaim_long,BTCUSDT,random_search,278037,7,16,2024-02-04T06:00:00.000+0000,2024-02-04T06:00:00.000+0000,long,1,-0.00389125,0.00000000,0.00050000,signal_close
pdl_reclaim_long,BTCUSDT,random_search,278037,7,17,2024-02-17T11:00:00.000+0000,2024-02-17T12:00:00.000+0000,long,2,-0.00065810,0.00000000,0.00050000,signal_close
pdl_reclaim_long,BTCUSDT,random_search,278037,7,18,2024-02-21T13:00:00.000+0000,2024-02-21T13:00:00.000+0000,long,1,-0.00277720,0.00000000,0.00050000,signal_close
pdl_reclaim_long,BTCUSDT,random_search,278037,7,19,2024-02-23T09:00:00.000+0000,2024-02-23T16:00:00.000+0000,long,8,0.00108864,0.00012991,0.00050000,signal_close
pdl_reclaim_long,BTCUSDT,random_search,278037,7,20,2024-03-03T08:00:00.000+0000,2024-03-03T12:00:00.000+0000,long,5,0.00883009,0.00042989,0.00050000,signal_close
pdl_reclaim_long,BTCUSDT,random_search,278037,7,21,2024-03-05T22:00:00.000+0000,2024-03-06T05:00:00.000+0000,long,8,0.04876345,0.00036280,0.00050000,
pdl_reclaim_long,BTCUSDT,random_search,278037,7,22,2024-03-06T06:00:00.000+0000,2024-03-07T21:00:00.000+0000,long,40,0.00531139,0.00104371,0.00025000,signal_close
pdl_reclaim_long,BTCUSDT,random_search,278037,7,23,2024-03-14T15:00:00.000+0000,2024-03-14T15:00:00.000+0000,long,1,-0.01258551,0.00000000,0.00050000,signal_close
pdl_reclaim_long,BTCUSDT,random_search,278037,7,24,2024-03-15T03:00:00.000+0000,2024-03-15T03:00:00.000+0000,long,1,-0.01203303,0.00000000,0.00050000,signal_close
pdl_reclaim_long,BTCUSDT,random_search,278037,7,25,2024-03-17T08:00:00.000+0000,2024-03-17T10:00:00.000+0000,long,3,0.02270788,0.00017773,0.00050000,
pdl_reclaim_long,BTCUSDT,random_search,278037,7,26,2024-03-17T11:00:00.000+0000,2024-03-19T02:00:00.000+0000,long,40,-0.01022714,0.00064861,0.00025000,signal_close
pdl_reclaim_long,BTCUSDT,random_search,278037,8,1,2024-03-27T15:00:00.000+0000,2024-03-27T15:00:00.000+0000,long,1,-0.01769290,0.00000000,0.00050000,signal_close
pdl_reclaim_long,BTCUSDT,random_search,278037,8,2,2024-04-01T07:00:00.000+0000,2024-04-01T14:00:00.000+0000,long,8,-0.01084070,0.00033491,0.00050000,signal_close
pdl_reclaim_long,BTCUSDT,random_search,278037,8,3,2024-04-09T15:00:00.000+0000,2024-04-09T15:00:00.000+0000,long,1,-0.00184263,0.00000000,0.00050000,signal_close
pdl_reclaim_long,BTCUSDT,random_search,278037,8,4,2024-04-10T14:00:00.000+0000,2024-04-10T16:00:00.000+0000,long,3,0.01752048,0.00010000,0.00050000,signal_close
pdl_reclaim_long,BTCUSDT,random_search,278037,8,5,2024-04-16T05:00:00.000+0000,2024-04-17T05:00:00.000+0000,long,25,0.02248203,0.00019413,0.00050000,signal_close
pdl_reclaim_long,BTCUSDT,random_search,278037,8,6,2024-04-19T02:00:00.000+0000,2024-04-19T02:00:00.000+0000,long,1,0.00497705,0.00000000,0.00050000,signal_close
pdl_reclaim_long,BTCUSDT,random_search,278037,8,7,2024-04-25T12:00:00.000+0000,2024-04-25T12:00:00.000+0000,long,1,-0.00736387,0.00000000,0.00050000,signal_close
pdl_reclaim_long,BTCUSDT,random_search,278037,8,8,2024-04-30T11:00:00.000+0000,2024-04-30T11:00:00.000+0000,long,1,-0.00983951,0.00000000,0.00050000,signal_close
pdl_reclaim_long,BTCUSDT,random_search,278037,8,9,2024-05-06T20:00:00.000+0000,2024-05-07T23:00:00.000+0000,long,28,-0.01471925,0.00016673,0.00050000,signal_close
pdl_reclaim_long,BTCUSDT,random_search,278037,8,10,2024-05-09T12:00:00.000+0000,2024-05-09T15:00:00.000+0000,long,4,0.01729892,0.00000000,0.00050000,signal_close
pdl_reclaim_long,BTCUSDT,random_search,278037,8,11,2024-05-10T17:00:00.000+0000,2024-05-10T17:00:00.000+0000,long,1,-0.01146537,0.00000000,0.00050000,signal_close
pdl_reclaim_long,BTCUSDT,random_search,278037,8,12,2024-05-22T22:00:00.000+0000,2024-05-23T13:00:00.000+0000,long,16,-0.02177457,0.00020000,0.00050000,signal_close
pdl_reclaim_long,BTCUSDT,random_search,278037,8,13,2024-05-26T22:00:00.000+0000,2024-05-27T01:00:00.000+0000,long,4,0.00736774,0.00010000,0.00050000,signal_close
pdl_reclaim_long,BTCUSDT,random_search,278037,8,14,2024-05-31T17:00:00.000+0000,2024-05-31T19:00:00.000+0000,long,3,0.00659239,0.00000000,0.00050000,signal_close
pdl_reclaim_long,BTCUSDT,random_search,278037,8,15,2024-06-06T21:00:00.000+0000,2024-06-07T11:00:00.000+0000,long,15,0.01310954,0.00020000,0.00050000,signal_close
pdl_reclaim_long,BTCUSDT,random_search,278037,8,16,2024-06-13T17:00:00.000+0000,2024-06-14T15:00:00.000+0000,long,23,-0.00965618,0.00020000,0.00050000,signal_close
pdl_reclaim_long,BTCUSDT,random_search,278037,9,1,2024-06-21T05:00:00.000+0000,2024-06-21T07:00:00.000+0000,long,3,-0.00775284,0.00000000,0.00050000,signal_close
pdl_reclaim_long,BTCUSDT,random_search,278037,9,2,2024-06-27T07:00:00.000+0000,2024-06-27T12:00:00.000+0000,long,6,0.00936350,0.00010000,0.00050000,
pdl_reclaim_long,BTCUSDT,random_search,278037,9,3,2024-06-27T13:00:00.000+0000,2024-06-28T15:00:00.000+0000,long,27,-0.00277231,0.00015000,0.00025000,signal_close
pdl_reclaim_long,BTCUSDT,random_search,278037,9,4,2024-07-18T15:00:00.000+0000,2024-07-18T15:00:00.000+0000,long,1,-0.00764697,0.00000000,0.00050000,signal_close
pdl_reclaim_long,BTCUSDT,random_search,278037,9,5,2024-07-23T08:00:00.000+0000,2024-07-23T13:00:00.000+0000,long,6,-0.00770091,0.00004310,0.00050000,signal_close
pdl_reclaim_long,BTCUSDT,random_search,278037,9,6,2024-07-30T01:00:00.000+0000,2024-07-30T14:00:00.000+0000,long,14,-0.01240301,0.00003562,0.00050000,signal_close
pdl_reclaim_long,BTCUSDT,random_search,278037,9,7,2024-08-01T01:00:00.000+0000,2024-08-01T01:00:00.000+0000,long,1,-0.00749423,0.00000000,0.00050000,signal_close
pdl_reclaim_long,BTCUSDT,random_search,278037,9,8,2024-08-02T21:00:00.000+0000,2024-08-02T21:00:00.000+0000,long,1,-0.01061821,0.00000000,0.00050000,signal_close
pdl_reclaim_long,BTCUSDT,random_search,278037,9,9,2024-08-03T02:00:00.000+0000,2024-08-03T15:00:00.000+0000,long,14,-0.00785084,0.00009788,0.00050000,signal_close
pdl_reclaim_long,BTCUSDT,random_search,278037,9,10,2024-08-12T01:00:00.000+0000,2024-08-12T07:00:00.000+0000,long,7,0.00305700,0.00000000,0.00050000,signal_close
pdl_reclaim_long,BTCUSDT,random_search,278037,9,11,2024-08-15T03:00:00.000+0000,2024-08-15T06:00:00.000+0000,long,4,-0.00588725,0.00000000,0.00050000,signal_close
pdl_reclaim_long,BTCUSDT,random_search,278037,9,12,2024-08-19T02:00:00.000+0000,2024-08-19T09:00:00.000+0000,long,8,-0.00976952,-0.00006750,0.00050000,signal_close
pdl_reclaim_long,BTCUSDT,random_search,278037,9,13,2024-09-06T08:00:00.000+0000,2024-09-06T13:00:00.000+0000,long,6,0.00170429,-0.00000001,0.00050000,
pdl_reclaim_long,BTCUSDT,random_search,278037,9,14,2024-09-06T14:00:00.000+0000,2024-09-06T14:00:00.000+0000,long,1,-0.01067082,0.00000000,0.00025000,signal_close
pdl_reclaim_long,BTCUSDT,random_search,278037,9,15,2024-09-11T05:00:00.000+0000,2024-09-11T05:00:00.000+0000,long,1,-0.00556548,0.00000000,0.00050000,signal_close
pdl_reclaim_long,BTCUSDT,random_search,278037,10,1,2024-09-26T02:00:00.000+0000,2024-09-26T08:00:00.000+0000,long,7,0.00838571,0.00006246,0.00050000,signal_close
pdl_reclaim_long,BTCUSDT,random_search,278037,10,2,2024-11-25T17:00:00.000+0000,2024-11-25T17:00:00.000+0000,long,1,-0.00764441,0.00000000,0.00050000,signal_close
pdl_reclaim_long,BTCUSDT,random_search,278037,10,3,2024-12-13T03:00:00.000+0000,2024-12-13T14:00:00.000+0000,long,12,0.01495245,0.00010000,0.00050000,signal_close
pdl_reclaim_long,BTCUSDT,random_search,278037,11,1,2024-12-18T03:00:00.000+0000,2024-12-18T03:00:00.000+0000,long,1,-0.00573710,0.00000000,0.00050000,signal_close
pdl_reclaim_long,BTCUSDT,random_search,278037,11,2,2024-12-23T03:00:00.000+0000,2024-12-23T14:00:00.000+0000,long,12,-0.00351770,0.00010000,0.00050000,signal_close
pdl_reclaim_long,BTCUSDT,random_search,278037,11,3,2024-12-27T15:00:00.000+0000,2024-12-27T15:00:00.000+0000,long,1,-0.01209552,0.00000000,0.00050000,signal_close
pdl_reclaim_long,BTCUSDT,random_search,278037,11,4,2025-01-05T19:00:00.000+0000,2025-01-06T02:00:00.000+0000,long,8,0.00873194,0.00010000,0.00050000,signal_close
pdl_reclaim_long,BTCUSDT,random_search,278037,11,5,2025-01-08T06:00:00.000+0000,2025-01-08T06:00:00.000+0000,long,1,-0.01280526,0.00000000,0.00050000,signal_close
pdl_reclaim_long,BTCUSDT,random_search,278037,11,6,2025-01-09T18:00:00.000+0000,2025-01-09T20:00:00.000+0000,long,3,-0.00908984,0.00000000,0.00050000,signal_close
pdl_reclaim_long,BTCUSDT,random_search,278037,11,7,2025-01-12T11:00:00.000+0000,2025-01-12T13:00:00.000+0000,long,3,0.00639325,0.00000000,0.00050000,signal_close
pdl_reclaim_long,BTCUSDT,random_search,278037,11,8,2025-01-20T02:00:00.000+0000,2025-01-20T06:00:00.000+0000,long,5,0.06699942,0.00000000,0.00050000,signal_close
pdl_reclaim_long,BTCUSDT,random_search,278037,11,9,2025-02-01T11:00:00.000+0000,2025-02-01T12:00:00.000+0000,long,2,0.00570945,0.00000000,0.00050000,signal_close
pdl_reclaim_long,BTCUSDT,random_search,278037,11,10,2025-02-07T22:00:00.000+0000,2025-02-08T09:00:00.000+0000,long,12,0.00120437,-0.00002963,0.00050000,signal_close
pdl_reclaim_long,BTCUSDT,random_search,278037,11,11,2025-02-10T00:00:00.000+0000,2025-02-10T11:00:00.000+0000,long,12,0.01193678,0.00010978,0.00050000,signal_close
pdl_reclaim_long,BTCUSDT,random_search,278037,11,12,2025-02-11T22:00:00.000+0000,2025-02-12T09:00:00.000+0000,long,12,-0.00298940,0.00006197,0.00050000,signal_close
pdl_reclaim_long,BTCUSDT,random_search,278037,11,13,2025-02-12T15:00:00.000+0000,2025-02-13T02:00:00.000+0000,long,12,0.01866554,0.00014960,0.00050000,signal_close
pdl_reclaim_long,BTCUSDT,random_search,278037,11,14,2025-02-18T10:00:00.000+0000,2025-02-18T16:00:00.000+0000,long,7,-0.01253521,0.00010000,0.00050000,signal_close
pdl_reclaim_long,BTCUSDT,random_search,278037,11,15,2025-02-24T06:00:00.000+0000,2025-02-24T14:00:00.000+0000,long,9,-0.01146670,0.00006881,0.00050000,signal_close
pdl_reclaim_long,BTCUSDT,random_search,278037,11,16,2025-02-25T02:00:00.000+0000,2025-02-25T07:00:00.000+0000,long,6,-0.03021591,0.00000000,0.00050000,signal_close
pdl_reclaim_long,BTCUSDT,random_search,278037,11,17,2025-03-11T02:00:00.000+0000,2025-03-11T13:00:00.000+0000,long,12,0.02184755,0.00003260,0.00050000,signal_close
pdl_reclaim_long,BTCUSDT,random_search,278037,12,1,2025-04-06T16:00:00.000+0000,2025-04-06T16:00:00.000+0000,long,1,-0.00734752,-0.00000603,0.00050000,signal_close
pdl_reclaim_long,BTCUSDT,random_search,278037,12,2,2025-05-25T11:00:00.000+0000,2025-05-25T15:00:00.000+0000,long,5,-0.00025509,0.00000000,0.00050000,signal_close
pdl_reclaim_long,BTCUSDT,random_search,278037,13,1,2025-06-22T14:00:00.000+0000,2025-06-22T14:00:00.000+0000,long,1,-0.01265853,0.00000000,0.00050000,signal_close
pdl_reclaim_long,BTCUSDT,random_search,278037,13,2,2025-07-28T20:00:00.000+0000,2025-07-28T20:00:00.000+0000,long,1,-0.00077361,0.00000000,0.00050000,signal_close
pdl_reclaim_long,BTCUSDT,random_search,278037,13,3,2025-07-29T17:00:00.000+0000,2025-07-29T20:00:00.000+0000,long,4,-0.00247602,0.00000000,0.00050000,signal_close
pdl_reclaim_long,BTCUSDT,random_search,278037,13,4,2025-08-22T13:00:00.000+0000,2025-08-22T14:00:00.000+0000,long,2,0.03013717,0.00000000,0.00050000,signal_close
pdl_reclaim_long,BTCUSDT,random_search,278037,13,5,2025-08-26T02:00:00.000+0000,2025-08-26T21:00:00.000+0000,long,20,0.01462849,0.00013900,0.00050000,signal_close
pdl_reclaim_long,BTCUSDT,random_search,278037,13,6,2025-09-06T17:00:00.000+0000,2025-09-08T08:00:00.000+0000,long,40,0.01218681,0.00028636,0.00050000,signal_close
pdl_reclaim_long,BTCUSDT,random_search,278037,14,1,2025-10-09T16:00:00.000+0000,2025-10-09T16:00:00.000+0000,long,1,-0.01147678,0.00001455,0.00050000,signal_close
pdl_reclaim_long,BTCUSDT,random_search,341110,0,1,2022-04-11T03:00:00.000+0000,2022-04-11T09:00:00.000+0000,long,7,-0.01382785,0.00010000,0.00050000,signal_close
pdl_reclaim_long,BTCUSDT,random_search,341110,0,2,2022-04-26T20:00:00.000+0000,2022-04-26T20:00:00.000+0000,long,1,-0.00432739,0.00000000,0.00050000,signal_close
pdl_reclaim_long,BTCUSDT,random_search,341110,0,3,2022-05-14T16:00:00.000+0000,2022-05-14T16:00:00.000+0000,long,1,0.01754490,0.00010000,0.00050000,signal_close
pdl_reclaim_long,BTCUSDT,random_search,341110,0,4,2022-05-16T08:00:00.000+0000,2022-05-16T15:00:00.000+0000,long,8,0.00281726,0.00008883,0.00050000,signal_close
pdl_reclaim_long,BTCUSDT,random_search,341110,1,1,2022-07-12T03:00:00.000+0000,2022-07-12T07:00:00.000+0000,long,5,-0.01245980,0.00000000,0.00050000,signal_close
pdl_reclaim_long,BTCUSDT,random_search,341110,1,2,2022-07-31T22:00:00.000+0000,2022-07-31T22:00:00.000+0000,long,1,-0.00953651,0.00000000,0.00050000,signal_close
pdl_reclaim_long,BTCUSDT,random_search,341110,1,3,2022-08-10T03:00:00.000+0000,2022-08-10T12:00:00.000+0000,long,10,0.04582462,0.00000581,0.00050000,signal_close
pdl_reclaim_long,BTCUSDT,random_search,341110,1,4,2022-08-12T02:00:00.000+0000,2022-08-12T11:00:00.000+0000,long,10,-0.01011673,0.00001412,0.00050000,signal_close
pdl_reclaim_long,BTCUSDT,random_search,341110,1,5,2022-08-16T17:00:00.000+0000,2022-08-17T12:00:00.000+0000,long,20,-0.00569160,0.00000728,0.00050000,signal_close
pdl_reclaim_long,BTCUSDT,random_search,341110,1,6,2022-08-27T07:00:00.000+0000,2022-08-27T15:00:00.000+0000,long,9,-0.00960685,-0.00006290,0.00050000,signal_close
pdl_reclaim_long,BTCUSDT,random_search,341110,1,7,2022-09-07T04:00:00.000+0000,2022-09-07T20:00:00.000+0000,long,17,0.03328468,-0.00000751,0.00050000,
pdl_reclaim_long,BTCUSDT,random_search,341110,1,8,2022-09-07T21:00:00.000+0000,2022-09-09T03:00:00.000+0000,long,31,0.01427283,0.00005463,0.00025000,signal_close
pdl_reclaim_long,BTCUSDT,random_search,341110,1,9,2022-09-14T22:00:00.000+0000,2022-09-15T01:00:00.000+0000,long,4,-0.00080602,0.00000324,0.00050000,signal_close
pdl_reclaim_long,BTCUSDT,random_search,341110,1,10,2022-09-16T17:00:00.000+0000,2022-09-16T17:00:00.000+0000,long,1,-0.00517060,0.00000000,0.00050000,signal_close
pdl_reclaim_long,BTCUSDT,random_search,341110,2,1,2022-10-02T13:00:00.000+0000,2022-10-02T14:00:00.000+0000,long,2,-0.00336655,0.00000000,0.00050000,signal_close
pdl_reclaim_long,BTCUSDT,random_search,341110,2,2,2022-10-07T08:00:00.000+0000,2022-10-07T12:00:00.000+0000,long,5,-0.01599241,0.00010000,0.00050000,signal_close
pdl_reclaim_long,BTCUSDT,random_search,341110,2,3,2022-10-08T23:00:00.000+0000,2022-10-09T10:00:00.000+0000,long,12,0.00605897,0.00005022,0.00050000,signal_close
pdl_reclaim_long,BTCUSDT,random_search,341110,2,4,2022-10-11T02:00:00.000+0000,2022-10-11T14:00:00.000+0000,long,13,-0.00056982,0.00010000,0.00050000,signal_close
pdl_reclaim_long,BTCUSDT,random_search,341110,2,5,2022-10-15T10:00:00.000+0000,2022-10-15T23:00:00.000+0000,long,14,-0.00256708,0.00004563,0.00050000,signal_close
pdl_reclaim_long,BTCUSDT,random_search,341110,2,6,2022-10-19T15:00:00.000+0000,2022-10-20T00:00:00.000+0000,long,10,-0.01016738,0.00020000,0.00050000,signal_close
pdl_reclaim_long,BTCUSDT,random_search,341110,2,7,2022-10-28T03:00:00.000+0000,2022-10-28T08:00:00.000+0000,long,6,-0.00272668,0.00003541,0.00050000,signal_close
pdl_reclaim_long,BTCUSDT,random_search,341110,2,8,2022-10-30T18:00:00.000+0000,2022-10-30T22:00:00.000+0000,long,5,-0.00407952,0.00000000,0.00050000,signal_close
pdl_reclaim_long,BTCUSDT,random_search,341110,2,9,2022-11-03T13:00:00.000+0000,2022-11-03T14:00:00.000+0000,long,2,0.00990476,0.00000000,0.00050000,signal_close
pdl_reclaim_long,BTCUSDT,random_search,341110,2,10,2022-11-07T02:00:00.000+0000,2022-11-07T03:00:00.000+0000,long,2,-0.00391319,0.00000000,0.00050000,signal_close
pdl_reclaim_long,BTCUSDT,random_search,341110,2,11,2022-11-09T18:00:00.000+0000,2022-11-09T18:00:00.000+0000,long,1,-0.02137182,0.00000000,0.00050000,signal_close
pdl_reclaim_long,BTCUSDT,random_search,341110,2,12,2022-11-13T09:00:00.000+0000,2022-11-13T09:00:00.000+0000,long,1,-0.00708511,0.00000000,0.00050000,signal_close
pdl_reclaim_long,BTCUSDT,random_search,341110,2,13,2022-11-21T02:00:00.000+0000,2022-11-21T02:00:00.000+0000,long,1,-0.01279296,0.00000000,0.00050000,signal_close
pdl_reclaim_long,BTCUSDT,random_search,341110,2,14,2022-12-02T15:00:00.000+0000,2022-12-02T22:00:00.000+0000,long,8,0.00739653,-0.00003753,0.00050000,signal_close
pdl_reclaim_long,BTCUSDT,random_search,341110,2,15,2022-12-15T08:00:00.000+0000,2022-12-15T13:00:00.000+0000,long,6,-0.01121890,0.00010000,0.00050000,signal_close
pdl_reclaim_long,BTCUSDT,random_search,341110,2,16,2022-12-19T05:00:00.000+0000,2022-12-19T16:00:00.000+0000,long,12,-0.00508382,0.00007989,0.00050000,signal_close
pdl_reclaim_long,BTCUSDT,random_search,341110,3,1,2023-01-22T21:00:00.000+0000,2023-01-23T08:00:00.000+0000,long,12,0.01058927,0.00020000,0.00050000,signal_close
pdl_reclaim_long,BTCUSDT,random_search,341110,3,2,2023-02-06T06:00:00.000+0000,2023-02-06T16:00:00.000+0000,long,11,0.00920880,0.00020000,0.00050000,
pdl_reclaim_long,BTCUSDT,random_search,341110,3,3,2023-02-06T17:00:00.000+0000,2023-02-06T17:00:00.000+0000,long,1,0.00049357,0.00000000,0.00025000,signal_close
pdl_reclaim_long,BTCUSDT,random_search,341110,3,4,2023-02-10T06:00:00.000+0000,2023-02-10T15:00:00.000+0000,long,10,-0.00705440,0.00010000,0.00050000,signal_close
pdl_reclaim_long,BTCUSDT,random_search,341110,3,5,2023-02-17T01:00:00.000+0000,2023-02-17T12:00:00.000+0000,long,12,0.00582029,0.00010000,0.00050000,signal_close
pdl_reclaim_long,BTCUSDT,random_search,341110,3,6,2023-02-22T02:00:00.000+0000,2023-02-22T02:00:00.000+0000,long,1,-0.00083508,0.00000000,0.00050000,signal_close
pdl_reclaim_long,BTCUSDT,random_search,341110,3,7,2023-02-25T21:00:00.000+0000,2023-02-26T08:00:00.000+0000,long,12,0.00929154,0.00010132,0.00050000,signal_close
pdl_reclaim_long,BTCUSDT,random_search,341110,3,8,2023-02-28T22:00:00.000+0000,2023-03-01T03:00:00.000+0000,long,6,0.01263610,0.00000185,0.00050000,
pdl_reclaim_long,BTCUSDT,random_search,341110,3,9,2023-03-01T04:00:00.000+0000,2023-03-01T08:00:00.000+0000,long,5,0.00888382,0.00005000,0.00025000,signal_close
pdl_reclaim_long,BTCUSDT,random_search,341110,3,10,2023-03-15T18:00:00.000+0000,2023-03-16T05:00:00.000+0000,long,12,0.00171997,0.00010000,0.00050000,signal_close
pdl_reclaim_long,BTCUSDT,random_search,341110,3,11,2023-03-24T22:00:00.000+0000,2023-03-25T09:00:00.000+0000,long,12,0.00519712,0.00000115,0.00050000,signal_close
pdl_reclaim_long,BTCUSDT,random_search,341110,4,1,2023-03-31T08:00:00.000+0000,2023-03-31T13:00:00.000+0000,long,6,0.02188853,0.00006358,0.00050000,
pdl_reclaim_long,BTCUSDT,random_search,341110,4,2,2023-03-31T14:00:00.000+0000,2023-04-02T07:00:00.000+0000,long,42,0.00031113,0.00021683,0.00025000,signal_close
pdl_reclaim_long,BTCUSDT,random_search,341110,4,3,2023-04-06T11:00:00.000+0000,2023-04-08T10:00:00.000+0000,long,48,0.00549482,-0.00001655,0.00050000,signal_close
pdl_reclaim_long,BTCUSDT,random_search,341110,4,4,2023-04-18T02:00:00.000+0000,2023-04-18T07:00:00.000+0000,long,6,0.01293079,0.00000000,0.00050000,
pdl_reclaim_long,BTCUSDT,random_search,341110,4,5,2023-04-18T08:00:00.000+0000,2023-04-18T11:00:00.000+0000,long,4,0.01002297,-0.00000255,0.00025000,signal_close
pdl_reclaim_long,BTCUSDT,random_search,341110,4,6,2023-04-19T09:00:00.000+0000,2023-04-19T23:00:00.000+0000,long,15,-0.01260351,-0.00000081,0.00050000,signal_close
pdl_reclaim_long,BTCUSDT,random_search,341110,4,7,2023-04-24T10:00:00.000+0000,2023-04-24T11:00:00.000+0000,long,2,0.00826855,0.00000000,0.00050000,
pdl_reclaim_long,BTCUSDT,random_search,341110,4,8,2023-04-24T12:00:00.000+0000,2023-04-24T14:00:00.000+0000,long,3,-0.00246453,0.00000000,0.00025000,signal_close
pdl_reclaim_long,BTCUSDT,random_search,341110,4,9,2023-05-06T17:00:00.000+0000,2023-05-07T23:00:00.000+0000,long,31,-0.00980972,0.00014414,0.00050000,signal_close
pdl_reclaim_long,BTCUSDT,random_search,341110,4,10,2023-05-18T19:00:00.000+0000,2023-05-18T21:00:00.000+0000,long,3,0.01079173,0.00000000,0.00050000,
pdl_reclaim_long,BTCUSDT,random_search,341110,4,11,2023-05-18T22:00:00.000+0000,2023-05-20T18:00:00.000+0000,long,45,0.00188188,0.00008962,0.00025000,signal_close
pdl_reclaim_long,BTCUSDT,random_search,341110,4,12,2023-05-24T05:00:00.000+0000,2023-05-24T06:00:00.000+0000,long,2,-0.00391034,0.00000000,0.00050000,signal_close
pdl_reclaim_long,BTCUSDT,random_search,341110,4,13,2023-05-25T02:00:00.000+0000,2023-05-25T19:00:00.000+0000,long,18,0.01239383,0.00020000,0.00050000,
pdl_reclaim_long,BTCUSDT,random_search,341110,4,14,2023-05-25T20:00:00.000+0000,2023-05-27T01:00:00.000+0000,long,30,0.00428991,0.00015841,0.00025000,signal_close
pdl_reclaim_long,BTCUSDT,random_search,341110,5,1,2023-06-28T09:00:00.000+0000,2023-06-28T12:00:00.000+0000,long,4,-0.00619541,0.00000000,0.00050000,signal_close
pdl_reclaim_long,BTCUSDT,random_search,341110,5,2,2023-07-07T01:00:00.000+0000,2023-07-07T12:00:00.000+0000,long,12,0.00449139,0.00004221,0.00050000,signal_close
pdl_reclaim_long,BTCUSDT,random_search,341110,5,3,2023-07-12T20:00:00.000+0000,2023-07-13T07:00:00.000+0000,long,12,0.00238988,-0.00001135,0.00050000,signal_close
pdl_reclaim_long,BTCUSDT,random_search,341110,5,4,2023-07-24T05:00:00.000+0000,2023-07-24T09:00:00.000+0000,long,5,-0.02117415,0.00004338,0.00050000,signal_close
pdl_reclaim_long,BTCUSDT,random_search,341110,5,5,2023-07-27T19:00:00.000+0000,2023-07-28T06:00:00.000+0000,long,12,0.00097294,0.00004373,0.00050000,signal_close
pdl_reclaim_long,BTCUSDT,random_search,341110,5,6,2023-08-10T18:00:00.000+0000,2023-08-11T05:00:00.000+0000,long,12,0.00095987,0.00010000,0.00050000,signal_close
pdl_reclaim_long,BTCUSDT,random_search,341110,5,7,2023-08-15T20:00:00.000+0000,2023-08-16T07:00:00.000+0000,long,12,-0.00009214,0.00010000,0.00050000,signal_close
pdl_reclaim_long,BTCUSDT,random_search,341110,5,8,2023-08-25T16:00:00.000+0000,2023-08-26T03:00:00.000+0000,long,12,0.00556192,0.00009038,0.00050000,signal_close
pdl_reclaim_long,BTCUSDT,random_search,341110,5,9,2023-09-01T16:00:00.000+0000,2023-09-01T17:00:00.000+0000,long,2,-0.01339763,0.00006254,0.00050000,signal_close
pdl_reclaim_long,BTCUSDT,random_search,341110,5,10,2023-09-17T01:00:00.000+0000,2023-09-17T01:00:00.000+0000,long,1,0.00062656,0.00000000,0.00050000,signal_close
pdl_reclaim_long,BTCUSDT,random_search,341110,6,1,2023-09-24T19:00:00.000+0000,2023-09-24T19:00:00.000+0000,long,1,-0.00607173,0.00000000,0.00050000,signal_close
pdl_reclaim_long,BTCUSDT,random_search,341110,6,2,2023-09-25T01:00:00.000+0000,2023-09-27T00:00:00.000+0000,long,48,-0.00040692,0.00023802,0.00050000,signal_close
pdl_reclaim_long,BTCUSDT,random_search,341110,6,3,2023-09-27T15:00:00.000+0000,2023-09-28T00:00:00.000+0000,long,10,0.00882045,0.00002748,0.00050000,signal_close
pdl_reclaim_long,BTCUSDT,random_search,341110,6,4,2023-10-06T14:00:00.000+0000,2023-10-06T21:00:00.000+0000,long,8,0.01820178,-0.00003149,0.00050000,signal_close
pdl_reclaim_long,BTCUSDT,random_search,341110,6,5,2023-10-19T02:00:00.000+0000,2023-10-19T12:00:00.000+0000,long,11,0.00789842,-0.00000624,0.00050000,signal_close
pdl_reclaim_long,BTCUSDT,random_search,341110,6,6,2023-10-31T09:00:00.000+0000,2023-11-01T13:00:00.000+0000,long,29,0.00512002,0.00030000,0.00050000,signal_close
pdl_reclaim_long,BTCUSDT,random_search,341110,6,7,2023-11-03T09:00:00.000+0000,2023-11-03T10:00:00.000+0000,long,2,-0.00448085,0.00000000,0.00050000,signal_close
pdl_reclaim_long,BTCUSDT,random_search,341110,6,8,2023-11-05T22:00:00.000+0000,2023-11-05T23:00:00.000+0000,long,2,0.01024407,0.00000000,0.00050000,signal_close
pdl_reclaim_long,BTCUSDT,random_search,341110,6,9,2023-11-21T15:00:00.000+0000,2023-11-21T15:00:00.000+0000,long,1,0.00848310,0.00000000,0.00050000,signal_close
pdl_reclaim_long,BTCUSDT,random_search,341110,6,10,2023-11-22T01:00:00.000+0000,2023-11-22T18:00:00.000+0000,long,18,0.02931560,0.00020000,0.00050000,signal_close
pdl_reclaim_long,BTCUSDT,random_search,341110,6,11,2023-11-26T13:00:00.000+0000,2023-11-26T16:00:00.000+0000,long,4,-0.01125879,0.00010000,0.00050000,signal_close
pdl_reclaim_long,BTCUSDT,random_search,341110,6,12,2023-11-27T08:00:00.000+0000,2023-11-27T10:00:00.000+0000,long,3,-0.00519973,0.00010000,0.00050000,signal_close
pdl_reclaim_long,BTCUSDT,random_search,341110,6,13,2023-11-30T15:00:00.000+0000,2023-12-01T04:00:00.000+0000,long,14,0.01316893,0.00020000,0.00050000,signal_close
pdl_reclaim_long,BTCUSDT,random_search,341110,6,14,2023-12-13T03:00:00.000+0000,2023-12-13T16:00:00.000+0000,long,14,0.02017285,0.00022763,0.00050000,signal_close
pdl_reclaim_long,BTCUSDT,random_search,341110,6,15,2023-12-16T01:00:00.000+0000,2023-12-16T13:00:00.000+0000,long,13,0.01087279,0.00010000,0.00050000,signal_close
pdl_reclaim_long,BTCUSDT,random_search,341110,7,1,2024-01-12T14:00:00.000+0000,2024-01-12T14:00:00.000+0000,long,1,-0.00761097,0.00000000,0.00050000,signal_close
pdl_reclaim_long,BTCUSDT,random_search,341110,7,2,2024-02-21T15:00:00.000+0000,2024-02-21T23:00:00.000+0000,long,9,0.01718908,0.00010000,0.00050000,
pdl_reclaim_long,BTCUSDT,random_search,341110,7,3,2024-02-22T00:00:00.000+0000,2024-02-22T13:00:00.000+0000,long,14,-0.00695730,0.00011740,0.00025000,signal_close
pdl_reclaim_long,BTCUSDT,random_search,341110,7,4,2024-02-23T10:00:00.000+0000,2024-02-23T14:00:00.000+0000,long,5,0.00169400,0.00000000,0.00050000,signal_close
pdl_reclaim_long,BTCUSDT,random_search,341110,8,1,2024-03-27T15:00:00.000+0000,2024-03-27T15:00:00.000+0000,long,1,-0.01769290,0.00000000,0.00050000,signal_close
pdl_reclaim_long,BTCUSDT,random_search,341110,8,2,2024-04-01T07:00:00.000+0000,2024-04-01T14:00:00.000+0000,long,8,-0.01084070,0.00033491,0.00050000,signal_close
pdl_reclaim_long,BTCUSDT,random_search,341110,8,3,2024-04-09T15:00:00.000+0000,2024-04-09T15:00:00.000+0000,long,1,-0.00184263,0.00000000,0.00050000,signal_close
pdl_reclaim_long,BTCUSDT,random_search,341110,8,4,2024-04-10T14:00:00.000+0000,2024-04-10T16:00:00.000+0000,long,3,0.01752048,0.00010000,0.00050000,signal_close
pdl_reclaim_long,BTCUSDT,random_search,341110,8,5,2024-04-16T05:00:00.000+0000,2024-04-16T16:00:00.000+0000,long,12,0.00383340,0.00013038,0.00050000,signal_close
pdl_reclaim_long,BTCUSDT,random_search,341110,8,6,2024-04-19T02:00:00.000+0000,2024-04-19T02:00:00.000+0000,long,1,0.00497705,0.00000000,0.00050000,signal_close
pdl_reclaim_long,BTCUSDT,random_search,341110,8,7,2024-04-25T12:00:00.000+0000,2024-04-25T12:00:00.000+0000,long,1,-0.00736387,0.00000000,0.00050000,signal_close
pdl_reclaim_long,BTCUSDT,random_search,341110,8,8,2024-04-30T11:00:00.000+0000,2024-04-30T11:00:00.000+0000,long,1,-0.00983951,0.00000000,0.00050000,signal_close
pdl_reclaim_long,BTCUSDT,random_search,341110,8,9,2024-05-06T20:00:00.000+0000,2024-05-07T07:00:00.000+0000,long,12,0.00661163,0.00006064,0.00050000,signal_close
pdl_reclaim_long,BTCUSDT,random_search,341110,8,10,2024-05-09T12:00:00.000+0000,2024-05-09T15:00:00.000+0000,long,4,0.01729892,0.00000000,0.00050000,signal_close
pdl_reclaim_long,BTCUSDT,random_search,341110,8,11,2024-05-10T17:00:00.000+0000,2024-05-10T17:00:00.000+0000,long,1,-0.01146537,0.00000000,0.00050000,signal_close
pdl_reclaim_long,BTCUSDT,random_search,341110,8,12,2024-05-22T22:00:00.000+0000,2024-05-23T09:00:00.000+0000,long,12,0.00156096,0.00020000,0.00050000,signal_close
pdl_reclaim_long,BTCUSDT,random_search,341110,8,13,2024-05-26T22:00:00.000+0000,2024-05-27T01:00:00.000+0000,long,4,0.00736774,0.00010000,0.00050000,signal_close
pdl_reclaim_long,BTCUSDT,random_search,341110,8,14,2024-05-31T17:00:00.000+0000,2024-05-31T19:00:00.000+0000,long,3,0.00659239,0.00000000,0.00050000,signal_close
pdl_reclaim_long,BTCUSDT,random_search,341110,8,15,2024-06-06T21:00:00.000+0000,2024-06-07T08:00:00.000+0000,long,12,0.00485999,0.00020000,0.00050000,signal_close
pdl_reclaim_long,BTCUSDT,random_search,341110,8,16,2024-06-13T17:00:00.000+0000,2024-06-14T04:00:00.000+0000,long,12,-0.00452248,0.00010000,0.00050000,signal_close
pdl_reclaim_long,BTCUSDT,random_search,341110,9,1,2024-06-20T18:00:00.000+0000,2024-06-21T03:00:00.000+0000,long,10,-0.00784555,0.00003344,0.00050000,signal_close
pdl_reclaim_long,BTCUSDT,random_search,341110,9,2,2024-06-21T06:00:00.000+0000,2024-06-21T07:00:00.000+0000,long,2,-0.00765384,0.00000000,0.00050000,signal_close
pdl_reclaim_long,BTCUSDT,random_search,341110,9,3,2024-06-27T08:00:00.000+0000,2024-06-27T09:00:00.000+0000,long,2,0.00745261,0.00010000,0.00050000,signal_close
pdl_reclaim_long,BTCUSDT,random_search,341110,9,4,2024-07-02T11:00:00.000+0000,2024-07-02T14:00:00.000+0000,long,4,-0.01139402,0.00000000,0.00050000,signal_close
pdl_reclaim_long,BTCUSDT,random_search,341110,9,5,2024-07-23T09:00:00.000+0000,2024-07-23T13:00:00.000+0000,long,5,-0.01230845,0.00000000,0.00050000,signal_close
pdl_reclaim_long,BTCUSDT,random_search,341110,9,6,2024-07-29T22:00:00.000+0000,2024-07-29T23:00:00.000+0000,long,2,-0.01104927,0.00000000,0.00050000,signal_close
pdl_reclaim_long,BTCUSDT,random_search,341110,9,7,2024-08-03T03:00:00.000+0000,2024-08-03T14:00:00.000+0000,long,12,0.00824839,0.00009788,0.00050000,signal_close
pdl_reclaim_long,BTCUSDT,random_search,341110,9,8,2024-08-12T02:00:00.000+0000,2024-08-12T07:00:00.000+0000,long,6,0.00082026,0.00000000,0.00050000,signal_close
pdl_reclaim_long,BTCUSDT,random_search,341110,9,9,2024-08-15T04:00:00.000+0000,2024-08-15T06:00:00.000+0000,long,3,-0.00635306,0.00000000,0.00050000,signal_close
pdl_reclaim_long,BTCUSDT,random_search,341110,9,10,2024-08-19T03:00:00.000+0000,2024-08-19T09:00:00.000+0000,long,7,-0.01159096,-0.00006750,0.00050000,signal_close
pdl_reclaim_long,BTCUSDT,random_search,341110,9,11,2024-08-27T04:00:00.000+0000,2024-08-27T09:00:00.000+0000,long,6,-0.00521035,0.00001751,0.00050000,signal_close
pdl_reclaim_long,BTCUSDT,random_search,341110,9,12,2024-09-06T09:00:00.000+0000,2024-09-06T12:00:00.000+0000,long,4,0.01870119,0.00000000,0.00050000,signal_close
pdl_reclaim_long,BTCUSDT,random_search,341110,10,1,2024-09-26T02:00:00.000+0000,2024-09-26T08:00:00.000+0000,long,7,0.00838571,0.00006246,0.00050000,signal_close
pdl_reclaim_long,BTCUSDT,random_search,341110,10,2,2024-11-25T17:00:00.000+0000,2024-11-25T17:00:00.000+0000,long,1,-0.00764441,0.00000000,0.00050000,signal_close
pdl_reclaim_long,BTCUSDT,random_search,341110,10,3,2024-12-13T03:00:00.000+0000,2024-12-13T14:00:00.000+0000,long,12,0.01495245,0.00010000,0.00050000,signal_close
pdl_reclaim_long,BTCUSDT,random_search,341110,11,1,2024-12-18T03:00:00.000+0000,2024-12-18T03:00:00.000+0000,long,1,-0.00573710,0.00000000,0.00050000,signal_close
pdl_reclaim_long,BTCUSDT,random_search,341110,11,2,2024-12-23T03:00:00.000+0000,2024-12-23T14:00:00.000+0000,long,12,-0.00351770,0.00010000,0.00050000,signal_close
pdl_reclaim_long,BTCUSDT,random_search,341110,11,3,2024-12-27T15:00:00.000+0000,2024-12-27T15:00:00.000+0000,long,1,-0.01209552,0.00000000,0.00050000,signal_close
pdl_reclaim_long,BTCUSDT,random_search,341110,11,4,2025-01-05T19:00:00.000+0000,2025-01-06T02:00:00.000+0000,long,8,0.00873194,0.00010000,0.00050000,signal_close
pdl_reclaim_long,BTCUSDT,random_search,341110,11,5,2025-01-08T06:00:00.000+0000,2025-01-08T06:00:00.000+0000,long,1,-0.01280526,0.00000000,0.00050000,signal_close
pdl_reclaim_long,BTCUSDT,random_search,341110,11,6,2025-01-09T18:00:00.000+0000,2025-01-09T20:00:00.000+0000,long,3,-0.00908984,0.00000000,0.00050000,signal_close
pdl_reclaim_long,BTCUSDT,random_search,341110,11,7,2025-01-12T11:00:00.000+0000,2025-01-12T13:00:00.000+0000,long,3,0.00639325,0.00000000,0.00050000,signal_close
pdl_reclaim_long,BTCUSDT,random_search,341110,11,8,2025-01-20T02:00:00.000+0000,2025-01-20T06:00:00.000+0000,long,5,0.06699942,0.00000000,0.00050000,signal_close
pdl_reclaim_long,BTCUSDT,random_search,341110,11,9,2025-02-01T11:00:00.000+0000,2025-02-01T12:00:00.000+0000,long,2,0.00570945,0.00000000,0.00050000,signal_close
pdl_reclaim_long,BTCUSDT,random_search,341110,11,10,2025-02-07T22:00:00.000+0000,2025-02-08T09:00:00.000+0000,long,12,0.00120437,-0.00002963,0.00050000,signal_close
pdl_reclaim_long,BTCUSDT,random_search,341110,11,11,2025-02-10T00:00:00.000+0000,2025-02-10T11:00:00.000+0000,long,12,0.01193678,0.00010978,0.00050000,signal_close
pdl_reclaim_long,BTCUSDT,random_search,341110,11,12,2025-02-11T22:00:00.000+0000,2025-02-12T09:00:00.000+0000,long,12,-0.00298940,0.00006197,0.00050000,signal_close
pdl_reclaim_long,BTCUSDT,random_search,341110,11,13,2025-02-12T15:00:00.000+0000,2025-02-13T02:00:00.000+0000,long,12,0.01866554,0.00014960,0.00050000,signal_close
pdl_reclaim_long,BTCUSDT,random_search,341110,11,14,2025-02-18T10:00:00.000+0000,2025-02-18T16:00:00.000+0000,long,7,-0.01253521,0.00010000,0.00050000,signal_close
pdl_reclaim_long,BTCUSDT,random_search,341110,11,15,2025-02-24T06:00:00.000+0000,2025-02-24T14:00:00.000+0000,long,9,-0.01146670,0.00006881,0.00050000,signal_close
pdl_reclaim_long,BTCUSDT,random_search,341110,11,16,2025-02-25T02:00:00.000+0000,2025-02-25T07:00:00.000+0000,long,6,-0.03021591,0.00000000,0.00050000,signal_close
pdl_reclaim_long,BTCUSDT,random_search,341110,11,17,2025-03-11T02:00:00.000+0000,2025-03-11T13:00:00.000+0000,long,12,0.02184755,0.00003260,0.00050000,signal_close
pdl_reclaim_long,BTCUSDT,random_search,341110,12,1,2025-04-06T16:00:00.000+0000,2025-04-06T16:00:00.000+0000,long,1,-0.00734752,-0.00000603,0.00050000,signal_close
pdl_reclaim_long,BTCUSDT,random_search,341110,12,2,2025-05-25T11:00:00.000+0000,2025-05-25T15:00:00.000+0000,long,5,-0.00025509,0.00000000,0.00050000,signal_close
pdl_reclaim_long,BTCUSDT,random_search,341110,13,1,2025-06-22T14:00:00.000+0000,2025-06-22T14:00:00.000+0000,long,1,-0.01265853,0.00000000,0.00050000,signal_close
pdl_reclaim_long,BTCUSDT,random_search,341110,13,2,2025-07-28T20:00:00.000+0000,2025-07-28T20:00:00.000+0000,long,1,-0.00077361,0.00000000,0.00050000,signal_close
pdl_reclaim_long,BTCUSDT,random_search,341110,13,3,2025-07-29T17:00:00.000+0000,2025-07-29T20:00:00.000+0000,long,4,-0.00247602,0.00000000,0.00050000,signal_close
pdl_reclaim_long,BTCUSDT,random_search,341110,13,4,2025-08-22T13:00:00.000+0000,2025-08-22T14:00:00.000+0000,long,2,0.03013717,0.00000000,0.00050000,signal_close
pdl_reclaim_long,BTCUSDT,random_search,341110,13,5,2025-08-26T02:00:00.000+0000,2025-08-26T21:00:00.000+0000,long,20,0.01462849,0.00013900,0.00050000,signal_close
pdl_reclaim_long,BTCUSDT,random_search,341110,13,6,2025-09-06T17:00:00.000+0000,2025-09-08T08:00:00.000+0000,long,40,0.01218681,0.00028636,0.00050000,signal_close
pdl_reclaim_long,BTCUSDT,random_search,341110,14,1,2025-10-09T16:00:00.000+0000,2025-10-09T16:00:00.000+0000,long,1,-0.01147678,0.00001455,0.00050000,signal_close
pdl_reclaim_long,BTCUSDT,random_search,605142,0,1,2022-04-11T03:00:00.000+0000,2022-04-11T09:00:00.000+0000,long,7,-0.01382785,0.00010000,0.00050000,signal_close
pdl_reclaim_long,BTCUSDT,random_search,605142,0,2,2022-04-26T20:00:00.000+0000,2022-04-26T20:00:00.000+0000,long,1,-0.00432739,0.00000000,0.00050000,signal_close
pdl_reclaim_long,BTCUSDT,random_search,605142,0,3,2022-05-14T16:00:00.000+0000,2022-05-14T16:00:00.000+0000,long,1,0.01754490,0.00010000,0.00050000,signal_close
pdl_reclaim_long,BTCUSDT,random_search,605142,0,4,2022-05-16T08:00:00.000+0000,2022-05-16T15:00:00.000+0000,long,8,0.00281726,0.00008883,0.00050000,signal_close
pdl_reclaim_long,BTCUSDT,random_search,605142,1,1,2022-07-12T03:00:00.000+0000,2022-07-12T07:00:00.000+0000,long,5,-0.01245980,0.00000000,0.00050000,signal_close
pdl_reclaim_long,BTCUSDT,random_search,605142,1,2,2022-07-31T22:00:00.000+0000,2022-07-31T22:00:00.000+0000,long,1,-0.00953651,0.00000000,0.00050000,signal_close
pdl_reclaim_long,BTCUSDT,random_search,605142,1,3,2022-08-10T03:00:00.000+0000,2022-08-10T12:00:00.000+0000,long,10,0.04582462,0.00000581,0.00050000,signal_close
pdl_reclaim_long,BTCUSDT,random_search,605142,1,4,2022-08-12T02:00:00.000+0000,2022-08-12T11:00:00.000+0000,long,10,-0.01011673,0.00001412,0.00050000,signal_close
pdl_reclaim_long,BTCUSDT,random_search,605142,1,5,2022-08-16T17:00:00.000+0000,2022-08-17T12:00:00.000+0000,long,20,-0.00569160,0.00000728,0.00050000,signal_close
pdl_reclaim_long,BTCUSDT,random_search,605142,1,6,2022-08-27T07:00:00.000+0000,2022-08-27T15:00:00.000+0000,long,9,-0.00960685,-0.00006290,0.00050000,signal_close
pdl_reclaim_long,BTCUSDT,random_search,605142,1,7,2022-09-07T04:00:00.000+0000,2022-09-07T20:00:00.000+0000,long,17,0.03328468,-0.00000751,0.00050000,
pdl_reclaim_long,BTCUSDT,random_search,605142,1,8,2022-09-07T21:00:00.000+0000,2022-09-09T03:00:00.000+0000,long,31,0.01427283,0.00005463,0.00025000,signal_close
pdl_reclaim_long,BTCUSDT,random_search,605142,1,9,2022-09-14T22:00:00.000+0000,2022-09-15T01:00:00.000+0000,long,4,-0.00080602,0.00000324,0.00050000,signal_close
pdl_reclaim_long,BTCUSDT,random_search,605142,1,10,2022-09-16T17:00:00.000+0000,2022-09-16T17:00:00.000+0000,long,1,-0.00517060,0.00000000,0.00050000,signal_close
pdl_reclaim_long,BTCUSDT,random_search,605142,2,1,2022-10-02T13:00:00.000+0000,2022-10-02T14:00:00.000+0000,long,2,-0.00336655,0.00000000,0.00050000,signal_close
pdl_reclaim_long,BTCUSDT,random_search,605142,2,2,2022-10-07T08:00:00.000+0000,2022-10-07T12:00:00.000+0000,long,5,-0.01599241,0.00010000,0.00050000,signal_close
pdl_reclaim_long,BTCUSDT,random_search,605142,2,3,2022-10-08T23:00:00.000+0000,2022-10-09T10:00:00.000+0000,long,12,0.00605897,0.00005022,0.00050000,signal_close
pdl_reclaim_long,BTCUSDT,random_search,605142,2,4,2022-10-11T02:00:00.000+0000,2022-10-11T14:00:00.000+0000,long,13,-0.00056982,0.00010000,0.00050000,signal_close
pdl_reclaim_long,BTCUSDT,random_search,605142,2,5,2022-11-13T09:00:00.000+0000,2022-11-13T09:00:00.000+0000,long,1,-0.00708511,0.00000000,0.00050000,signal_close
pdl_reclaim_long,BTCUSDT,random_search,605142,2,6,2022-11-21T02:00:00.000+0000,2022-11-21T02:00:00.000+0000,long,1,-0.01279296,0.00000000,0.00050000,signal_close
pdl_reclaim_long,BTCUSDT,random_search,605142,2,7,2022-12-02T15:00:00.000+0000,2022-12-02T22:00:00.000+0000,long,8,0.00739653,-0.00003753,0.00050000,signal_close
pdl_reclaim_long,BTCUSDT,random_search,605142,2,8,2022-12-15T08:00:00.000+0000,2022-12-15T13:00:00.000+0000,long,6,-0.01121890,0.00010000,0.00050000,signal_close
pdl_reclaim_long,BTCUSDT,random_search,605142,2,9,2022-12-19T05:00:00.000+0000,2022-12-19T16:00:00.000+0000,long,12,-0.00508382,0.00007989,0.00050000,signal_close
pdl_reclaim_long,BTCUSDT,random_search,605142,3,1,2023-01-22T21:00:00.000+0000,2023-01-23T08:00:00.000+0000,long,12,0.01058927,0.00020000,0.00050000,signal_close
pdl_reclaim_long,BTCUSDT,random_search,605142,3,2,2023-02-06T06:00:00.000+0000,2023-02-06T16:00:00.000+0000,long,11,0.00920880,0.00020000,0.00050000,signal_close
pdl_reclaim_long,BTCUSDT,random_search,605142,3,3,2023-02-10T06:00:00.000+0000,2023-02-10T15:00:00.000+0000,long,10,-0.00705440,0.00010000,0.00050000,signal_close
pdl_reclaim_long,BTCUSDT,random_search,605142,3,4,2023-02-17T01:00:00.000+0000,2023-02-17T12:00:00.000+0000,long,12,0.00582029,0.00010000,0.00050000,signal_close
pdl_reclaim_long,BTCUSDT,random_search,605142,3,5,2023-02-22T02:00:00.000+0000,2023-02-22T02:00:00.000+0000,long,1,-0.00083508,0.00000000,0.00050000,signal_close
pdl_reclaim_long,BTCUSDT,random_search,605142,3,6,2023-02-25T21:00:00.000+0000,2023-02-26T08:00:00.000+0000,long,12,0.00929154,0.00010132,0.00050000,signal_close
pdl_reclaim_long,BTCUSDT,random_search,605142,3,7,2023-02-28T22:00:00.000+0000,2023-03-01T03:00:00.000+0000,long,6,0.01263610,0.00000185,0.00050000,signal_close
pdl_reclaim_long,BTCUSDT,random_search,605142,3,8,2023-03-15T18:00:00.000+0000,2023-03-16T05:00:00.000+0000,long,12,0.00171997,0.00010000,0.00050000,signal_close
pdl_reclaim_long,BTCUSDT,random_search,605142,3,9,2023-03-24T22:00:00.000+0000,2023-03-25T09:00:00.000+0000,long,12,0.00519712,0.00000115,0.00050000,signal_close
pdl_reclaim_long,BTCUSDT,random_search,605142,4,1,2023-03-31T08:00:00.000+0000,2023-03-31T13:00:00.000+0000,long,6,0.02188853,0.00006358,0.00050000,
pdl_reclaim_long,BTCUSDT,random_search,605142,4,2,2023-03-31T14:00:00.000+0000,2023-04-02T07:00:00.000+0000,long,42,0.00031113,0.00021683,0.00025000,signal_close
pdl_reclaim_long,BTCUSDT,random_search,605142,4,3,2023-04-06T11:00:00.000+0000,2023-04-08T10:00:00.000+0000,long,48,0.00549482,-0.00001655,0.00050000,signal_close
pdl_reclaim_long,BTCUSDT,random_search,605142,4,4,2023-04-18T02:00:00.000+0000,2023-04-18T07:00:00.000+0000,long,6,0.01293079,0.00000000,0.00050000,
pdl_reclaim_long,BTCUSDT,random_search,605142,4,5,2023-04-18T08:00:00.000+0000,2023-04-18T11:00:00.000+0000,long,4,0.01002297,-0.00000255,0.00025000,signal_close
pdl_reclaim_long,BTCUSDT,random_search,605142,4,6,2023-04-19T09:00:00.000+0000,2023-04-19T23:00:00.000+0000,long,15,-0.01260351,-0.00000081,0.00050000,signal_close
pdl_reclaim_long,BTCUSDT,random_search,605142,4,7,2023-04-24T10:00:00.000+0000,2023-04-24T11:00:00.000+0000,long,2,0.00826855,0.00000000,0.00050000,
pdl_reclaim_long,BTCUSDT,random_search,605142,4,8,2023-04-24T12:00:00.000+0000,2023-04-24T14:00:00.000+0000,long,3,-0.00246453,0.00000000,0.00025000,signal_close
pdl_reclaim_long,BTCUSDT,random_search,605142,4,9,2023-05-06T17:00:00.000+0000,2023-05-07T23:00:00.000+0000,long,31,-0.00980972,0.00014414,0.00050000,signal_close
pdl_reclaim_long,BTCUSDT,random_search,605142,4,10,2023-05-18T19:00:00.000+0000,2023-05-18T21:00:00.000+0000,long,3,0.01079173,0.00000000,0.00050000,
pdl_reclaim_long,BTCUSDT,random_search,605142,4,11,2023-05-18T22:00:00.000+0000,2023-05-20T18:00:00.000+0000,long,45,0.00188188,0.00008962,0.00025000,signal_close
pdl_reclaim_long,BTCUSDT,random_search,605142,4,12,2023-05-24T05:00:00.000+0000,2023-05-24T06:00:00.000+0000,long,2,-0.00391034,0.00000000,0.00050000,signal_close
pdl_reclaim_long,BTCUSDT,random_search,605142,4,13,2023-05-25T02:00:00.000+0000,2023-05-25T19:00:00.000+0000,long,18,0.01239383,0.00020000,0.00050000,
pdl_reclaim_long,BTCUSDT,random_search,605142,4,14,2023-05-25T20:00:00.000+0000,2023-05-27T01:00:00.000+0000,long,30,0.00428991,0.00015841,0.00025000,signal_close
pdl_reclaim_long,BTCUSDT,random_search,605142,5,1,2023-06-26T04:00:00.000+0000,2023-06-26T15:00:00.000+0000,long,12,0.00334911,0.00010000,0.00050000,signal_close
pdl_reclaim_long,BTCUSDT,random_search,605142,5,2,2023-06-28T09:00:00.000+0000,2023-06-28T12:00:00.000+0000,long,4,-0.00619541,0.00000000,0.00050000,signal_close
pdl_reclaim_long,BTCUSDT,random_search,605142,5,3,2023-06-30T14:00:00.000+0000,2023-06-30T17:00:00.000+0000,long,4,0.01018618,0.00010000,0.00050000,signal_close
pdl_reclaim_long,BTCUSDT,random_search,605142,5,4,2023-07-06T15:00:00.000+0000,2023-07-06T23:00:00.000+0000,long,9,-0.01116240,0.00001492,0.00050000,signal_close
pdl_reclaim_long,BTCUSDT,random_search,605142,5,5,2023-07-07T01:00:00.000+0000,2023-07-07T12:00:00.000+0000,long,12,0.00449139,0.00004221,0.00050000,signal_close
pdl_reclaim_long,BTCUSDT,random_search,605142,5,6,2023-07-18T17:00:00.000+0000,2023-07-19T00:00:00.000+0000,long,8,0.01134043,0.00010000,0.00050000,signal_close
pdl_reclaim_long,BTCUSDT,random_search,605142,6,1,2023-09-24T19:00:00.000+0000,2023-09-24T19:00:00.000+0000,long,1,-0.00607173,0.00000000,0.00050000,signal_close
pdl_reclaim_long,BTCUSDT,random_search,605142,6,2,2023-09-25T01:00:00.000+0000,2023-09-27T00:00:00.000+0000,long,48,-0.00040692,0.00023802,0.00050000,signal_close
pdl_reclaim_long,BTCUSDT,random_search,605142,6,3,2023-10-06T14:00:00.000+0000,2023-10-06T21:00:00.000+0000,long,8,0.01820178,-0.00003149,0.00050000,signal_close
pdl_reclaim_long,BTCUSDT,random_search,605142,6,4,2023-11-03T09:00:00.000+0000,2023-11-03T10:00:00.000+0000,long,2,-0.00448085,0.00000000,0.00050000,signal_close
pdl_reclaim_long,BTCUSDT,random_search,605142,6,5,2023-11-05T22:00:00.000+0000,2023-11-05T23:00:00.000+0000,long,2,0.01024407,0.00000000,0.00050000,signal_close
pdl_reclaim_long,BTCUSDT,random_search,605142,6,6,2023-11-21T15:00:00.000+0000,2023-11-21T15:00:00.000+0000,long,1,0.00848310,0.00000000,0.00050000,signal_close
pdl_reclaim_long,BTCUSDT,random_search,605142,6,7,2023-11-22T01:00:00.000+0000,2023-11-22T18:00:00.000+0000,long,18,0.02931560,0.00020000,0.00050000,signal_close
pdl_reclaim_long,BTCUSDT,random_search,605142,6,8,2023-11-26T13:00:00.000+0000,2023-11-26T16:00:00.000+0000,long,4,-0.01125879,0.00010000,0.00050000,signal_close
pdl_reclaim_long,BTCUSDT,random_search,605142,6,9,2023-11-27T08:00:00.000+0000,2023-11-27T10:00:00.000+0000,long,3,-0.00519973,0.00010000,0.00050000,signal_close
pdl_reclaim_long,BTCUSDT,random_search,605142,6,10,2023-11-30T15:00:00.000+0000,2023-12-01T04:00:00.000+0000,long,14,0.01316893,0.00020000,0.00050000,signal_close
pdl_reclaim_long,BTCUSDT,random_search,605142,6,11,2023-12-13T03:00:00.000+0000,2023-12-13T16:00:00.000+0000,long,14,0.02017285,0.00022763,0.00050000,signal_close
pdl_reclaim_long,BTCUSDT,random_search,605142,7,1,2024-01-12T14:00:00.000+0000,2024-01-12T14:00:00.000+0000,long,1,-0.00761097,0.00000000,0.00050000,signal_close
pdl_reclaim_long,BTCUSDT,random_search,605142,7,2,2024-02-21T15:00:00.000+0000,2024-02-21T23:00:00.000+0000,long,9,0.01718908,0.00010000,0.00050000,
pdl_reclaim_long,BTCUSDT,random_search,605142,7,3,2024-02-22T00:00:00.000+0000,2024-02-22T02:00:00.000+0000,long,3,-0.00440603,0.00005000,0.00025000,signal_close
pdl_reclaim_long,BTCUSDT,random_search,605142,7,4,2024-02-23T10:00:00.000+0000,2024-02-23T14:00:00.000+0000,long,5,0.00169400,0.00000000,0.00050000,signal_close
pdl_reclaim_long,BTCUSDT,random_search,605142,8,1,2024-03-27T15:00:00.000+0000,2024-03-27T15:00:00.000+0000,long,1,-0.01769290,0.00000000,0.00050000,signal_close
pdl_reclaim_long,BTCUSDT,random_search,605142,8,2,2024-04-01T07:00:00.000+0000,2024-04-01T14:00:00.000+0000,long,8,-0.01084070,0.00033491,0.00050000,signal_close
pdl_reclaim_long,BTCUSDT,random_search,605142,8,3,2024-04-09T15:00:00.000+0000,2024-04-09T15:00:00.000+0000,long,1,-0.00184263,0.00000000,0.00050000,signal_close
pdl_reclaim_long,BTCUSDT,random_search,605142,8,4,2024-04-10T14:00:00.000+0000,2024-04-10T16:00:00.000+0000,long,3,0.01752048,0.00010000,0.00050000,signal_close
pdl_reclaim_long,BTCUSDT,random_search,605142,8,5,2024-04-16T05:00:00.000+0000,2024-04-16T16:00:00.000+0000,long,12,0.00383340,0.00013038,0.00050000,signal_close
pdl_reclaim_long,BTCUSDT,random_search,605142,8,6,2024-04-19T02:00:00.000+0000,2024-04-19T02:00:00.000+0000,long,1,0.00497705,0.00000000,0.00050000,signal_close
pdl_reclaim_long,BTCUSDT,random_search,605142,8,7,2024-04-25T12:00:00.000+0000,2024-04-25T12:00:00.000+0000,long,1,-0.00736387,0.00000000,0.00050000,signal_close
pdl_reclaim_long,BTCUSDT,random_search,605142,8,8,2024-04-30T11:00:00.000+0000,2024-04-30T11:00:00.000+0000,long,1,-0.00983951,0.00000000,0.00050000,signal_close
pdl_reclaim_long,BTCUSDT,random_search,605142,8,9,2024-05-06T20:00:00.000+0000,2024-05-07T07:00:00.000+0000,long,12,0.00661163,0.00006064,0.00050000,signal_close
pdl_reclaim_long,BTCUSDT,random_search,605142,8,10,2024-05-09T12:00:00.000+0000,2024-05-09T15:00:00.000+0000,long,4,0.01729892,0.00000000,0.00050000,signal_close
pdl_reclaim_long,BTCUSDT,random_search,605142,8,11,2024-05-10T17:00:00.000+0000,2024-05-10T17:00:00.000+0000,long,1,-0.01146537,0.00000000,0.00050000,signal_close
pdl_reclaim_long,BTCUSDT,random_search,605142,8,12,2024-05-22T22:00:00.000+0000,2024-05-23T09:00:00.000+0000,long,12,0.00156096,0.00020000,0.00050000,signal_close
pdl_reclaim_long,BTCUSDT,random_search,605142,8,13,2024-05-26T22:00:00.000+0000,2024-05-27T01:00:00.000+0000,long,4,0.00736774,0.00010000,0.00050000,signal_close
pdl_reclaim_long,BTCUSDT,random_search,605142,8,14,2024-05-31T17:00:00.000+0000,2024-05-31T19:00:00.000+0000,long,3,0.00659239,0.00000000,0.00050000,signal_close
pdl_reclaim_long,BTCUSDT,random_search,605142,8,15,2024-06-06T21:00:00.000+0000,2024-06-07T08:00:00.000+0000,long,12,0.00485999,0.00020000,0.00050000,signal_close
pdl_reclaim_long,BTCUSDT,random_search,605142,8,16,2024-06-13T17:00:00.000+0000,2024-06-14T04:00:00.000+0000,long,12,-0.00452248,0.00010000,0.00050000,signal_close
pdl_reclaim_long,BTCUSDT,random_search,605142,9,1,2024-06-20T18:00:00.000+0000,2024-06-21T03:00:00.000+0000,long,10,-0.00784555,0.00003344,0.00050000,signal_close
pdl_reclaim_long,BTCUSDT,random_search,605142,9,2,2024-06-21T06:00:00.000+0000,2024-06-21T07:00:00.000+0000,long,2,-0.00765384,0.00000000,0.00050000,signal_close
pdl_reclaim_long,BTCUSDT,random_search,605142,9,3,2024-07-02T11:00:00.000+0000,2024-07-02T14:00:00.000+0000,long,4,-0.01139402,0.00000000,0.00050000,signal_close
pdl_reclaim_long,BTCUSDT,random_search,605142,9,4,2024-07-23T09:00:00.000+0000,2024-07-23T13:00:00.000+0000,long,5,-0.01230845,0.00000000,0.00050000,signal_close
pdl_reclaim_long,BTCUSDT,random_search,605142,9,5,2024-07-29T22:00:00.000+0000,2024-07-29T23:00:00.000+0000,long,2,-0.01104927,0.00000000,0.00050000,signal_close
pdl_reclaim_long,BTCUSDT,random_search,605142,9,6,2024-08-03T03:00:00.000+0000,2024-08-03T14:00:00.000+0000,long,12,0.00824839,0.00009788,0.00050000,signal_close
pdl_reclaim_long,BTCUSDT,random_search,605142,9,7,2024-08-12T02:00:00.000+0000,2024-08-12T07:00:00.000+0000,long,6,0.00082026,0.00000000,0.00050000,signal_close
pdl_reclaim_long,BTCUSDT,random_search,605142,9,8,2024-08-15T04:00:00.000+0000,2024-08-15T06:00:00.000+0000,long,3,-0.00635306,0.00000000,0.00050000,signal_close
pdl_reclaim_long,BTCUSDT,random_search,605142,9,9,2024-08-19T03:00:00.000+0000,2024-08-19T09:00:00.000+0000,long,7,-0.01159096,-0.00006750,0.00050000,signal_close
pdl_reclaim_long,BTCUSDT,random_search,605142,9,10,2024-08-27T04:00:00.000+0000,2024-08-27T09:00:00.000+0000,long,6,-0.00521035,0.00001751,0.00050000,signal_close
pdl_reclaim_long,BTCUSDT,random_search,605142,9,11,2024-09-06T09:00:00.000+0000,2024-09-06T12:00:00.000+0000,long,4,0.01870119,0.00000000,0.00050000,signal_close
pdl_reclaim_long,BTCUSDT,random_search,605142,10,1,2024-11-25T17:00:00.000+0000,2024-11-25T17:00:00.000+0000,long,1,-0.00764441,0.00000000,0.00050000,signal_close
pdl_reclaim_long,BTCUSDT,random_search,605142,11,1,2024-12-23T03:00:00.000+0000,2024-12-23T14:00:00.000+0000,long,12,-0.00351770,0.00010000,0.00050000,signal_close
pdl_reclaim_long,BTCUSDT,random_search,605142,11,2,2024-12-27T15:00:00.000+0000,2024-12-27T15:00:00.000+0000,long,1,-0.01209552,0.00000000,0.00050000,signal_close
pdl_reclaim_long,BTCUSDT,random_search,605142,11,3,2025-01-05T19:00:00.000+0000,2025-01-06T02:00:00.000+0000,long,8,0.00873194,0.00010000,0.00050000,signal_close
pdl_reclaim_long,BTCUSDT,random_search,605142,11,4,2025-01-08T06:00:00.000+0000,2025-01-08T06:00:00.000+0000,long,1,-0.01280526,0.00000000,0.00050000,signal_close
pdl_reclaim_long,BTCUSDT,random_search,605142,11,5,2025-01-09T18:00:00.000+0000,2025-01-09T20:00:00.000+0000,long,3,-0.00908984,0.00000000,0.00050000,signal_close
pdl_reclaim_long,BTCUSDT,random_search,605142,11,6,2025-01-20T02:00:00.000+0000,2025-01-20T06:00:00.000+0000,long,5,0.06699942,0.00000000,0.00050000,signal_close
pdl_reclaim_long,BTCUSDT,random_search,605142,11,7,2025-02-10T00:00:00.000+0000,2025-02-11T23:00:00.000+0000,long,48,-0.00748089,0.00027297,0.00050000,signal_close
pdl_reclaim_long,BTCUSDT,random_search,605142,11,8,2025-02-12T15:00:00.000+0000,2025-02-14T14:00:00.000+0000,long,48,0.01680931,0.00029492,0.00050000,signal_close
pdl_reclaim_long,BTCUSDT,random_search,605142,11,9,2025-02-18T10:00:00.000+0000,2025-02-18T16:00:00.000+0000,long,7,-0.01253521,0.00010000,0.00050000,signal_close
pdl_reclaim_long,BTCUSDT,random_search,605142,11,10,2025-02-24T06:00:00.000+0000,2025-02-24T14:00:00.000+0000,long,9,-0.01146670,0.00006881,0.00050000,signal_close
pdl_reclaim_long,BTCUSDT,random_search,605142,11,11,2025-02-25T02:00:00.000+0000,2025-02-25T07:00:00.000+0000,long,6,-0.03021591,0.00000000,0.00050000,signal_close
pdl_reclaim_long,BTCUSDT,random_search,605142,11,12,2025-03-11T02:00:00.000+0000,2025-03-12T12:00:00.000+0000,long,35,0.06086545,0.00018397,0.00050000,signal_close
pdl_reclaim_long,BTCUSDT,random_search,605142,12,1,2025-04-06T16:00:00.000+0000,2025-04-06T16:00:00.000+0000,long,1,-0.00734752,-0.00000603,0.00050000,signal_close
pdl_reclaim_long,BTCUSDT,random_search,605142,12,2,2025-05-25T11:00:00.000+0000,2025-05-25T15:00:00.000+0000,long,5,-0.00025509,0.00000000,0.00050000,signal_close
pdl_reclaim_long,BTCUSDT,random_search,605142,13,1,2025-06-22T14:00:00.000+0000,2025-06-22T14:00:00.000+0000,long,1,-0.01265853,0.00000000,0.00050000,signal_close
pdl_reclaim_long,BTCUSDT,random_search,605142,13,2,2025-08-22T13:00:00.000+0000,2025-08-22T14:00:00.000+0000,long,2,0.03013717,0.00000000,0.00050000,signal_close
pdl_reclaim_long,BTCUSDT,random_search,605142,13,3,2025-08-26T02:00:00.000+0000,2025-08-26T21:00:00.000+0000,long,20,0.01462849,0.00013900,0.00050000,signal_close
pdl_reclaim_long,BTCUSDT,random_search,605142,13,4,2025-09-06T17:00:00.000+0000,2025-09-08T08:00:00.000+0000,long,40,0.01218681,0.00028636,0.00050000,signal_close
pdl_reclaim_long,BTCUSDT,random_search,605142,14,1,2025-10-09T16:00:00.000+0000,2025-10-09T16:00:00.000+0000,long,1,-0.01147678,0.00001455,0.00050000,signal_close
pdl_reclaim_long,BTCUSDT,random_search,671194,0,1,2022-04-11T03:00:00.000+0000,2022-04-11T09:00:00.000+0000,long,7,-0.01382785,0.00010000,0.00050000,signal_close
pdl_reclaim_long,BTCUSDT,random_search,671194,0,2,2022-04-26T20:00:00.000+0000,2022-04-26T20:00:00.000+0000,long,1,-0.00432739,0.00000000,0.00050000,signal_close
pdl_reclaim_long,BTCUSDT,random_search,671194,0,3,2022-05-14T16:00:00.000+0000,2022-05-14T16:00:00.000+0000,long,1,0.01754490,0.00010000,0.00050000,signal_close
pdl_reclaim_long,BTCUSDT,random_search,671194,0,4,2022-05-16T08:00:00.000+0000,2022-05-16T15:00:00.000+0000,long,8,0.00281726,0.00008883,0.00050000,signal_close
pdl_reclaim_long,BTCUSDT,random_search,671194,1,1,2022-07-12T03:00:00.000+0000,2022-07-12T07:00:00.000+0000,long,5,-0.01245980,0.00000000,0.00050000,signal_close
pdl_reclaim_long,BTCUSDT,random_search,671194,1,2,2022-07-31T22:00:00.000+0000,2022-07-31T22:00:00.000+0000,long,1,-0.00953651,0.00000000,0.00050000,signal_close
pdl_reclaim_long,BTCUSDT,random_search,671194,1,3,2022-08-10T03:00:00.000+0000,2022-08-10T12:00:00.000+0000,long,10,0.04582462,0.00000581,0.00050000,signal_close
pdl_reclaim_long,BTCUSDT,random_search,671194,1,4,2022-08-12T02:00:00.000+0000,2022-08-12T11:00:00.000+0000,long,10,-0.01011673,0.00001412,0.00050000,signal_close
pdl_reclaim_long,BTCUSDT,random_search,671194,1,5,2022-08-16T17:00:00.000+0000,2022-08-17T12:00:00.000+0000,long,20,-0.00569160,0.00000728,0.00050000,signal_close
pdl_reclaim_long,BTCUSDT,random_search,671194,1,6,2022-08-27T07:00:00.000+0000,2022-08-27T15:00:00.000+0000,long,9,-0.00960685,-0.00006290,0.00050000,signal_close
pdl_reclaim_long,BTCUSDT,random_search,671194,1,7,2022-09-07T04:00:00.000+0000,2022-09-07T20:00:00.000+0000,long,17,0.03328468,-0.00000751,0.00050000,
pdl_reclaim_long,BTCUSDT,random_search,671194,1,8,2022-09-07T21:00:00.000+0000,2022-09-09T03:00:00.000+0000,long,31,0.01427283,0.00005463,0.00025000,signal_close
pdl_reclaim_long,BTCUSDT,random_search,671194,1,9,2022-09-14T22:00:00.000+0000,2022-09-15T01:00:00.000+0000,long,4,-0.00080602,0.00000324,0.00050000,signal_close
pdl_reclaim_long,BTCUSDT,random_search,671194,1,10,2022-09-16T17:00:00.000+0000,2022-09-16T17:00:00.000+0000,long,1,-0.00517060,0.00000000,0.00050000,signal_close
pdl_reclaim_long,BTCUSDT,random_search,671194,2,1,2022-10-02T13:00:00.000+0000,2022-10-02T14:00:00.000+0000,long,2,-0.00336655,0.00000000,0.00050000,signal_close
pdl_reclaim_long,BTCUSDT,random_search,671194,2,2,2022-10-07T08:00:00.000+0000,2022-10-07T12:00:00.000+0000,long,5,-0.01599241,0.00010000,0.00050000,signal_close
pdl_reclaim_long,BTCUSDT,random_search,671194,2,3,2022-10-08T23:00:00.000+0000,2022-10-09T10:00:00.000+0000,long,12,0.00605897,0.00005022,0.00050000,signal_close
pdl_reclaim_long,BTCUSDT,random_search,671194,2,4,2022-10-11T02:00:00.000+0000,2022-10-11T14:00:00.000+0000,long,13,-0.00056982,0.00010000,0.00050000,signal_close
pdl_reclaim_long,BTCUSDT,random_search,671194,2,5,2022-11-13T09:00:00.000+0000,2022-11-13T09:00:00.000+0000,long,1,-0.00708511,0.00000000,0.00050000,signal_close
pdl_reclaim_long,BTCUSDT,random_search,671194,2,6,2022-11-21T02:00:00.000+0000,2022-11-21T02:00:00.000+0000,long,1,-0.01279296,0.00000000,0.00050000,signal_close
pdl_reclaim_long,BTCUSDT,random_search,671194,2,7,2022-12-02T15:00:00.000+0000,2022-12-02T22:00:00.000+0000,long,8,0.00739653,-0.00003753,0.00050000,signal_close
pdl_reclaim_long,BTCUSDT,random_search,671194,2,8,2022-12-15T08:00:00.000+0000,2022-12-15T13:00:00.000+0000,long,6,-0.01121890,0.00010000,0.00050000,signal_close
pdl_reclaim_long,BTCUSDT,random_search,671194,2,9,2022-12-19T05:00:00.000+0000,2022-12-19T16:00:00.000+0000,long,12,-0.00508382,0.00007989,0.00050000,signal_close
pdl_reclaim_long,BTCUSDT,random_search,671194,3,1,2023-01-22T21:00:00.000+0000,2023-01-23T08:00:00.000+0000,long,12,0.01058927,0.00020000,0.00050000,signal_close
pdl_reclaim_long,BTCUSDT,random_search,671194,3,2,2023-02-06T06:00:00.000+0000,2023-02-06T16:00:00.000+0000,long,11,0.00920880,0.00020000,0.00050000,
pdl_reclaim_long,BTCUSDT,random_search,671194,3,3,2023-02-06T17:00:00.000+0000,2023-02-06T17:00:00.000+0000,long,1,0.00049357,0.00000000,0.00025000,signal_close
pdl_reclaim_long,BTCUSDT,random_search,671194,3,4,2023-02-10T06:00:00.000+0000,2023-02-10T15:00:00.000+0000,long,10,-0.00705440,0.00010000,0.00050000,signal_close
pdl_reclaim_long,BTCUSDT,random_search,671194,3,5,2023-02-17T01:00:00.000+0000,2023-02-17T12:00:00.000+0000,long,12,0.00582029,0.00010000,0.00050000,signal_close
pdl_reclaim_long,BTCUSDT,random_search,671194,3,6,2023-02-22T02:00:00.000+0000,2023-02-22T02:00:00.000+0000,long,1,-0.00083508,0.00000000,0.00050000,signal_close
pdl_reclaim_long,BTCUSDT,random_search,671194,3,7,2023-02-25T21:00:00.000+0000,2023-02-26T08:00:00.000+0000,long,12,0.00929154,0.00010132,0.00050000,signal_close
pdl_reclaim_long,BTCUSDT,random_search,671194,3,8,2023-02-28T22:00:00.000+0000,2023-03-01T03:00:00.000+0000,long,6,0.01263610,0.00000185,0.00050000,
pdl_reclaim_long,BTCUSDT,random_search,671194,3,9,2023-03-01T04:00:00.000+0000,2023-03-01T08:00:00.000+0000,long,5,0.00888382,0.00005000,0.00025000,signal_close
pdl_reclaim_long,BTCUSDT,random_search,671194,3,10,2023-03-15T18:00:00.000+0000,2023-03-16T05:00:00.000+0000,long,12,0.00171997,0.00010000,0.00050000,signal_close
pdl_reclaim_long,BTCUSDT,random_search,671194,3,11,2023-03-24T22:00:00.000+0000,2023-03-25T09:00:00.000+0000,long,12,0.00519712,0.00000115,0.00050000,signal_close
pdl_reclaim_long,BTCUSDT,random_search,671194,4,1,2023-03-31T08:00:00.000+0000,2023-03-31T13:00:00.000+0000,long,6,0.02188853,0.00006358,0.00050000,
pdl_reclaim_long,BTCUSDT,random_search,671194,4,2,2023-03-31T14:00:00.000+0000,2023-04-02T07:00:00.000+0000,long,42,0.00031113,0.00021683,0.00025000,signal_close
pdl_reclaim_long,BTCUSDT,random_search,671194,4,3,2023-04-06T11:00:00.000+0000,2023-04-08T10:00:00.000+0000,long,48,0.00549482,-0.00001655,0.00050000,signal_close
pdl_reclaim_long,BTCUSDT,random_search,671194,4,4,2023-04-18T02:00:00.000+0000,2023-04-18T07:00:00.000+0000,long,6,0.01293079,0.00000000,0.00050000,
pdl_reclaim_long,BTCUSDT,random_search,671194,4,5,2023-04-18T08:00:00.000+0000,2023-04-18T11:00:00.000+0000,long,4,0.01002297,-0.00000255,0.00025000,signal_close
pdl_reclaim_long,BTCUSDT,random_search,671194,4,6,2023-04-19T09:00:00.000+0000,2023-04-19T23:00:00.000+0000,long,15,-0.01260351,-0.00000081,0.00050000,signal_close
pdl_reclaim_long,BTCUSDT,random_search,671194,4,7,2023-04-24T10:00:00.000+0000,2023-04-24T11:00:00.000+0000,long,2,0.00826855,0.00000000,0.00050000,
pdl_reclaim_long,BTCUSDT,random_search,671194,4,8,2023-04-24T12:00:00.000+0000,2023-04-24T14:00:00.000+0000,long,3,-0.00246453,0.00000000,0.00025000,signal_close
pdl_reclaim_long,BTCUSDT,random_search,671194,4,9,2023-05-06T17:00:00.000+0000,2023-05-07T23:00:00.000+0000,long,31,-0.00980972,0.00014414,0.00050000,signal_close
pdl_reclaim_long,BTCUSDT,random_search,671194,4,10,2023-05-18T19:00:00.000+0000,2023-05-18T21:00:00.000+0000,long,3,0.01079173,0.00000000,0.00050000,
pdl_reclaim_long,BTCUSDT,random_search,671194,4,11,2023-05-18T22:00:00.000+0000,2023-05-20T18:00:00.000+0000,long,45,0.00188188,0.00008962,0.00025000,signal_close
pdl_reclaim_long,BTCUSDT,random_search,671194,4,12,2023-05-24T05:00:00.000+0000,2023-05-24T06:00:00.000+0000,long,2,-0.00391034,0.00000000,0.00050000,signal_close
pdl_reclaim_long,BTCUSDT,random_search,671194,4,13,2023-05-25T02:00:00.000+0000,2023-05-25T19:00:00.000+0000,long,18,0.01239383,0.00020000,0.00050000,
pdl_reclaim_long,BTCUSDT,random_search,671194,4,14,2023-05-25T20:00:00.000+0000,2023-05-27T01:00:00.000+0000,long,30,0.00428991,0.00015841,0.00025000,signal_close
pdl_reclaim_long,BTCUSDT,random_search,671194,5,1,2023-06-28T09:00:00.000+0000,2023-06-28T12:00:00.000+0000,long,4,-0.00619541,0.00000000,0.00050000,signal_close
pdl_reclaim_long,BTCUSDT,random_search,671194,5,2,2023-07-07T01:00:00.000+0000,2023-07-07T12:00:00.000+0000,long,12,0.00449139,0.00004221,0.00050000,signal_close
pdl_reclaim_long,BTCUSDT,random_search,671194,5,3,2023-07-12T20:00:00.000+0000,2023-07-13T07:00:00.000+0000,long,12,0.00238988,-0.00001135,0.00050000,signal_close
pdl_reclaim_long,BTCUSDT,random_search,671194,5,4,2023-07-24T05:00:00.000+0000,2023-07-24T09:00:00.000+0000,long,5,-0.02117415,0.00004338,0.00050000,signal_close
pdl_reclaim_long,BTCUSDT,random_search,671194,5,5,2023-07-27T19:00:00.000+0000,2023-07-28T06:00:00.000+0000,long,12,0.00097294,0.00004373,0.00050000,signal_close
pdl_reclaim_long,BTCUSDT,random_search,671194,5,6,2023-08-10T18:00:00.000+0000,2023-08-11T05:00:00.000+0000,long,12,0.00095987,0.00010000,0.00050000,signal_close
pdl_reclaim_long,BTCUSDT,random_search,671194,5,7,2023-08-15T20:00:00.000+0000,2023-08-16T07:00:00.000+0000,long,12,-0.00009214,0.00010000,0.00050000,signal_close
pdl_reclaim_long,BTCUSDT,random_search,671194,5,8,2023-08-25T16:00:00.000+0000,2023-08-26T03:00:00.000+0000,long,12,0.00556192,0.00009038,0.00050000,signal_close
pdl_reclaim_long,BTCUSDT,random_search,671194,5,9,2023-09-01T16:00:00.000+0000,2023-09-01T17:00:00.000+0000,long,2,-0.01339763,0.00006254,0.00050000,signal_close
pdl_reclaim_long,BTCUSDT,random_search,671194,5,10,2023-09-17T01:00:00.000+0000,2023-09-17T01:00:00.000+0000,long,1,0.00062656,0.00000000,0.00050000,signal_close
pdl_reclaim_long,BTCUSDT,random_search,671194,6,1,2023-09-24T19:00:00.000+0000,2023-09-24T19:00:00.000+0000,long,1,-0.00607173,0.00000000,0.00050000,signal_close
pdl_reclaim_long,BTCUSDT,random_search,671194,6,2,2023-09-25T01:00:00.000+0000,2023-09-27T00:00:00.000+0000,long,48,-0.00040692,0.00023802,0.00050000,signal_close
pdl_reclaim_long,BTCUSDT,random_search,671194,6,3,2023-10-06T14:00:00.000+0000,2023-10-06T21:00:00.000+0000,long,8,0.01820178,-0.00003149,0.00050000,signal_close
pdl_reclaim_long,BTCUSDT,random_search,671194,6,4,2023-11-03T09:00:00.000+0000,2023-11-03T10:00:00.000+0000,long,2,-0.00448085,0.00000000,0.00050000,signal_close
pdl_reclaim_long,BTCUSDT,random_search,671194,6,5,2023-11-05T22:00:00.000+0000,2023-11-05T23:00:00.000+0000,long,2,0.01024407,0.00000000,0.00050000,signal_close
pdl_reclaim_long,BTCUSDT,random_search,671194,6,6,2023-11-21T15:00:00.000+0000,2023-11-21T15:00:00.000+0000,long,1,0.00848310,0.00000000,0.00050000,signal_close
pdl_reclaim_long,BTCUSDT,random_search,671194,6,7,2023-11-22T01:00:00.000+0000,2023-11-22T18:00:00.000+0000,long,18,0.02931560,0.00020000,0.00050000,signal_close
pdl_reclaim_long,BTCUSDT,random_search,671194,6,8,2023-11-26T13:00:00.000+0000,2023-11-26T16:00:00.000+0000,long,4,-0.01125879,0.00010000,0.00050000,signal_close
pdl_reclaim_long,BTCUSDT,random_search,671194,6,9,2023-11-27T08:00:00.000+0000,2023-11-27T10:00:00.000+0000,long,3,-0.00519973,0.00010000,0.00050000,signal_close
pdl_reclaim_long,BTCUSDT,random_search,671194,6,10,2023-11-30T15:00:00.000+0000,2023-12-01T04:00:00.000+0000,long,14,0.01316893,0.00020000,0.00050000,signal_close
pdl_reclaim_long,BTCUSDT,random_search,671194,6,11,2023-12-13T03:00:00.000+0000,2023-12-13T16:00:00.000+0000,long,14,0.02017285,0.00022763,0.00050000,signal_close
pdl_reclaim_long,BTCUSDT,random_search,671194,7,1,2024-01-12T14:00:00.000+0000,2024-01-12T14:00:00.000+0000,long,1,-0.00761097,0.00000000,0.00050000,signal_close
pdl_reclaim_long,BTCUSDT,random_search,671194,7,2,2024-02-21T15:00:00.000+0000,2024-02-21T23:00:00.000+0000,long,9,0.01718908,0.00010000,0.00050000,
pdl_reclaim_long,BTCUSDT,random_search,671194,7,3,2024-02-22T00:00:00.000+0000,2024-02-22T13:00:00.000+0000,long,14,-0.00695730,0.00011740,0.00025000,signal_close
pdl_reclaim_long,BTCUSDT,random_search,671194,7,4,2024-02-23T10:00:00.000+0000,2024-02-23T14:00:00.000+0000,long,5,0.00169400,0.00000000,0.00050000,signal_close
pdl_reclaim_long,BTCUSDT,random_search,671194,8,1,2024-03-27T15:00:00.000+0000,2024-03-27T15:00:00.000+0000,long,1,-0.01769290,0.00000000,0.00050000,signal_close
pdl_reclaim_long,BTCUSDT,random_search,671194,8,2,2024-04-01T07:00:00.000+0000,2024-04-01T14:00:00.000+0000,long,8,-0.01084070,0.00033491,0.00050000,signal_close
pdl_reclaim_long,BTCUSDT,random_search,671194,8,3,2024-04-09T15:00:00.000+0000,2024-04-09T15:00:00.000+0000,long,1,-0.00184263,0.00000000,0.00050000,signal_close
pdl_reclaim_long,BTCUSDT,random_search,671194,8,4,2024-04-10T14:00:00.000+0000,2024-04-10T16:00:00.000+0000,long,3,0.01752048,0.00010000,0.00050000,signal_close
pdl_reclaim_long,BTCUSDT,random_search,671194,8,5,2024-04-16T05:00:00.000+0000,2024-04-16T16:00:00.000+0000,long,12,0.00383340,0.00013038,0.00050000,signal_close
pdl_reclaim_long,BTCUSDT,random_search,671194,8,6,2024-04-19T02:00:00.000+0000,2024-04-19T02:00:00.000+0000,long,1,0.00497705,0.00000000,0.00050000,signal_close
pdl_reclaim_long,BTCUSDT,random_search,671194,8,7,2024-04-25T12:00:00.000+0000,2024-04-25T12:00:00.000+0000,long,1,-0.00736387,0.00000000,0.00050000,signal_close
pdl_reclaim_long,BTCUSDT,random_search,671194,8,8,2024-04-30T11:00:00.000+0000,2024-04-30T11:00:00.000+0000,long,1,-0.00983951,0.00000000,0.00050000,signal_close
pdl_reclaim_long,BTCUSDT,random_search,671194,8,9,2024-05-06T20:00:00.000+0000,2024-05-07T07:00:00.000+0000,long,12,0.00661163,0.00006064,0.00050000,signal_close
pdl_reclaim_long,BTCUSDT,random_search,671194,8,10,2024-05-09T12:00:00.000+0000,2024-05-09T15:00:00.000+0000,long,4,0.01729892,0.00000000,0.00050000,signal_close
pdl_reclaim_long,BTCUSDT,random_search,671194,8,11,2024-05-10T17:00:00.000+0000,2024-05-10T17:00:00.000+0000,long,1,-0.01146537,0.00000000,0.00050000,signal_close
pdl_reclaim_long,BTCUSDT,random_search,671194,8,12,2024-05-22T22:00:00.000+0000,2024-05-23T09:00:00.000+0000,long,12,0.00156096,0.00020000,0.00050000,signal_close
pdl_reclaim_long,BTCUSDT,random_search,671194,8,13,2024-05-26T22:00:00.000+0000,2024-05-27T01:00:00.000+0000,long,4,0.00736774,0.00010000,0.00050000,signal_close
pdl_reclaim_long,BTCUSDT,random_search,671194,8,14,2024-05-31T17:00:00.000+0000,2024-05-31T19:00:00.000+0000,long,3,0.00659239,0.00000000,0.00050000,signal_close
pdl_reclaim_long,BTCUSDT,random_search,671194,8,15,2024-06-06T21:00:00.000+0000,2024-06-07T08:00:00.000+0000,long,12,0.00485999,0.00020000,0.00050000,signal_close
pdl_reclaim_long,BTCUSDT,random_search,671194,8,16,2024-06-13T17:00:00.000+0000,2024-06-14T04:00:00.000+0000,long,12,-0.00452248,0.00010000,0.00050000,signal_close
pdl_reclaim_long,BTCUSDT,random_search,671194,9,1,2024-06-20T18:00:00.000+0000,2024-06-21T03:00:00.000+0000,long,10,-0.00784555,0.00003344,0.00050000,signal_close
pdl_reclaim_long,BTCUSDT,random_search,671194,9,2,2024-06-21T06:00:00.000+0000,2024-06-21T07:00:00.000+0000,long,2,-0.00765384,0.00000000,0.00050000,signal_close
pdl_reclaim_long,BTCUSDT,random_search,671194,9,3,2024-07-02T11:00:00.000+0000,2024-07-02T14:00:00.000+0000,long,4,-0.01139402,0.00000000,0.00050000,signal_close
pdl_reclaim_long,BTCUSDT,random_search,671194,9,4,2024-07-23T09:00:00.000+0000,2024-07-23T13:00:00.000+0000,long,5,-0.01230845,0.00000000,0.00050000,signal_close
pdl_reclaim_long,BTCUSDT,random_search,671194,9,5,2024-07-29T22:00:00.000+0000,2024-07-29T23:00:00.000+0000,long,2,-0.01104927,0.00000000,0.00050000,signal_close
pdl_reclaim_long,BTCUSDT,random_search,671194,9,6,2024-08-03T03:00:00.000+0000,2024-08-03T14:00:00.000+0000,long,12,0.00824839,0.00009788,0.00050000,signal_close
pdl_reclaim_long,BTCUSDT,random_search,671194,9,7,2024-08-12T02:00:00.000+0000,2024-08-12T07:00:00.000+0000,long,6,0.00082026,0.00000000,0.00050000,signal_close
pdl_reclaim_long,BTCUSDT,random_search,671194,9,8,2024-08-15T04:00:00.000+0000,2024-08-15T06:00:00.000+0000,long,3,-0.00635306,0.00000000,0.00050000,signal_close
pdl_reclaim_long,BTCUSDT,random_search,671194,9,9,2024-08-19T03:00:00.000+0000,2024-08-19T09:00:00.000+0000,long,7,-0.01159096,-0.00006750,0.00050000,signal_close
pdl_reclaim_long,BTCUSDT,random_search,671194,9,10,2024-08-27T04:00:00.000+0000,2024-08-27T09:00:00.000+0000,long,6,-0.00521035,0.00001751,0.00050000,signal_close
pdl_reclaim_long,BTCUSDT,random_search,671194,9,11,2024-09-06T09:00:00.000+0000,2024-09-06T12:00:00.000+0000,long,4,0.01870119,0.00000000,0.00050000,signal_close
pdl_reclaim_long,BTCUSDT,random_search,671194,10,1,2024-09-26T02:00:00.000+0000,2024-09-26T08:00:00.000+0000,long,7,0.00838571,0.00006246,0.00050000,signal_close
pdl_reclaim_long,BTCUSDT,random_search,671194,10,2,2024-10-02T21:00:00.000+0000,2024-10-03T08:00:00.000+0000,long,12,-0.00979993,0.00008127,0.00050000,signal_close
pdl_reclaim_long,BTCUSDT,random_search,671194,11,1,2024-12-18T03:00:00.000+0000,2024-12-18T03:00:00.000+0000,long,1,-0.00573710,0.00000000,0.00050000,signal_close
pdl_reclaim_long,BTCUSDT,random_search,671194,11,2,2024-12-23T03:00:00.000+0000,2024-12-23T14:00:00.000+0000,long,12,-0.00351770,0.00010000,0.00050000,signal_close
pdl_reclaim_long,BTCUSDT,random_search,671194,11,3,2024-12-27T15:00:00.000+0000,2024-12-27T15:00:00.000+0000,long,1,-0.01209552,0.00000000,0.00050000,signal_close
pdl_reclaim_long,BTCUSDT,random_search,671194,11,4,2025-01-05T19:00:00.000+0000,2025-01-06T02:00:00.000+0000,long,8,0.00873194,0.00010000,0.00050000,signal_close
pdl_reclaim_long,BTCUSDT,random_search,671194,11,5,2025-01-08T06:00:00.000+0000,2025-01-08T06:00:00.000+0000,long,1,-0.01280526,0.00000000,0.00050000,signal_close
pdl_reclaim_long,BTCUSDT,random_search,671194,11,6,2025-01-09T18:00:00.000+0000,2025-01-09T20:00:00.000+0000,long,3,-0.00908984,0.00000000,0.00050000,signal_close
pdl_reclaim_long,BTCUSDT,random_search,671194,11,7,2025-01-12T11:00:00.000+0000,2025-01-12T13:00:00.000+0000,long,3,0.00639325,0.00000000,0.00050000,signal_close
pdl_reclaim_long,BTCUSDT,random_search,671194,11,8,2025-01-20T02:00:00.000+0000,2025-01-20T06:00:00.000+0000,long,5,0.06699942,0.00000000,0.00050000,signal_close
pdl_reclaim_long,BTCUSDT,random_search,671194,11,9,2025-02-01T11:00:00.000+0000,2025-02-01T12:00:00.000+0000,long,2,0.00570945,0.00000000,0.00050000,signal_close
pdl_reclaim_long,BTCUSDT,random_search,671194,11,10,2025-02-07T22:00:00.000+0000,2025-02-09T01:00:00.000+0000,long,28,0.00959643,0.00001234,0.00050000,signal_close
pdl_reclaim_long,BTCUSDT,random_search,671194,11,11,2025-02-10T00:00:00.000+0000,2025-02-11T23:00:00.000+0000,long,48,-0.00748089,0.00027297,0.00050000,signal_close
pdl_reclaim_long,BTCUSDT,random_search,671194,11,12,2025-02-12T15:00:00.000+0000,2025-02-14T14:00:00.000+0000,long,48,0.01680931,0.00029492,0.00050000,signal_close
pdl_reclaim_long,BTCUSDT,random_search,671194,11,13,2025-02-18T10:00:00.000+0000,2025-02-18T16:00:00.000+0000,long,7,-0.01253521,0.00010000,0.00050000,signal_close
pdl_reclaim_long,BTCUSDT,random_search,671194,11,14,2025-02-24T06:00:00.000+0000,2025-02-24T14:00:00.000+0000,long,9,-0.01146670,0.00006881,0.00050000,signal_close
pdl_reclaim_long,BTCUSDT,random_search,671194,11,15,2025-02-25T02:00:00.000+0000,2025-02-25T07:00:00.000+0000,long,6,-0.03021591,0.00000000,0.00050000,signal_close
pdl_reclaim_long,BTCUSDT,random_search,671194,11,16,2025-03-11T02:00:00.000+0000,2025-03-12T12:00:00.000+0000,long,35,0.06086545,0.00018397,0.00050000,signal_close
pdl_reclaim_long,BTCUSDT,random_search,671194,12,1,2025-04-06T16:00:00.000+0000,2025-04-06T16:00:00.000+0000,long,1,-0.00734752,-0.00000603,0.00050000,signal_close
pdl_reclaim_long,BTCUSDT,random_search,671194,12,2,2025-05-25T11:00:00.000+0000,2025-05-25T15:00:00.000+0000,long,5,-0.00025509,0.00000000,0.00050000,signal_close
pdl_reclaim_long,BTCUSDT,random_search,671194,13,1,2025-06-22T14:00:00.000+0000,2025-06-22T14:00:00.000+0000,long,1,-0.01265853,0.00000000,0.00050000,signal_close
pdl_reclaim_long,BTCUSDT,random_search,671194,13,2,2025-08-22T13:00:00.000+0000,2025-08-22T14:00:00.000+0000,long,2,0.03013717,0.00000000,0.00050000,signal_close
pdl_reclaim_long,BTCUSDT,random_search,671194,13,3,2025-08-26T02:00:00.000+0000,2025-08-26T21:00:00.000+0000,long,20,0.01462849,0.00013900,0.00050000,
pdl_reclaim_long,BTCUSDT,random_search,671194,13,4,2025-08-26T22:00:00.000+0000,2025-08-28T01:00:00.000+0000,long,28,0.00002735,0.00008049,0.00025000,signal_close
pdl_reclaim_long,BTCUSDT,random_search,671194,13,5,2025-09-06T17:00:00.000+0000,2025-09-08T08:00:00.000+0000,long,40,0.01218681,0.00028636,0.00050000,
pdl_reclaim_long,BTCUSDT,random_search,671194,13,6,2025-09-08T09:00:00.000+0000,2025-09-08T16:00:00.000+0000,long,8,0.00288032,0.00003655,0.00025000,signal_close
pdl_reclaim_long,BTCUSDT,random_search,671194,14,1,2025-10-09T16:00:00.000+0000,2025-10-09T16:00:00.000+0000,long,1,-0.01147678,0.00001455,0.00050000,signal_close
pdl_reclaim_long,BTCUSDT,random_search,683778,0,1,2022-04-11T03:00:00.000+0000,2022-04-11T09:00:00.000+0000,long,7,-0.01382785,0.00010000,0.00050000,signal_close
pdl_reclaim_long,BTCUSDT,random_search,683778,0,2,2022-04-26T20:00:00.000+0000,2022-04-26T20:00:00.000+0000,long,1,-0.00432739,0.00000000,0.00050000,signal_close
pdl_reclaim_long,BTCUSDT,random_search,683778,0,3,2022-05-14T16:00:00.000+0000,2022-05-14T16:00:00.000+0000,long,1,0.01754490,0.00010000,0.00050000,signal_close
pdl_reclaim_long,BTCUSDT,random_search,683778,0,4,2022-05-16T08:00:00.000+0000,2022-05-16T15:00:00.000+0000,long,8,0.00281726,0.00008883,0.00050000,signal_close
pdl_reclaim_long,BTCUSDT,random_search,683778,1,1,2022-07-12T03:00:00.000+0000,2022-07-12T07:00:00.000+0000,long,5,-0.01245980,0.00000000,0.00050000,signal_close
pdl_reclaim_long,BTCUSDT,random_search,683778,1,2,2022-07-31T22:00:00.000+0000,2022-07-31T22:00:00.000+0000,long,1,-0.00953651,0.00000000,0.00050000,signal_close
pdl_reclaim_long,BTCUSDT,random_search,683778,1,3,2022-08-10T03:00:00.000+0000,2022-08-10T12:00:00.000+0000,long,10,0.04582462,0.00000581,0.00050000,signal_close
pdl_reclaim_long,BTCUSDT,random_search,683778,1,4,2022-08-12T02:00:00.000+0000,2022-08-12T11:00:00.000+0000,long,10,-0.01011673,0.00001412,0.00050000,signal_close
pdl_reclaim_long,BTCUSDT,random_search,683778,1,5,2022-08-16T17:00:00.000+0000,2022-08-17T12:00:00.000+0000,long,20,-0.00569160,0.00000728,0.00050000,signal_close
pdl_reclaim_long,BTCUSDT,random_search,683778,1,6,2022-08-27T07:00:00.000+0000,2022-08-27T15:00:00.000+0000,long,9,-0.00960685,-0.00006290,0.00050000,signal_close
pdl_reclaim_long,BTCUSDT,random_search,683778,1,7,2022-09-03T16:00:00.000+0000,2022-09-03T19:00:00.000+0000,long,4,-0.00361381,0.00001115,0.00050000,signal_close
pdl_reclaim_long,BTCUSDT,random_search,683778,1,8,2022-09-07T04:00:00.000+0000,2022-09-07T20:00:00.000+0000,long,17,0.03328468,-0.00000751,0.00050000,
pdl_reclaim_long,BTCUSDT,random_search,683778,1,9,2022-09-07T21:00:00.000+0000,2022-09-09T03:00:00.000+0000,long,31,0.01427283,0.00005463,0.00025000,signal_close
pdl_reclaim_long,BTCUSDT,random_search,683778,1,10,2022-09-14T22:00:00.000+0000,2022-09-15T01:00:00.000+0000,long,4,-0.00080602,0.00000324,0.00050000,signal_close
pdl_reclaim_long,BTCUSDT,random_search,683778,1,11,2022-09-16T17:00:00.000+0000,2022-09-16T17:00:00.000+0000,long,1,-0.00517060,0.00000000,0.00050000,signal_close
pdl_reclaim_long,BTCUSDT,random_search,683778,2,1,2022-10-02T13:00:00.000+0000,2022-10-02T14:00:00.000+0000,long,2,-0.00336655,0.00000000,0.00050000,signal_close
pdl_reclaim_long,BTCUSDT,random_search,683778,2,2,2022-10-07T08:00:00.000+0000,2022-10-07T12:00:00.000+0000,long,5,-0.01599241,0.00010000,0.00050000,signal_close
pdl_reclaim_long,BTCUSDT,random_search,683778,2,3,2022-10-08T23:00:00.000+0000,2022-10-09T10:00:00.000+0000,long,12,0.00605897,0.00005022,0.00050000,signal_close
pdl_reclaim_long,BTCUSDT,random_search,683778,2,4,2022-10-11T02:00:00.000+0000,2022-10-11T14:00:00.000+0000,long,13,-0.00056982,0.00010000,0.00050000,signal_close
pdl_reclaim_long,BTCUSDT,random_search,683778,2,5,2022-10-15T10:00:00.000+0000,2022-10-15T23:00:00.000+0000,long,14,-0.00256708,0.00004563,0.00050000,signal_close
pdl_reclaim_long,BTCUSDT,random_search,683778,2,6,2022-10-19T15:00:00.000+0000,2022-10-20T00:00:00.000+0000,long,10,-0.01016738,0.00020000,0.00050000,signal_close
pdl_reclaim_long,BTCUSDT,random_search,683778,2,7,2022-10-28T03:00:00.000+0000,2022-10-28T08:00:00.000+0000,long,6,-0.00272668,0.00003541,0.00050000,signal_close
pdl_reclaim_long,BTCUSDT,random_search,683778,2,8,2022-10-30T18:00:00.000+0000,2022-10-30T22:00:00.000+0000,long,5,-0.00407952,0.00000000,0.00050000,signal_close
pdl_reclaim_long,BTCUSDT,random_search,683778,2,9,2022-11-03T13:00:00.000+0000,2022-11-03T14:00:00.000+0000,long,2,0.00990476,0.00000000,0.00050000,signal_close
pdl_reclaim_long,BTCUSDT,random_search,683778,2,10,2022-11-07T02:00:00.000+0000,2022-11-07T03:00:00.000+0000,long,2,-0.00391319,0.00000000,0.00050000,signal_close
pdl_reclaim_long,BTCUSDT,random_search,683778,2,11,2022-11-09T18:00:00.000+0000,2022-11-09T18:00:00.000+0000,long,1,-0.02137182,0.00000000,0.00050000,signal_close
pdl_reclaim_long,BTCUSDT,random_search,683778,2,12,2022-11-13T09:00:00.000+0000,2022-11-13T09:00:00.000+0000,long,1,-0.00708511,0.00000000,0.00050000,signal_close
pdl_reclaim_long,BTCUSDT,random_search,683778,2,13,2022-11-21T02:00:00.000+0000,2022-11-21T02:00:00.000+0000,long,1,-0.01279296,0.00000000,0.00050000,signal_close
pdl_reclaim_long,BTCUSDT,random_search,683778,2,14,2022-12-02T15:00:00.000+0000,2022-12-02T22:00:00.000+0000,long,8,0.00739653,-0.00003753,0.00050000,signal_close
pdl_reclaim_long,BTCUSDT,random_search,683778,2,15,2022-12-15T08:00:00.000+0000,2022-12-15T13:00:00.000+0000,long,6,-0.01121890,0.00010000,0.00050000,signal_close
pdl_reclaim_long,BTCUSDT,random_search,683778,2,16,2022-12-19T05:00:00.000+0000,2022-12-19T16:00:00.000+0000,long,12,-0.00508382,0.00007989,0.00050000,signal_close
pdl_reclaim_long,BTCUSDT,random_search,683778,3,1,2023-01-22T21:00:00.000+0000,2023-01-23T08:00:00.000+0000,long,12,0.01058927,0.00020000,0.00050000,signal_close
pdl_reclaim_long,BTCUSDT,random_search,683778,3,2,2023-02-06T06:00:00.000+0000,2023-02-06T16:00:00.000+0000,long,11,0.00920880,0.00020000,0.00050000,
pdl_reclaim_long,BTCUSDT,random_search,683778,3,3,2023-02-06T17:00:00.000+0000,2023-02-06T17:00:00.000+0000,long,1,0.00049357,0.00000000,0.00025000,signal_close
pdl_reclaim_long,BTCUSDT,random_search,683778,3,4,2023-02-10T06:00:00.000+0000,2023-02-10T15:00:00.000+0000,long,10,-0.00705440,0.00010000,0.00050000,signal_close
pdl_reclaim_long,BTCUSDT,random_search,683778,3,5,2023-02-17T01:00:00.000+0000,2023-02-17T12:00:00.000+0000,long,12,0.00582029,0.00010000,0.00050000,signal_close
pdl_reclaim_long,BTCUSDT,random_search,683778,3,6,2023-02-22T02:00:00.000+0000,2023-02-22T02:00:00.000+0000,long,1,-0.00083508,0.00000000,0.00050000,signal_close
pdl_reclaim_long,BTCUSDT,random_search,683778,3,7,2023-02-25T21:00:00.000+0000,2023-02-26T08:00:00.000+0000,long,12,0.00929154,0.00010132,0.00050000,signal_close
pdl_reclaim_long,BTCUSDT,random_search,683778,3,8,2023-02-28T22:00:00.000+0000,2023-03-01T03:00:00.000+0000,long,6,0.01263610,0.00000185,0.00050000,
pdl_reclaim_long,BTCUSDT,random_search,683778,3,9,2023-03-01T04:00:00.000+0000,2023-03-01T08:00:00.000+0000,long,5,0.00888382,0.00005000,0.00025000,signal_close
pdl_reclaim_long,BTCUSDT,random_search,683778,3,10,2023-03-15T18:00:00.000+0000,2023-03-16T05:00:00.000+0000,long,12,0.00171997,0.00010000,0.00050000,signal_close
pdl_reclaim_long,BTCUSDT,random_search,683778,3,11,2023-03-24T22:00:00.000+0000,2023-03-25T09:00:00.000+0000,long,12,0.00519712,0.00000115,0.00050000,signal_close
pdl_reclaim_long,BTCUSDT,random_search,683778,4,1,2023-03-31T08:00:00.000+0000,2023-03-31T13:00:00.000+0000,long,6,0.02188853,0.00006358,0.00050000,
pdl_reclaim_long,BTCUSDT,random_search,683778,4,2,2023-03-31T14:00:00.000+0000,2023-04-02T07:00:00.000+0000,long,42,0.00031113,0.00021683,0.00025000,signal_close
pdl_reclaim_long,BTCUSDT,random_search,683778,4,3,2023-04-02T14:00:00.000+0000,2023-04-02T15:00:00.000+0000,long,2,-0.00622555,0.00000000,0.00050000,signal_close
pdl_reclaim_long,BTCUSDT,random_search,683778,4,4,2023-04-06T11:00:00.000+0000,2023-04-08T10:00:00.000+0000,long,48,0.00549482,-0.00001655,0.00050000,signal_close
pdl_reclaim_long,BTCUSDT,random_search,683778,4,5,2023-04-18T02:00:00.000+0000,2023-04-18T07:00:00.000+0000,long,6,0.01293079,0.00000000,0.00050000,
pdl_reclaim_long,BTCUSDT,random_search,683778,4,6,2023-04-18T08:00:00.000+0000,2023-04-18T11:00:00.000+0000,long,4,0.01002297,-0.00000255,0.00025000,signal_close
pdl_reclaim_long,BTCUSDT,random_search,683778,4,7,2023-04-19T09:00:00.000+0000,2023-04-19T23:00:00.000+0000,long,15,-0.01260351,-0.00000081,0.00050000,signal_close
pdl_reclaim_long,BTCUSDT,random_search,683778,4,8,2023-04-24T10:00:00.000+0000,2023-04-24T11:00:00.000+0000,long,2,0.00826855,0.00000000,0.00050000,
pdl_reclaim_long,BTCUSDT,random_search,683778,4,9,2023-04-24T12:00:00.000+0000,2023-04-24T14:00:00.000+0000,long,3,-0.00246453,0.00000000,0.00025000,signal_close
pdl_reclaim_long,BTCUSDT,random_search,683778,4,10,2023-05-06T17:00:00.000+0000,2023-05-07T23:00:00.000+0000,long,31,-0.00980972,0.00014414,0.00050000,signal_close
pdl_reclaim_long,BTCUSDT,random_search,683778,4,11,2023-05-18T19:00:00.000+0000,2023-05-18T21:00:00.000+0000,long,3,0.01079173,0.00000000,0.00050000,
pdl_reclaim_long,BTCUSDT,random_search,683778,4,12,2023-05-18T22:00:00.000+0000,2023-05-20T18:00:00.000+0000,long,45,0.00188188,0.00008962,0.00025000,signal_close
pdl_reclaim_long,BTCUSDT,random_search,683778,4,13,2023-05-21T12:00:00.000+0000,2023-05-21T21:00:00.000+0000,long,10,-0.00362566,0.00005071,0.00050000,signal_close
pdl_reclaim_long,BTCUSDT,random_search,683778,4,14,2023-05-24T05:00:00.000+0000,2023-05-24T06:00:00.000+0000,long,2,-0.00391034,0.00000000,0.00050000,signal_close
pdl_reclaim_long,BTCUSDT,random_search,683778,4,15,2023-05-25T02:00:00.000+0000,2023-05-25T19:00:00.000+0000,long,18,0.01239383,0.00020000,0.00050000,
pdl_reclaim_long,BTCUSDT,random_search,683778,4,16,2023-05-25T20:00:00.000+0000,2023-05-27T01:00:00.000+0000,long,30,0.00428991,0.00015841,0.00025000,signal_close
pdl_reclaim_long,BTCUSDT,random_search,683778,5,1,2023-06-26T04:00:00.000+0000,2023-06-26T15:00:00.000+0000,long,12,0.00334911,0.00010000,0.00050000,signal_close
pdl_reclaim_long,BTCUSDT,random_search,683778,5,2,2023-06-28T09:00:00.000+0000,2023-06-28T12:00:00.000+0000,long,4,-0.00619541,0.00000000,0.00050000,signal_close
pdl_reclaim_long,BTCUSDT,random_search,683778,5,3,2023-06-30T14:00:00.000+0000,2023-06-30T17:00:00.000+0000,long,4,0.01018618,0.00010000,0.00050000,signal_close
pdl_reclaim_long,BTCUSDT,random_search,683778,5,4,2023-07-06T15:00:00.000+0000,2023-07-06T23:00:00.000+0000,long,9,-0.01116240,0.00001492,0.00050000,signal_close
pdl_reclaim_long,BTCUSDT,random_search,683778,5,5,2023-07-07T01:00:00.000+0000,2023-07-07T12:00:00.000+0000,long,12,0.00449139,0.00004221,0.00050000,signal_close
pdl_reclaim_long,BTCUSDT,random_search,683778,5,6,2023-07-12T20:00:00.000+0000,2023-07-13T07:00:00.000+0000,long,12,0.00238988,-0.00001135,0.00050000,signal_close
pdl_reclaim_long,BTCUSDT,random_search,683778,5,7,2023-07-18T17:00:00.000+0000,2023-07-19T00:00:00.000+0000,long,8,0.01134043,0.00010000,0.00050000,signal_close
pdl_reclaim_long,BTCUSDT,random_search,683778,6,1,2023-09-25T05:00:00.000+0000,2023-09-25T12:00:00.000+0000,long,8,-0.00236693,0.00008565,0.00050000,signal_close
pdl_reclaim_long,BTCUSDT,random_search,683778,6,2,2023-11-14T03:00:00.000+0000,2023-11-14T12:00:00.000+0000,long,10,-0.00278856,0.00016369,0.00050000,signal_close
pdl_reclaim_long,BTCUSDT,random_search,683778,6,3,2023-11-30T16:00:00.000+0000,2023-12-01T02:00:00.000+0000,long,11,0.00896060,0.00020000,0.00050000,signal_close
pdl_reclaim_long,BTCUSDT,random_search,683778,6,4,2023-12-13T05:00:00.000+0000,2023-12-13T15:00:00.000+0000,long,11,0.02461167,0.00010162,0.00050000,signal_close
pdl_reclaim_long,BTCUSDT,random_search,683778,6,5,2023-12-17T16:00:00.000+0000,2023-12-17T17:00:00.000+0000,long,2,0.00639912,0.00010000,0.00050000,signal_close
pdl_reclaim_long,BTCUSDT,random_search,683778,7,1,2024-01-12T14:00:00.000+0000,2024-01-12T14:00:00.000+0000,long,1,-0.00761097,0.00000000,0.00050000,signal_close
pdl_reclaim_long,BTCUSDT,random_search,683778,7,2,2024-02-21T15:00:00.000+0000,2024-02-21T23:00:00.000+0000,long,9,0.01718908,0.00010000,0.00050000,
pdl_reclaim_long,BTCUSDT,random_search,683778,7,3,2024-02-22T00:00:00.000+0000,2024-02-22T13:00:00.000+0000,long,14,-0.00695730,0.00011740,0.00025000,signal_close
pdl_reclaim_long,BTCUSDT,random_search,683778,7,4,2024-02-23T10:00:00.000+0000,2024-02-23T14:00:00.000+0000,long,5,0.00169400,0.00000000,0.00050000,signal_close
pdl_reclaim_long,BTCUSDT,random_search,683778,8,1,2024-03-27T15:00:00.000+0000,2024-03-27T15:00:00.000+0000,long,1,-0.01769290,0.00000000,0.00050000,signal_close
pdl_reclaim_long,BTCUSDT,random_search,683778,8,2,2024-04-01T07:00:00.000+0000,2024-04-01T14:00:00.000+0000,long,8,-0.01084070,0.00033491,0.00050000,signal_close
pdl_reclaim_long,BTCUSDT,random_search,683778,8,3,2024-04-09T15:00:00.000+0000,2024-04-09T15:00:00.000+0000,long,1,-0.00184263,0.00000000,0.00050000,signal_close
pdl_reclaim_long,BTCUSDT,random_search,683778,8,4,2024-04-10T14:00:00.000+0000,2024-04-10T16:00:00.000+0000,long,3,0.01752048,0.00010000,0.00050000,signal_close
pdl_reclaim_long,BTCUSDT,random_search,683778,8,5,2024-04-16T05:00:00.000+0000,2024-04-17T05:00:00.000+0000,long,25,0.02248203,0.00019413,0.00050000,signal_close
pdl_reclaim_long,BTCUSDT,random_search,683778,8,6,2024-04-19T02:00:00.000+0000,2024-04-19T02:00:00.000+0000,long,1,0.00497705,0.00000000,0.00050000,signal_close
pdl_reclaim_long,BTCUSDT,random_search,683778,8,7,2024-04-25T12:00:00.000+0000,2024-04-25T12:00:00.000+0000,long,1,-0.00736387,0.00000000,0.00050000,signal_close
pdl_reclaim_long,BTCUSDT,random_search,683778,8,8,2024-04-30T11:00:00.000+0000,2024-04-30T11:00:00.000+0000,long,1,-0.00983951,0.00000000,0.00050000,signal_close
pdl_reclaim_long,BTCUSDT,random_search,683778,8,9,2024-05-06T20:00:00.000+0000,2024-05-07T23:00:00.000+0000,long,28,-0.01471925,0.00016673,0.00050000,signal_close
pdl_reclaim_long,BTCUSDT,random_search,683778,8,10,2024-05-09T12:00:00.000+0000,2024-05-09T15:00:00.000+0000,long,4,0.01729892,0.00000000,0.00050000,signal_close
pdl_reclaim_long,BTCUSDT,random_search,683778,8,11,2024-05-10T17:00:00.000+0000,2024-05-10T17:00:00.000+0000,long,1,-0.01146537,0.00000000,0.00050000,signal_close
pdl_reclaim_long,BTCUSDT,random_search,683778,8,12,2024-05-22T22:00:00.000+0000,2024-05-23T13:00:00.000+0000,long,16,-0.02177457,0.00020000,0.00050000,signal_close
pdl_reclaim_long,BTCUSDT,random_search,683778,8,13,2024-05-26T22:00:00.000+0000,2024-05-27T01:00:00.000+0000,long,4,0.00736774,0.00010000,0.00050000,signal_close
pdl_reclaim_long,BTCUSDT,random_search,683778,8,14,2024-05-31T17:00:00.000+0000,2024-05-31T19:00:00.000+0000,long,3,0.00659239,0.00000000,0.00050000,signal_close
pdl_reclaim_long,BTCUSDT,random_search,683778,8,15,2024-06-06T21:00:00.000+0000,2024-06-07T11:00:00.000+0000,long,15,0.01310954,0.00020000,0.00050000,signal_close
pdl_reclaim_long,BTCUSDT,random_search,683778,8,16,2024-06-13T17:00:00.000+0000,2024-06-14T15:00:00.000+0000,long,23,-0.00965618,0.00020000,0.00050000,signal_close
pdl_reclaim_long,BTCUSDT,random_search,683778,9,1,2024-06-21T06:00:00.000+0000,2024-06-21T07:00:00.000+0000,long,2,-0.00765384,0.00000000,0.00050000,signal_close
pdl_reclaim_long,BTCUSDT,random_search,683778,9,2,2024-07-23T09:00:00.000+0000,2024-07-23T13:00:00.000+0000,long,5,-0.01230845,0.00000000,0.00050000,signal_close
pdl_reclaim_long,BTCUSDT,random_search,683778,9,3,2024-07-29T22:00:00.000+0000,2024-07-29T23:00:00.000+0000,long,2,-0.01104927,0.00000000,0.00050000,signal_close
pdl_reclaim_long,BTCUSDT,random_search,683778,9,4,2024-08-03T03:00:00.000+0000,2024-08-03T14:00:00.000+0000,long,12,0.00824839,0.00009788,0.00050000,signal_close
pdl_reclaim_long,BTCUSDT,random_search,683778,9,5,2024-08-12T02:00:00.000+0000,2024-08-12T07:00:00.000+0000,long,6,0.00082026,0.00000000,0.00050000,signal_close
pdl_reclaim_long,BTCUSDT,random_search,683778,9,6,2024-08-15T04:00:00.000+0000,2024-08-15T06:00:00.000+0000,long,3,-0.00635306,0.00000000,0.00050000,signal_close
pdl_reclaim_long,BTCUSDT,random_search,683778,9,7,2024-08-19T03:00:00.000+0000,2024-08-19T09:00:00.000+0000,long,7,-0.01159096,-0.00006750,0.00050000,signal_close
pdl_reclaim_long,BTCUSDT,random_search,683778,9,8,2024-09-06T09:00:00.000+0000,2024-09-06T12:00:00.000+0000,long,4,0.01870119,0.00000000,0.00050000,signal_close
pdl_reclaim_long,BTCUSDT,random_search,683778,10,1,2024-11-25T17:00:00.000+0000,2024-11-25T17:00:00.000+0000,long,1,-0.00764441,0.00000000,0.00050000,signal_close
pdl_reclaim_long,BTCUSDT,random_search,683778,11,1,2024-12-23T03:00:00.000+0000,2024-12-23T14:00:00.000+0000,long,12,-0.00351770,0.00010000,0.00050000,signal_close
pdl_reclaim_long,BTCUSDT,random_search,683778,11,2,2024-12-27T15:00:00.000+0000,2024-12-27T15:00:00.000+0000,long,1,-0.01209552,0.00000000,0.00050000,signal_close
pdl_reclaim_long,BTCUSDT,random_search,683778,11,3,2025-01-05T19:00:00.000+0000,2025-01-06T02:00:00.000+0000,long,8,0.00873194,0.00010000,0.00050000,signal_close
pdl_reclaim_long,BTCUSDT,random_search,683778,11,4,2025-01-08T06:00:00.000+0000,2025-01-08T06:00:00.000+0000,long,1,-0.01280526,0.00000000,0.00050000,signal_close
pdl_reclaim_long,BTCUSDT,random_search,683778,11,5,2025-01-09T18:00:00.000+0000,2025-01-09T20:00:00.000+0000,long,3,-0.00908984,0.00000000,0.00050000,signal_close
pdl_reclaim_long,BTCUSDT,random_search,683778,11,6,2025-01-20T02:00:00.000+0000,2025-01-20T06:00:00.000+0000,long,5,0.06699942,0.00000000,0.00050000,signal_close
pdl_reclaim_long,BTCUSDT,random_search,683778,11,7,2025-02-10T00:00:00.000+0000,2025-02-11T23:00:00.000+0000,long,48,-0.00748089,0.00027297,0.00050000,signal_close
pdl_reclaim_long,BTCUSDT,random_search,683778,11,8,2025-02-12T15:00:00.000+0000,2025-02-14T14:00:00.000+0000,long,48,0.01680931,0.00029492,0.00050000,signal_close
pdl_reclaim_long,BTCUSDT,random_search,683778,11,9,2025-02-18T10:00:00.000+0000,2025-02-18T16:00:00.000+0000,long,7,-0.01253521,0.00010000,0.00050000,signal_close
pdl_reclaim_long,BTCUSDT,random_search,683778,11,10,2025-02-24T06:00:00.000+0000,2025-02-24T14:00:00.000+0000,long,9,-0.01146670,0.00006881,0.00050000,signal_close
pdl_reclaim_long,BTCUSDT,random_search,683778,11,11,2025-02-25T02:00:00.000+0000,2025-02-25T07:00:00.000+0000,long,6,-0.03021591,0.00000000,0.00050000,signal_close
pdl_reclaim_long,BTCUSDT,random_search,683778,11,12,2025-03-11T02:00:00.000+0000,2025-03-12T12:00:00.000+0000,long,35,0.06086545,0.00018397,0.00050000,signal_close
pdl_reclaim_long,BTCUSDT,random_search,683778,12,1,2025-04-06T16:00:00.000+0000,2025-04-06T16:00:00.000+0000,long,1,-0.00734752,-0.00000603,0.00050000,signal_close
pdl_reclaim_long,BTCUSDT,random_search,683778,12,2,2025-05-25T11:00:00.000+0000,2025-05-25T15:00:00.000+0000,long,5,-0.00025509,0.00000000,0.00050000,signal_close
pdl_reclaim_long,BTCUSDT,random_search,683778,13,1,2025-06-22T14:00:00.000+0000,2025-06-22T14:00:00.000+0000,long,1,-0.01265853,0.00000000,0.00050000,signal_close
pdl_reclaim_long,BTCUSDT,random_search,683778,13,2,2025-07-28T20:00:00.000+0000,2025-07-28T20:00:00.000+0000,long,1,-0.00077361,0.00000000,0.00050000,signal_close
pdl_reclaim_long,BTCUSDT,random_search,683778,13,3,2025-07-29T17:00:00.000+0000,2025-07-29T20:00:00.000+0000,long,4,-0.00247602,0.00000000,0.00050000,signal_close
pdl_reclaim_long,BTCUSDT,random_search,683778,13,4,2025-08-22T13:00:00.000+0000,2025-08-22T14:00:00.000+0000,long,2,0.03013717,0.00000000,0.00050000,signal_close
pdl_reclaim_long,BTCUSDT,random_search,683778,13,5,2025-08-26T02:00:00.000+0000,2025-08-26T21:00:00.000+0000,long,20,0.01462849,0.00013900,0.00050000,
pdl_reclaim_long,BTCUSDT,random_search,683778,13,6,2025-08-26T22:00:00.000+0000,2025-08-28T01:00:00.000+0000,long,28,0.00002735,0.00008049,0.00025000,signal_close
pdl_reclaim_long,BTCUSDT,random_search,683778,13,7,2025-09-06T17:00:00.000+0000,2025-09-08T08:00:00.000+0000,long,40,0.01218681,0.00028636,0.00050000,
pdl_reclaim_long,BTCUSDT,random_search,683778,13,8,2025-09-08T09:00:00.000+0000,2025-09-08T16:00:00.000+0000,long,8,0.00288032,0.00003655,0.00025000,signal_close
pdl_reclaim_long,BTCUSDT,random_search,683778,14,1,2025-10-09T16:00:00.000+0000,2025-10-09T16:00:00.000+0000,long,1,-0.01147678,0.00001455,0.00050000,signal_close
pdl_reclaim_long,BTCUSDT,random_search,683778,14,2,2025-10-22T13:00:00.000+0000,2025-10-22T21:00:00.000+0000,long,9,-0.00809113,0.00005702,0.00050000,signal_close
pdl_reclaim_long,BTCUSDT,random_search,692467,0,1,2022-04-11T03:00:00.000+0000,2022-04-11T09:00:00.000+0000,long,7,-0.01382785,0.00010000,0.00050000,signal_close
pdl_reclaim_long,BTCUSDT,random_search,692467,0,2,2022-04-26T20:00:00.000+0000,2022-04-26T20:00:00.000+0000,long,1,-0.00432739,0.00000000,0.00050000,signal_close
pdl_reclaim_long,BTCUSDT,random_search,692467,0,3,2022-05-14T16:00:00.000+0000,2022-05-14T16:00:00.000+0000,long,1,0.01754490,0.00010000,0.00050000,signal_close
pdl_reclaim_long,BTCUSDT,random_search,692467,0,4,2022-05-16T08:00:00.000+0000,2022-05-16T15:00:00.000+0000,long,8,0.00281726,0.00008883,0.00050000,signal_close
pdl_reclaim_long,BTCUSDT,random_search,692467,1,1,2022-07-12T03:00:00.000+0000,2022-07-12T07:00:00.000+0000,long,5,-0.01245980,0.00000000,0.00050000,signal_close
pdl_reclaim_long,BTCUSDT,random_search,692467,1,2,2022-07-31T22:00:00.000+0000,2022-07-31T22:00:00.000+0000,long,1,-0.00953651,0.00000000,0.00050000,signal_close
pdl_reclaim_long,BTCUSDT,random_search,692467,1,3,2022-08-10T03:00:00.000+0000,2022-08-10T12:00:00.000+0000,long,10,0.04582462,0.00000581,0.00050000,signal_close
pdl_reclaim_long,BTCUSDT,random_search,692467,1,4,2022-08-12T02:00:00.000+0000,2022-08-12T11:00:00.000+0000,long,10,-0.01011673,0.00001412,0.00050000,signal_close
pdl_reclaim_long,BTCUSDT,random_search,692467,1,5,2022-08-16T17:00:00.000+0000,2022-08-17T12:00:00.000+0000,long,20,-0.00569160,0.00000728,0.00050000,signal_close
pdl_reclaim_long,BTCUSDT,random_search,692467,1,6,2022-08-27T07:00:00.000+0000,2022-08-27T15:00:00.000+0000,long,9,-0.00960685,-0.00006290,0.00050000,signal_close
pdl_reclaim_long,BTCUSDT,random_search,692467,1,7,2022-09-07T04:00:00.000+0000,2022-09-07T20:00:00.000+0000,long,17,0.03328468,-0.00000751,0.00050000,
pdl_reclaim_long,BTCUSDT,random_search,692467,1,8,2022-09-07T21:00:00.000+0000,2022-09-09T03:00:00.000+0000,long,31,0.01427283,0.00005463,0.00025000,signal_close
pdl_reclaim_long,BTCUSDT,random_search,692467,1,9,2022-09-14T22:00:00.000+0000,2022-09-15T01:00:00.000+0000,long,4,-0.00080602,0.00000324,0.00050000,signal_close
pdl_reclaim_long,BTCUSDT,random_search,692467,1,10,2022-09-16T17:00:00.000+0000,2022-09-16T17:00:00.000+0000,long,1,-0.00517060,0.00000000,0.00050000,signal_close
pdl_reclaim_long,BTCUSDT,random_search,692467,2,1,2022-10-07T08:00:00.000+0000,2022-10-07T12:00:00.000+0000,long,5,-0.01599241,0.00010000,0.00050000,signal_close
pdl_reclaim_long,BTCUSDT,random_search,692467,2,2,2022-10-11T02:00:00.000+0000,2022-10-11T14:00:00.000+0000,long,13,-0.00056982,0.00010000,0.00050000,signal_close
pdl_reclaim_long,BTCUSDT,random_search,692467,2,3,2022-10-28T03:00:00.000+0000,2022-10-28T08:00:00.000+0000,long,6,-0.00272668,0.00003541,0.00050000,signal_close
pdl_reclaim_long,BTCUSDT,random_search,692467,2,4,2022-10-30T18:00:00.000+0000,2022-10-30T22:00:00.000+0000,long,5,-0.00407952,0.00000000,0.00050000,signal_close
pdl_reclaim_long,BTCUSDT,random_search,692467,2,5,2022-11-09T18:00:00.000+0000,2022-11-09T18:00:00.000+0000,long,1,-0.02137182,0.00000000,0.00050000,signal_close
pdl_reclaim_long,BTCUSDT,random_search,692467,2,6,2022-11-13T09:00:00.000+0000,2022-11-13T09:00:00.000+0000,long,1,-0.00708511,0.00000000,0.00050000,signal_close
pdl_reclaim_long,BTCUSDT,random_search,692467,2,7,2022-11-21T02:00:00.000+0000,2022-11-21T02:00:00.000+0000,long,1,-0.01279296,0.00000000,0.00050000,signal_close
pdl_reclaim_long,BTCUSDT,random_search,692467,2,8,2022-12-15T08:00:00.000+0000,2022-12-15T13:00:00.000+0000,long,6,-0.01121890,0.00010000,0.00050000,signal_close
pdl_reclaim_long,BTCUSDT,random_search,692467,3,1,2023-01-22T21:00:00.000+0000,2023-01-23T08:00:00.000+0000,long,12,0.01058927,0.00020000,0.00050000,signal_close
pdl_reclaim_long,BTCUSDT,random_search,692467,3,2,2023-02-06T06:00:00.000+0000,2023-02-06T16:00:00.000+0000,long,11,0.00920880,0.00020000,0.00050000,
pdl_reclaim_long,BTCUSDT,random_search,692467,3,3,2023-02-06T17:00:00.000+0000,2023-02-06T17:00:00.000+0000,long,1,0.00049357,0.00000000,0.00025000,signal_close
pdl_reclaim_long,BTCUSDT,random_search,692467,3,4,2023-02-10T06:00:00.000+0000,2023-02-10T15:00:00.000+0000,long,10,-0.00705440,0.00010000,0.00050000,signal_close
pdl_reclaim_long,BTCUSDT,random_search,692467,3,5,2023-02-17T01:00:00.000+0000,2023-02-17T12:00:00.000+0000,long,12,0.00582029,0.00010000,0.00050000,signal_close
pdl_reclaim_long,BTCUSDT,random_search,692467,3,6,2023-02-22T02:00:00.000+0000,2023-02-22T02:00:00.000+0000,long,1,-0.00083508,0.00000000,0.00050000,signal_close
pdl_reclaim_long,BTCUSDT,random_search,692467,3,7,2023-02-25T21:00:00.000+0000,2023-02-26T08:00:00.000+0000,long,12,0.00929154,0.00010132,0.00050000,signal_close
pdl_reclaim_long,BTCUSDT,random_search,692467,3,8,2023-02-28T22:00:00.000+0000,2023-03-01T03:00:00.000+0000,long,6,0.01263610,0.00000185,0.00050000,
pdl_reclaim_long,BTCUSDT,random_search,692467,3,9,2023-03-01T04:00:00.000+0000,2023-03-01T08:00:00.000+0000,long,5,0.00888382,0.00005000,0.00025000,signal_close
pdl_reclaim_long,BTCUSDT,random_search,692467,3,10,2023-03-15T18:00:00.000+0000,2023-03-16T05:00:00.000+0000,long,12,0.00171997,0.00010000,0.00050000,signal_close
pdl_reclaim_long,BTCUSDT,random_search,692467,3,11,2023-03-24T22:00:00.000+0000,2023-03-25T09:00:00.000+0000,long,12,0.00519712,0.00000115,0.00050000,signal_close
pdl_reclaim_long,BTCUSDT,random_search,692467,4,1,2023-03-31T08:00:00.000+0000,2023-03-31T13:00:00.000+0000,long,6,0.02188853,0.00006358,0.00050000,
pdl_reclaim_long,BTCUSDT,random_search,692467,4,2,2023-03-31T14:00:00.000+0000,2023-04-02T07:00:00.000+0000,long,42,0.00031113,0.00021683,0.00025000,signal_close
pdl_reclaim_long,BTCUSDT,random_search,692467,4,3,2023-04-02T14:00:00.000+0000,2023-04-02T15:00:00.000+0000,long,2,-0.00622555,0.00000000,0.00050000,signal_close
pdl_reclaim_long,BTCUSDT,random_search,692467,4,4,2023-04-06T11:00:00.000+0000,2023-04-08T10:00:00.000+0000,long,48,0.00549482,-0.00001655,0.00050000,signal_close
pdl_reclaim_long,BTCUSDT,random_search,692467,4,5,2023-04-18T02:00:00.000+0000,2023-04-18T07:00:00.000+0000,long,6,0.01293079,0.00000000,0.00050000,
pdl_reclaim_long,BTCUSDT,random_search,692467,4,6,2023-04-18T08:00:00.000+0000,2023-04-18T11:00:00.000+0000,long,4,0.01002297,-0.00000255,0.00025000,signal_close
pdl_reclaim_long,BTCUSDT,random_search,692467,4,7,2023-04-19T09:00:00.000+0000,2023-04-19T23:00:00.000+0000,long,15,-0.01260351,-0.00000081,0.00050000,signal_close
pdl_reclaim_long,BTCUSDT,random_search,692467,4,8,2023-04-24T10:00:00.000+0000,2023-04-24T11:00:00.000+0000,long,2,0.00826855,0.00000000,0.00050000,
pdl_reclaim_long,BTCUSDT,random_search,692467,4,9,2023-04-24T12:00:00.000+0000,2023-04-24T14:00:00.000+0000,long,3,-0.00246453,0.00000000,0.00025000,signal_close
pdl_reclaim_long,BTCUSDT,random_search,692467,4,10,2023-05-06T17:00:00.000+0000,2023-05-07T23:00:00.000+0000,long,31,-0.00980972,0.00014414,0.00050000,signal_close
pdl_reclaim_long,BTCUSDT,random_search,692467,4,11,2023-05-18T19:00:00.000+0000,2023-05-18T21:00:00.000+0000,long,3,0.01079173,0.00000000,0.00050000,
pdl_reclaim_long,BTCUSDT,random_search,692467,4,12,2023-05-18T22:00:00.000+0000,2023-05-20T18:00:00.000+0000,long,45,0.00188188,0.00008962,0.00025000,signal_close
pdl_reclaim_long,BTCUSDT,random_search,692467,4,13,2023-05-21T12:00:00.000+0000,2023-05-21T21:00:00.000+0000,long,10,-0.00362566,0.00005071,0.00050000,signal_close
pdl_reclaim_long,BTCUSDT,random_search,692467,4,14,2023-05-24T05:00:00.000+0000,2023-05-24T06:00:00.000+0000,long,2,-0.00391034,0.00000000,0.00050000,signal_close
pdl_reclaim_long,BTCUSDT,random_search,692467,4,15,2023-05-25T02:00:00.000+0000,2023-05-25T19:00:00.000+0000,long,18,0.01239383,0.00020000,0.00050000,
pdl_reclaim_long,BTCUSDT,random_search,692467,4,16,2023-05-25T20:00:00.000+0000,2023-05-27T01:00:00.000+0000,long,30,0.00428991,0.00015841,0.00025000,signal_close
pdl_reclaim_long,BTCUSDT,random_search,692467,5,1,2023-06-26T04:00:00.000+0000,2023-06-26T15:00:00.000+0000,long,12,0.00334911,0.00010000,0.00050000,signal_close
pdl_reclaim_long,BTCUSDT,random_search,692467,5,2,2023-06-28T09:00:00.000+0000,2023-06-28T12:00:00.000+0000,long,4,-0.00619541,0.00000000,0.00050000,signal_close
pdl_reclaim_long,BTCUSDT,random_search,692467,5,3,2023-06-30T14:00:00.000+0000,2023-06-30T17:00:00.000+0000,long,4,0.01018618,0.00010000,0.00050000,signal_close
pdl_reclaim_long,BTCUSDT,random_search,692467,5,4,2023-07-06T15:00:00.000+0000,2023-07-06T23:00:00.000+0000,long,9,-0.01116240,0.00001492,0.00050000,signal_close
pdl_reclaim_long,BTCUSDT,random_search,692467,5,5,2023-07-07T01:00:00.000+0000,2023-07-07T12:00:00.000+0000,long,12,0.00449139,0.00004221,0.00050000,signal_close
pdl_reclaim_long,BTCUSDT,random_search,692467,5,6,2023-07-18T17:00:00.000+0000,2023-07-19T00:00:00.000+0000,long,8,0.01134043,0.00010000,0.00050000,signal_close
pdl_reclaim_long,BTCUSDT,random_search,692467,6,1,2023-09-24T19:00:00.000+0000,2023-09-24T19:00:00.000+0000,long,1,-0.00607173,0.00000000,0.00050000,signal_close
pdl_reclaim_long,BTCUSDT,random_search,692467,6,2,2023-09-25T01:00:00.000+0000,2023-09-27T00:00:00.000+0000,long,48,-0.00040692,0.00023802,0.00050000,signal_close
pdl_reclaim_long,BTCUSDT,random_search,692467,6,3,2023-10-06T14:00:00.000+0000,2023-10-06T21:00:00.000+0000,long,8,0.01820178,-0.00003149,0.00050000,signal_close
pdl_reclaim_long,BTCUSDT,random_search,692467,6,4,2023-11-03T09:00:00.000+0000,2023-11-03T10:00:00.000+0000,long,2,-0.00448085,0.00000000,0.00050000,signal_close
pdl_reclaim_long,BTCUSDT,random_search,692467,6,5,2023-11-05T22:00:00.000+0000,2023-11-05T23:00:00.000+0000,long,2,0.01024407,0.00000000,0.00050000,signal_close
pdl_reclaim_long,BTCUSDT,random_search,692467,6,6,2023-11-21T15:00:00.000+0000,2023-11-21T15:00:00.000+0000,long,1,0.00848310,0.00000000,0.00050000,signal_close
pdl_reclaim_long,BTCUSDT,random_search,692467,6,7,2023-11-22T01:00:00.000+0000,2023-11-22T18:00:00.000+0000,long,18,0.02931560,0.00020000,0.00050000,signal_close
pdl_reclaim_long,BTCUSDT,random_search,692467,6,8,2023-11-26T13:00:00.000+0000,2023-11-26T16:00:00.000+0000,long,4,-0.01125879,0.00010000,0.00050000,signal_close
pdl_reclaim_long,BTCUSDT,random_search,692467,6,9,2023-11-27T08:00:00.000+0000,2023-11-27T10:00:00.000+0000,long,3,-0.00519973,0.00010000,0.00050000,signal_close
pdl_reclaim_long,BTCUSDT,random_search,692467,6,10,2023-11-30T15:00:00.000+0000,2023-12-01T04:00:00.000+0000,long,14,0.01316893,0.00020000,0.00050000,signal_close
pdl_reclaim_long,BTCUSDT,random_search,692467,6,11,2023-12-13T03:00:00.000+0000,2023-12-13T16:00:00.000+0000,long,14,0.02017285,0.00022763,0.00050000,signal_close
pdl_reclaim_long,BTCUSDT,random_search,692467,7,1,2024-01-12T14:00:00.000+0000,2024-01-12T14:00:00.000+0000,long,1,-0.00761097,0.00000000,0.00050000,signal_close
pdl_reclaim_long,BTCUSDT,random_search,692467,7,2,2024-02-21T15:00:00.000+0000,2024-02-21T23:00:00.000+0000,long,9,0.01718908,0.00010000,0.00050000,
pdl_reclaim_long,BTCUSDT,random_search,692467,7,3,2024-02-22T00:00:00.000+0000,2024-02-22T13:00:00.000+0000,long,14,-0.00695730,0.00011740,0.00025000,signal_close
pdl_reclaim_long,BTCUSDT,random_search,692467,7,4,2024-02-23T10:00:00.000+0000,2024-02-23T14:00:00.000+0000,long,5,0.00169400,0.00000000,0.00050000,signal_close
pdl_reclaim_long,BTCUSDT,random_search,692467,8,1,2024-03-27T15:00:00.000+0000,2024-03-27T15:00:00.000+0000,long,1,-0.01769290,0.00000000,0.00050000,signal_close
pdl_reclaim_long,BTCUSDT,random_search,692467,8,2,2024-04-01T07:00:00.000+0000,2024-04-01T14:00:00.000+0000,long,8,-0.01084070,0.00033491,0.00050000,signal_close
pdl_reclaim_long,BTCUSDT,random_search,692467,8,3,2024-04-09T15:00:00.000+0000,2024-04-09T15:00:00.000+0000,long,1,-0.00184263,0.00000000,0.00050000,signal_close
pdl_reclaim_long,BTCUSDT,random_search,692467,8,4,2024-04-10T14:00:00.000+0000,2024-04-10T16:00:00.000+0000,long,3,0.01752048,0.00010000,0.00050000,signal_close
pdl_reclaim_long,BTCUSDT,random_search,692467,8,5,2024-04-16T05:00:00.000+0000,2024-04-16T16:00:00.000+0000,long,12,0.00383340,0.00013038,0.00050000,signal_close
pdl_reclaim_long,BTCUSDT,random_search,692467,8,6,2024-04-19T02:00:00.000+0000,2024-04-19T02:00:00.000+0000,long,1,0.00497705,0.00000000,0.00050000,signal_close
pdl_reclaim_long,BTCUSDT,random_search,692467,8,7,2024-04-25T12:00:00.000+0000,2024-04-25T12:00:00.000+0000,long,1,-0.00736387,0.00000000,0.00050000,signal_close
pdl_reclaim_long,BTCUSDT,random_search,692467,8,8,2024-04-30T11:00:00.000+0000,2024-04-30T11:00:00.000+0000,long,1,-0.00983951,0.00000000,0.00050000,signal_close
pdl_reclaim_long,BTCUSDT,random_search,692467,8,9,2024-05-06T20:00:00.000+0000,2024-05-07T07:00:00.000+0000,long,12,0.00661163,0.00006064,0.00050000,signal_close
pdl_reclaim_long,BTCUSDT,random_search,692467,8,10,2024-05-09T12:00:00.000+0000,2024-05-09T15:00:00.000+0000,long,4,0.01729892,0.00000000,0.00050000,signal_close
pdl_reclaim_long,BTCUSDT,random_search,692467,8,11,2024-05-10T17:00:00.000+0000,2024-05-10T17:00:00.000+0000,long,1,-0.01146537,0.00000000,0.00050000,signal_close
pdl_reclaim_long,BTCUSDT,random_search,692467,8,12,2024-05-22T22:00:00.000+0000,2024-05-23T09:00:00.000+0000,long,12,0.00156096,0.00020000,0.00050000,signal_close
pdl_reclaim_long,BTCUSDT,random_search,692467,8,13,2024-05-26T22:00:00.000+0000,2024-05-27T01:00:00.000+0000,long,4,0.00736774,0.00010000,0.00050000,signal_close
pdl_reclaim_long,BTCUSDT,random_search,692467,8,14,2024-05-31T17:00:00.000+0000,2024-05-31T19:00:00.000+0000,long,3,0.00659239,0.00000000,0.00050000,signal_close
pdl_reclaim_long,BTCUSDT,random_search,692467,8,15,2024-06-06T21:00:00.000+0000,2024-06-07T08:00:00.000+0000,long,12,0.00485999,0.00020000,0.00050000,signal_close
pdl_reclaim_long,BTCUSDT,random_search,692467,8,16,2024-06-13T17:00:00.000+0000,2024-06-14T04:00:00.000+0000,long,12,-0.00452248,0.00010000,0.00050000,signal_close
pdl_reclaim_long,BTCUSDT,random_search,692467,9,1,2024-06-20T18:00:00.000+0000,2024-06-21T03:00:00.000+0000,long,10,-0.00784555,0.00003344,0.00050000,signal_close
pdl_reclaim_long,BTCUSDT,random_search,692467,9,2,2024-06-21T06:00:00.000+0000,2024-06-21T07:00:00.000+0000,long,2,-0.00765384,0.00000000,0.00050000,signal_close
pdl_reclaim_long,BTCUSDT,random_search,692467,9,3,2024-07-02T11:00:00.000+0000,2024-07-02T14:00:00.000+0000,long,4,-0.01139402,0.00000000,0.00050000,signal_close
pdl_reclaim_long,BTCUSDT,random_search,692467,9,4,2024-07-23T09:00:00.000+0000,2024-07-23T13:00:00.000+0000,long,5,-0.01230845,0.00000000,0.00050000,signal_close
pdl_reclaim_long,BTCUSDT,random_search,692467,9,5,2024-07-29T22:00:00.000+0000,2024-07-29T23:00:00.000+0000,long,2,-0.01104927,0.00000000,0.00050000,signal_close
pdl_reclaim_long,BTCUSDT,random_search,692467,9,6,2024-08-03T03:00:00.000+0000,2024-08-03T14:00:00.000+0000,long,12,0.00824839,0.00009788,0.00050000,signal_close
pdl_reclaim_long,BTCUSDT,random_search,692467,9,7,2024-08-12T02:00:00.000+0000,2024-08-12T07:00:00.000+0000,long,6,0.00082026,0.00000000,0.00050000,signal_close
pdl_reclaim_long,BTCUSDT,random_search,692467,9,8,2024-08-15T04:00:00.000+0000,2024-08-15T06:00:00.000+0000,long,3,-0.00635306,0.00000000,0.00050000,signal_close
pdl_reclaim_long,BTCUSDT,random_search,692467,9,9,2024-08-19T03:00:00.000+0000,2024-08-19T09:00:00.000+0000,long,7,-0.01159096,-0.00006750,0.00050000,signal_close
pdl_reclaim_long,BTCUSDT,random_search,692467,9,10,2024-08-27T04:00:00.000+0000,2024-08-27T09:00:00.000+0000,long,6,-0.00521035,0.00001751,0.00050000,signal_close
pdl_reclaim_long,BTCUSDT,random_search,692467,9,11,2024-09-06T09:00:00.000+0000,2024-09-06T12:00:00.000+0000,long,4,0.01870119,0.00000000,0.00050000,signal_close
pdl_reclaim_long,BTCUSDT,random_search,692467,10,1,2024-11-25T17:00:00.000+0000,2024-11-25T17:00:00.000+0000,long,1,-0.00764441,0.00000000,0.00050000,signal_close
pdl_reclaim_long,BTCUSDT,random_search,692467,11,1,2024-12-23T03:00:00.000+0000,2024-12-23T14:00:00.000+0000,long,12,-0.00351770,0.00010000,0.00050000,signal_close
pdl_reclaim_long,BTCUSDT,random_search,692467,11,2,2024-12-27T15:00:00.000+0000,2024-12-27T15:00:00.000+0000,long,1,-0.01209552,0.00000000,0.00050000,signal_close
pdl_reclaim_long,BTCUSDT,random_search,692467,11,3,2025-01-09T18:00:00.000+0000,2025-01-09T20:00:00.000+0000,long,3,-0.00908984,0.00000000,0.00050000,signal_close
pdl_reclaim_long,BTCUSDT,random_search,692467,11,4,2025-02-10T00:00:00.000+0000,2025-02-11T23:00:00.000+0000,long,48,-0.00748089,0.00027297,0.00050000,signal_close
pdl_reclaim_long,BTCUSDT,random_search,692467,11,5,2025-02-12T15:00:00.000+0000,2025-02-14T14:00:00.000+0000,long,48,0.01680931,0.00029492,0.00050000,signal_close
pdl_reclaim_long,BTCUSDT,random_search,692467,11,6,2025-02-25T02:00:00.000+0000,2025-02-25T07:00:00.000+0000,long,6,-0.03021591,0.00000000,0.00050000,signal_close
pdl_reclaim_long,BTCUSDT,random_search,692467,11,7,2025-03-11T02:00:00.000+0000,2025-03-12T12:00:00.000+0000,long,35,0.06086545,0.00018397,0.00050000,signal_close
pdl_reclaim_long,BTCUSDT,random_search,692467,12,1,2025-04-06T16:00:00.000+0000,2025-04-06T16:00:00.000+0000,long,1,-0.00734752,-0.00000603,0.00050000,signal_close
pdl_reclaim_long,BTCUSDT,random_search,692467,12,2,2025-05-25T11:00:00.000+0000,2025-05-25T15:00:00.000+0000,long,5,-0.00025509,0.00000000,0.00050000,signal_close
pdl_reclaim_long,BTCUSDT,random_search,692467,13,1,2025-06-22T14:00:00.000+0000,2025-06-22T14:00:00.000+0000,long,1,-0.01265853,0.00000000,0.00050000,signal_close
pdl_reclaim_long,BTCUSDT,random_search,692467,13,2,2025-07-28T20:00:00.000+0000,2025-07-28T20:00:00.000+0000,long,1,-0.00077361,0.00000000,0.00050000,signal_close
pdl_reclaim_long,BTCUSDT,random_search,692467,13,3,2025-07-29T17:00:00.000+0000,2025-07-29T20:00:00.000+0000,long,4,-0.00247602,0.00000000,0.00050000,signal_close
pdl_reclaim_long,BTCUSDT,random_search,692467,13,4,2025-08-22T13:00:00.000+0000,2025-08-22T14:00:00.000+0000,long,2,0.03013717,0.00000000,0.00050000,signal_close
pdl_reclaim_long,BTCUSDT,random_search,692467,13,5,2025-08-26T02:00:00.000+0000,2025-08-26T21:00:00.000+0000,long,20,0.01462849,0.00013900,0.00050000,signal_close
pdl_reclaim_long,BTCUSDT,random_search,692467,13,6,2025-09-06T17:00:00.000+0000,2025-09-08T08:00:00.000+0000,long,40,0.01218681,0.00028636,0.00050000,signal_close
pdl_reclaim_long,BTCUSDT,random_search,692467,14,1,2025-10-09T16:00:00.000+0000,2025-10-09T16:00:00.000+0000,long,1,-0.01147678,0.00001455,0.00050000,signal_close
pdl_reclaim_long,BTCUSDT,random_search,693857,0,1,2022-04-11T03:00:00.000+0000,2022-04-11T09:00:00.000+0000,long,7,-0.01382785,0.00010000,0.00050000,signal_close
pdl_reclaim_long,BTCUSDT,random_search,693857,0,2,2022-04-26T20:00:00.000+0000,2022-04-26T20:00:00.000+0000,long,1,-0.00432739,0.00000000,0.00050000,signal_close
pdl_reclaim_long,BTCUSDT,random_search,693857,0,3,2022-05-14T16:00:00.000+0000,2022-05-14T16:00:00.000+0000,long,1,0.01754490,0.00010000,0.00050000,signal_close
pdl_reclaim_long,BTCUSDT,random_search,693857,0,4,2022-05-16T08:00:00.000+0000,2022-05-16T15:00:00.000+0000,long,8,0.00281726,0.00008883,0.00050000,signal_close
pdl_reclaim_long,BTCUSDT,random_search,693857,1,1,2022-07-12T03:00:00.000+0000,2022-07-12T07:00:00.000+0000,long,5,-0.01245980,0.00000000,0.00050000,signal_close
pdl_reclaim_long,BTCUSDT,random_search,693857,1,2,2022-07-31T22:00:00.000+0000,2022-07-31T22:00:00.000+0000,long,1,-0.00953651,0.00000000,0.00050000,signal_close
pdl_reclaim_long,BTCUSDT,random_search,693857,1,3,2022-08-10T03:00:00.000+0000,2022-08-10T12:00:00.000+0000,long,10,0.04582462,0.00000581,0.00050000,signal_close
pdl_reclaim_long,BTCUSDT,random_search,693857,1,4,2022-08-12T02:00:00.000+0000,2022-08-12T11:00:00.000+0000,long,10,-0.01011673,0.00001412,0.00050000,signal_close
pdl_reclaim_long,BTCUSDT,random_search,693857,1,5,2022-08-16T17:00:00.000+0000,2022-08-17T12:00:00.000+0000,long,20,-0.00569160,0.00000728,0.00050000,signal_close
pdl_reclaim_long,BTCUSDT,random_search,693857,1,6,2022-08-27T07:00:00.000+0000,2022-08-27T15:00:00.000+0000,long,9,-0.00960685,-0.00006290,0.00050000,signal_close
pdl_reclaim_long,BTCUSDT,random_search,693857,1,7,2022-09-07T04:00:00.000+0000,2022-09-07T20:00:00.000+0000,long,17,0.03328468,-0.00000751,0.00050000,
pdl_reclaim_long,BTCUSDT,random_search,693857,1,8,2022-09-07T21:00:00.000+0000,2022-09-09T03:00:00.000+0000,long,31,0.01427283,0.00005463,0.00025000,signal_close
pdl_reclaim_long,BTCUSDT,random_search,693857,1,9,2022-09-14T22:00:00.000+0000,2022-09-15T01:00:00.000+0000,long,4,-0.00080602,0.00000324,0.00050000,signal_close
pdl_reclaim_long,BTCUSDT,random_search,693857,1,10,2022-09-16T17:00:00.000+0000,2022-09-16T17:00:00.000+0000,long,1,-0.00517060,0.00000000,0.00050000,signal_close
pdl_reclaim_long,BTCUSDT,random_search,693857,2,1,2022-10-07T08:00:00.000+0000,2022-10-07T12:00:00.000+0000,long,5,-0.01599241,0.00010000,0.00050000,signal_close
pdl_reclaim_long,BTCUSDT,random_search,693857,2,2,2022-10-11T02:00:00.000+0000,2022-10-11T14:00:00.000+0000,long,13,-0.00056982,0.00010000,0.00050000,signal_close
pdl_reclaim_long,BTCUSDT,random_search,693857,2,3,2022-10-28T03:00:00.000+0000,2022-10-28T08:00:00.000+0000,long,6,-0.00272668,0.00003541,0.00050000,signal_close
pdl_reclaim_long,BTCUSDT,random_search,693857,2,4,2022-10-30T18:00:00.000+0000,2022-10-30T22:00:00.000+0000,long,5,-0.00407952,0.00000000,0.00050000,signal_close
pdl_reclaim_long,BTCUSDT,random_search,693857,2,5,2022-11-09T18:00:00.000+0000,2022-11-09T18:00:00.000+0000,long,1,-0.02137182,0.00000000,0.00050000,signal_close
pdl_reclaim_long,BTCUSDT,random_search,693857,2,6,2022-11-13T09:00:00.000+0000,2022-11-13T09:00:00.000+0000,long,1,-0.00708511,0.00000000,0.00050000,signal_close
pdl_reclaim_long,BTCUSDT,random_search,693857,2,7,2022-11-21T02:00:00.000+0000,2022-11-21T02:00:00.000+0000,long,1,-0.01279296,0.00000000,0.00050000,signal_close
pdl_reclaim_long,BTCUSDT,random_search,693857,2,8,2022-12-15T08:00:00.000+0000,2022-12-15T13:00:00.000+0000,long,6,-0.01121890,0.00010000,0.00050000,signal_close
pdl_reclaim_long,BTCUSDT,random_search,693857,3,1,2023-01-22T21:00:00.000+0000,2023-01-23T08:00:00.000+0000,long,12,0.01058927,0.00020000,0.00050000,signal_close
pdl_reclaim_long,BTCUSDT,random_search,693857,3,2,2023-02-06T06:00:00.000+0000,2023-02-06T16:00:00.000+0000,long,11,0.00920880,0.00020000,0.00050000,
pdl_reclaim_long,BTCUSDT,random_search,693857,3,3,2023-02-06T17:00:00.000+0000,2023-02-06T17:00:00.000+0000,long,1,0.00049357,0.00000000,0.00025000,signal_close
pdl_reclaim_long,BTCUSDT,random_search,693857,3,4,2023-02-10T06:00:00.000+0000,2023-02-10T15:00:00.000+0000,long,10,-0.00705440,0.00010000,0.00050000,signal_close
pdl_reclaim_long,BTCUSDT,random_search,693857,3,5,2023-02-17T01:00:00.000+0000,2023-02-17T12:00:00.000+0000,long,12,0.00582029,0.00010000,0.00050000,signal_close
pdl_reclaim_long,BTCUSDT,random_search,693857,3,6,2023-02-22T02:00:00.000+0000,2023-02-22T02:00:00.000+0000,long,1,-0.00083508,0.00000000,0.00050000,signal_close
pdl_reclaim_long,BTCUSDT,random_search,693857,3,7,2023-02-25T21:00:00.000+0000,2023-02-26T08:00:00.000+0000,long,12,0.00929154,0.00010132,0.00050000,signal_close
pdl_reclaim_long,BTCUSDT,random_search,693857,3,8,2023-02-28T22:00:00.000+0000,2023-03-01T03:00:00.000+0000,long,6,0.01263610,0.00000185,0.00050000,
pdl_reclaim_long,BTCUSDT,random_search,693857,3,9,2023-03-01T04:00:00.000+0000,2023-03-01T08:00:00.000+0000,long,5,0.00888382,0.00005000,0.00025000,signal_close
pdl_reclaim_long,BTCUSDT,random_search,693857,3,10,2023-03-15T18:00:00.000+0000,2023-03-16T05:00:00.000+0000,long,12,0.00171997,0.00010000,0.00050000,signal_close
pdl_reclaim_long,BTCUSDT,random_search,693857,3,11,2023-03-24T22:00:00.000+0000,2023-03-25T09:00:00.000+0000,long,12,0.00519712,0.00000115,0.00050000,signal_close
pdl_reclaim_long,BTCUSDT,random_search,693857,4,1,2023-03-31T08:00:00.000+0000,2023-03-31T13:00:00.000+0000,long,6,0.02188853,0.00006358,0.00050000,
pdl_reclaim_long,BTCUSDT,random_search,693857,4,2,2023-03-31T14:00:00.000+0000,2023-04-02T07:00:00.000+0000,long,42,0.00031113,0.00021683,0.00025000,signal_close
pdl_reclaim_long,BTCUSDT,random_search,693857,4,3,2023-04-06T11:00:00.000+0000,2023-04-08T10:00:00.000+0000,long,48,0.00549482,-0.00001655,0.00050000,signal_close
pdl_reclaim_long,BTCUSDT,random_search,693857,4,4,2023-04-18T02:00:00.000+0000,2023-04-18T07:00:00.000+0000,long,6,0.01293079,0.00000000,0.00050000,
pdl_reclaim_long,BTCUSDT,random_search,693857,4,5,2023-04-18T08:00:00.000+0000,2023-04-18T11:00:00.000+0000,long,4,0.01002297,-0.00000255,0.00025000,signal_close
pdl_reclaim_long,BTCUSDT,random_search,693857,4,6,2023-04-19T09:00:00.000+0000,2023-04-19T23:00:00.000+0000,long,15,-0.01260351,-0.00000081,0.00050000,signal_close
pdl_reclaim_long,BTCUSDT,random_search,693857,4,7,2023-04-24T10:00:00.000+0000,2023-04-24T11:00:00.000+0000,long,2,0.00826855,0.00000000,0.00050000,
pdl_reclaim_long,BTCUSDT,random_search,693857,4,8,2023-04-24T12:00:00.000+0000,2023-04-24T14:00:00.000+0000,long,3,-0.00246453,0.00000000,0.00025000,signal_close
pdl_reclaim_long,BTCUSDT,random_search,693857,4,9,2023-05-06T17:00:00.000+0000,2023-05-07T23:00:00.000+0000,long,31,-0.00980972,0.00014414,0.00050000,signal_close
pdl_reclaim_long,BTCUSDT,random_search,693857,4,10,2023-05-18T19:00:00.000+0000,2023-05-18T21:00:00.000+0000,long,3,0.01079173,0.00000000,0.00050000,
pdl_reclaim_long,BTCUSDT,random_search,693857,4,11,2023-05-18T22:00:00.000+0000,2023-05-20T18:00:00.000+0000,long,45,0.00188188,0.00008962,0.00025000,signal_close
pdl_reclaim_long,BTCUSDT,random_search,693857,4,12,2023-05-24T05:00:00.000+0000,2023-05-24T06:00:00.000+0000,long,2,-0.00391034,0.00000000,0.00050000,signal_close
pdl_reclaim_long,BTCUSDT,random_search,693857,4,13,2023-05-25T02:00:00.000+0000,2023-05-25T19:00:00.000+0000,long,18,0.01239383,0.00020000,0.00050000,
pdl_reclaim_long,BTCUSDT,random_search,693857,4,14,2023-05-25T20:00:00.000+0000,2023-05-27T01:00:00.000+0000,long,30,0.00428991,0.00015841,0.00025000,signal_close
pdl_reclaim_long,BTCUSDT,random_search,693857,5,1,2023-06-28T09:00:00.000+0000,2023-06-28T12:00:00.000+0000,long,4,-0.00619541,0.00000000,0.00050000,signal_close
pdl_reclaim_long,BTCUSDT,random_search,693857,5,2,2023-07-07T01:00:00.000+0000,2023-07-07T12:00:00.000+0000,long,12,0.00449139,0.00004221,0.00050000,signal_close
pdl_reclaim_long,BTCUSDT,random_search,693857,5,3,2023-07-12T20:00:00.000+0000,2023-07-13T07:00:00.000+0000,long,12,0.00238988,-0.00001135,0.00050000,signal_close
pdl_reclaim_long,BTCUSDT,random_search,693857,5,4,2023-07-24T05:00:00.000+0000,2023-07-24T09:00:00.000+0000,long,5,-0.02117415,0.00004338,0.00050000,signal_close
pdl_reclaim_long,BTCUSDT,random_search,693857,5,5,2023-07-27T19:00:00.000+0000,2023-07-28T06:00:00.000+0000,long,12,0.00097294,0.00004373,0.00050000,signal_close
pdl_reclaim_long,BTCUSDT,random_search,693857,5,6,2023-08-10T18:00:00.000+0000,2023-08-11T05:00:00.000+0000,long,12,0.00095987,0.00010000,0.00050000,signal_close
pdl_reclaim_long,BTCUSDT,random_search,693857,5,7,2023-08-15T20:00:00.000+0000,2023-08-16T07:00:00.000+0000,long,12,-0.00009214,0.00010000,0.00050000,signal_close
pdl_reclaim_long,BTCUSDT,random_search,693857,5,8,2023-08-25T16:00:00.000+0000,2023-08-26T03:00:00.000+0000,long,12,0.00556192,0.00009038,0.00050000,signal_close
pdl_reclaim_long,BTCUSDT,random_search,693857,5,9,2023-09-01T16:00:00.000+0000,2023-09-01T17:00:00.000+0000,long,2,-0.01339763,0.00006254,0.00050000,signal_close
pdl_reclaim_long,BTCUSDT,random_search,693857,5,10,2023-09-17T01:00:00.000+0000,2023-09-17T01:00:00.000+0000,long,1,0.00062656,0.00000000,0.00050000,signal_close
pdl_reclaim_long,BTCUSDT,random_search,693857,6,1,2023-09-25T05:00:00.000+0000,2023-09-25T12:00:00.000+0000,long,8,-0.00236693,0.00008565,0.00050000,signal_close
pdl_reclaim_long,BTCUSDT,random_search,693857,6,2,2023-10-03T20:00:00.000+0000,2023-10-03T20:00:00.000+0000,long,1,0.00392712,0.00000000,0.00050000,signal_close
pdl_reclaim_long,BTCUSDT,random_search,693857,6,3,2023-11-14T03:00:00.000+0000,2023-11-14T12:00:00.000+0000,long,10,-0.00278856,0.00016369,0.00050000,signal_close
pdl_reclaim_long,BTCUSDT,random_search,693857,6,4,2023-11-30T16:00:00.000+0000,2023-12-01T02:00:00.000+0000,long,11,0.00896060,0.00020000,0.00050000,signal_close
pdl_reclaim_long,BTCUSDT,random_search,693857,6,5,2023-12-13T05:00:00.000+0000,2023-12-13T15:00:00.000+0000,long,11,0.02461167,0.00010162,0.00050000,signal_close
pdl_reclaim_long,BTCUSDT,random_search,693857,6,6,2023-12-17T16:00:00.000+0000,2023-12-17T17:00:00.000+0000,long,2,0.00639912,0.00010000,0.00050000,signal_close
pdl_reclaim_long,BTCUSDT,random_search,693857,7,1,2024-01-12T14:00:00.000+0000,2024-01-12T14:00:00.000+0000,long,1,-0.00761097,0.00000000,0.00050000,signal_close
pdl_reclaim_long,BTCUSDT,random_search,693857,7,2,2024-02-21T15:00:00.000+0000,2024-02-21T23:00:00.000+0000,long,9,0.01718908,0.00010000,0.00050000,
pdl_reclaim_long,BTCUSDT,random_search,693857,7,3,2024-02-22T00:00:00.000+0000,2024-02-22T02:00:00.000+0000,long,3,-0.00440603,0.00005000,0.00025000,signal_close
pdl_reclaim_long,BTCUSDT,random_search,693857,7,4,2024-02-23T10:00:00.000+0000,2024-02-23T14:00:00.000+0000,long,5,0.00169400,0.00000000,0.00050000,signal_close
pdl_reclaim_long,BTCUSDT,random_search,693857,8,1,2024-03-27T15:00:00.000+0000,2024-03-27T15:00:00.000+0000,long,1,-0.01769290,0.00000000,0.00050000,signal_close
pdl_reclaim_long,BTCUSDT,random_search,693857,8,2,2024-04-01T07:00:00.000+0000,2024-04-01T14:00:00.000+0000,long,8,-0.01084070,0.00033491,0.00050000,signal_close
pdl_reclaim_long,BTCUSDT,random_search,693857,8,3,2024-04-09T15:00:00.000+0000,2024-04-09T15:00:00.000+0000,long,1,-0.00184263,0.00000000,0.00050000,signal_close
pdl_reclaim_long,BTCUSDT,random_search,693857,8,4,2024-04-10T14:00:00.000+0000,2024-04-10T16:00:00.000+0000,long,3,0.01752048,0.00010000,0.00050000,signal_close
pdl_reclaim_long,BTCUSDT,random_search,693857,8,5,2024-04-16T05:00:00.000+0000,2024-04-16T16:00:00.000+0000,long,12,0.00383340,0.00013038,0.00050000,signal_close
pdl_reclaim_long,BTCUSDT,random_search,693857,8,6,2024-04-19T02:00:00.000+0000,2024-04-19T02:00:00.000+0000,long,1,0.00497705,0.00000000,0.00050000,signal_close
pdl_reclaim_long,BTCUSDT,random_search,693857,8,7,2024-04-25T12:00:00.000+0000,2024-04-25T12:00:00.000+0000,long,1,-0.00736387,0.00000000,0.00050000,signal_close
pdl_reclaim_long,BTCUSDT,random_search,693857,8,8,2024-04-30T11:00:00.000+0000,2024-04-30T11:00:00.000+0000,long,1,-0.00983951,0.00000000,0.00050000,signal_close
pdl_reclaim_long,BTCUSDT,random_search,693857,8,9,2024-05-06T20:00:00.000+0000,2024-05-07T07:00:00.000+0000,long,12,0.00661163,0.00006064,0.00050000,signal_close
pdl_reclaim_long,BTCUSDT,random_search,693857,8,10,2024-05-09T12:00:00.000+0000,2024-05-09T15:00:00.000+0000,long,4,0.01729892,0.00000000,0.00050000,signal_close
pdl_reclaim_long,BTCUSDT,random_search,693857,8,11,2024-05-10T17:00:00.000+0000,2024-05-10T17:00:00.000+0000,long,1,-0.01146537,0.00000000,0.00050000,signal_close
pdl_reclaim_long,BTCUSDT,random_search,693857,8,12,2024-05-22T22:00:00.000+0000,2024-05-23T09:00:00.000+0000,long,12,0.00156096,0.00020000,0.00050000,signal_close
pdl_reclaim_long,BTCUSDT,random_search,693857,8,13,2024-05-26T22:00:00.000+0000,2024-05-27T01:00:00.000+0000,long,4,0.00736774,0.00010000,0.00050000,signal_close
pdl_reclaim_long,BTCUSDT,random_search,693857,8,14,2024-05-31T17:00:00.000+0000,2024-05-31T19:00:00.000+0000,long,3,0.00659239,0.00000000,0.00050000,signal_close
pdl_reclaim_long,BTCUSDT,random_search,693857,8,15,2024-06-06T21:00:00.000+0000,2024-06-07T08:00:00.000+0000,long,12,0.00485999,0.00020000,0.00050000,signal_close
pdl_reclaim_long,BTCUSDT,random_search,693857,8,16,2024-06-13T17:00:00.000+0000,2024-06-14T04:00:00.000+0000,long,12,-0.00452248,0.00010000,0.00050000,signal_close
pdl_reclaim_long,BTCUSDT,random_search,693857,9,1,2024-06-21T06:00:00.000+0000,2024-06-21T07:00:00.000+0000,long,2,-0.00765384,0.00000000,0.00050000,signal_close
pdl_reclaim_long,BTCUSDT,random_search,693857,9,2,2024-07-23T09:00:00.000+0000,2024-07-23T13:00:00.000+0000,long,5,-0.01230845,0.00000000,0.00050000,signal_close
pdl_reclaim_long,BTCUSDT,random_search,693857,9,3,2024-07-29T22:00:00.000+0000,2024-07-29T23:00:00.000+0000,long,2,-0.01104927,0.00000000,0.00050000,signal_close
pdl_reclaim_long,BTCUSDT,random_search,693857,9,4,2024-08-03T03:00:00.000+0000,2024-08-03T14:00:00.000+0000,long,12,0.00824839,0.00009788,0.00050000,signal_close
pdl_reclaim_long,BTCUSDT,random_search,693857,9,5,2024-08-12T02:00:00.000+0000,2024-08-12T07:00:00.000+0000,long,6,0.00082026,0.00000000,0.00050000,signal_close
pdl_reclaim_long,BTCUSDT,random_search,693857,9,6,2024-08-15T04:00:00.000+0000,2024-08-15T06:00:00.000+0000,long,3,-0.00635306,0.00000000,0.00050000,signal_close
pdl_reclaim_long,BTCUSDT,random_search,693857,9,7,2024-08-19T03:00:00.000+0000,2024-08-19T09:00:00.000+0000,long,7,-0.01159096,-0.00006750,0.00050000,signal_close
pdl_reclaim_long,BTCUSDT,random_search,693857,9,8,2024-08-27T04:00:00.000+0000,2024-08-27T09:00:00.000+0000,long,6,-0.00521035,0.00001751,0.00050000,signal_close
pdl_reclaim_long,BTCUSDT,random_search,693857,9,9,2024-09-06T09:00:00.000+0000,2024-09-06T12:00:00.000+0000,long,4,0.01870119,0.00000000,0.00050000,signal_close
pdl_reclaim_long,BTCUSDT,random_search,693857,10,1,2024-11-25T17:00:00.000+0000,2024-11-25T17:00:00.000+0000,long,1,-0.00764441,0.00000000,0.00050000,signal_close
pdl_reclaim_long,BTCUSDT,random_search,693857,11,1,2024-12-23T03:00:00.000+0000,2024-12-23T14:00:00.000+0000,long,12,-0.00351770,0.00010000,0.00050000,signal_close
pdl_reclaim_long,BTCUSDT,random_search,693857,11,2,2024-12-27T15:00:00.000+0000,2024-12-27T15:00:00.000+0000,long,1,-0.01209552,0.00000000,0.00050000,signal_close
pdl_reclaim_long,BTCUSDT,random_search,693857,11,3,2025-01-05T19:00:00.000+0000,2025-01-06T02:00:00.000+0000,long,8,0.00873194,0.00010000,0.00050000,signal_close
pdl_reclaim_long,BTCUSDT,random_search,693857,11,4,2025-01-08T06:00:00.000+0000,2025-01-08T06:00:00.000+0000,long,1,-0.01280526,0.00000000,0.00050000,signal_close
pdl_reclaim_long,BTCUSDT,random_search,693857,11,5,2025-01-09T18:00:00.000+0000,2025-01-09T20:00:00.000+0000,long,3,-0.00908984,0.00000000,0.00050000,signal_close
pdl_reclaim_long,BTCUSDT,random_search,693857,11,6,2025-01-20T02:00:00.000+0000,2025-01-20T06:00:00.000+0000,long,5,0.06699942,0.00000000,0.00050000,signal_close
pdl_reclaim_long,BTCUSDT,random_search,693857,11,7,2025-02-10T00:00:00.000+0000,2025-02-10T11:00:00.000+0000,long,12,0.01193678,0.00010978,0.00050000,signal_close
pdl_reclaim_long,BTCUSDT,random_search,693857,11,8,2025-02-11T22:00:00.000+0000,2025-02-12T09:00:00.000+0000,long,12,-0.00298940,0.00006197,0.00050000,signal_close
pdl_reclaim_long,BTCUSDT,random_search,693857,11,9,2025-02-12T15:00:00.000+0000,2025-02-13T02:00:00.000+0000,long,12,0.01866554,0.00014960,0.00050000,signal_close
pdl_reclaim_long,BTCUSDT,random_search,693857,11,10,2025-02-18T10:00:00.000+0000,2025-02-18T16:00:00.000+0000,long,7,-0.01253521,0.00010000,0.00050000,signal_close
pdl_reclaim_long,BTCUSDT,random_search,693857,11,11,2025-02-24T06:00:00.000+0000,2025-02-24T14:00:00.000+0000,long,9,-0.01146670,0.00006881,0.00050000,signal_close
pdl_reclaim_long,BTCUSDT,random_search,693857,11,12,2025-02-25T02:00:00.000+0000,2025-02-25T07:00:00.000+0000,long,6,-0.03021591,0.00000000,0.00050000,signal_close
pdl_reclaim_long,BTCUSDT,random_search,693857,11,13,2025-03-11T02:00:00.000+0000,2025-03-11T13:00:00.000+0000,long,12,0.02184755,0.00003260,0.00050000,signal_close
pdl_reclaim_long,BTCUSDT,random_search,693857,12,1,2025-04-06T16:00:00.000+0000,2025-04-06T16:00:00.000+0000,long,1,-0.00734752,-0.00000603,0.00050000,signal_close
pdl_reclaim_long,BTCUSDT,random_search,693857,12,2,2025-05-25T11:00:00.000+0000,2025-05-25T15:00:00.000+0000,long,5,-0.00025509,0.00000000,0.00050000,signal_close
pdl_reclaim_long,BTCUSDT,random_search,693857,13,1,2025-06-22T14:00:00.000+0000,2025-06-22T14:00:00.000+0000,long,1,-0.01265853,0.00000000,0.00050000,signal_close
pdl_reclaim_long,BTCUSDT,random_search,693857,13,2,2025-08-22T13:00:00.000+0000,2025-08-22T14:00:00.000+0000,long,2,0.03013717,0.00000000,0.00050000,signal_close
pdl_reclaim_long,BTCUSDT,random_search,693857,13,3,2025-08-26T02:00:00.000+0000,2025-08-26T21:00:00.000+0000,long,20,0.01462849,0.00013900,0.00050000,signal_close
pdl_reclaim_long,BTCUSDT,random_search,693857,13,4,2025-09-06T17:00:00.000+0000,2025-09-08T08:00:00.000+0000,long,40,0.01218681,0.00028636,0.00050000,signal_close
pdl_reclaim_long,BTCUSDT,random_search,693857,14,1,2025-10-09T16:00:00.000+0000,2025-10-09T16:00:00.000+0000,long,1,-0.01147678,0.00001455,0.00050000,signal_close
pdl_reclaim_long,BTCUSDT,random_search,707014,0,1,2022-04-11T03:00:00.000+0000,2022-04-11T09:00:00.000+0000,long,7,-0.01382785,0.00010000,0.00050000,signal_close
pdl_reclaim_long,BTCUSDT,random_search,707014,0,2,2022-04-26T20:00:00.000+0000,2022-04-26T20:00:00.000+0000,long,1,-0.00432739,0.00000000,0.00050000,signal_close
pdl_reclaim_long,BTCUSDT,random_search,707014,0,3,2022-04-30T18:00:00.000+0000,2022-04-30T23:00:00.000+0000,long,6,-0.01766950,0.00000000,0.00050000,signal_close
pdl_reclaim_long,BTCUSDT,random_search,707014,0,4,2022-05-14T16:00:00.000+0000,2022-05-14T16:00:00.000+0000,long,1,0.01754490,0.00010000,0.00050000,signal_close
pdl_reclaim_long,BTCUSDT,random_search,707014,0,5,2022-05-16T08:00:00.000+0000,2022-05-16T15:00:00.000+0000,long,8,0.00281726,0.00008883,0.00050000,signal_close
pdl_reclaim_long,BTCUSDT,random_search,707014,1,1,2022-07-12T03:00:00.000+0000,2022-07-12T07:00:00.000+0000,long,5,-0.01245980,0.00000000,0.00050000,signal_close
pdl_reclaim_long,BTCUSDT,random_search,707014,1,2,2022-07-31T22:00:00.000+0000,2022-07-31T22:00:00.000+0000,long,1,-0.00953651,0.00000000,0.00050000,signal_close
pdl_reclaim_long,BTCUSDT,random_search,707014,1,3,2022-08-10T03:00:00.000+0000,2022-08-10T12:00:00.000+0000,long,10,0.04582462,0.00000581,0.00050000,signal_close
pdl_reclaim_long,BTCUSDT,random_search,707014,1,4,2022-08-12T02:00:00.000+0000,2022-08-12T11:00:00.000+0000,long,10,-0.01011673,0.00001412,0.00050000,signal_close
pdl_reclaim_long,BTCUSDT,random_search,707014,1,5,2022-08-16T17:00:00.000+0000,2022-08-17T12:00:00.000+0000,long,20,-0.00569160,0.00000728,0.00050000,signal_close
pdl_reclaim_long,BTCUSDT,random_search,707014,1,6,2022-08-27T07:00:00.000+0000,2022-08-27T15:00:00.000+0000,long,9,-0.00960685,-0.00006290,0.00050000,signal_close
pdl_reclaim_long,BTCUSDT,random_search,707014,1,7,2022-09-07T04:00:00.000+0000,2022-09-07T20:00:00.000+0000,long,17,0.03328468,-0.00000751,0.00050000,
pdl_reclaim_long,BTCUSDT,random_search,707014,1,8,2022-09-07T21:00:00.000+0000,2022-09-09T03:00:00.000+0000,long,31,0.01427283,0.00005463,0.00025000,signal_close
pdl_reclaim_long,BTCUSDT,random_search,707014,1,9,2022-09-14T22:00:00.000+0000,2022-09-15T01:00:00.000+0000,long,4,-0.00080602,0.00000324,0.00050000,signal_close
pdl_reclaim_long,BTCUSDT,random_search,707014,1,10,2022-09-16T17:00:00.000+0000,2022-09-16T17:00:00.000+0000,long,1,-0.00517060,0.00000000,0.00050000,signal_close
pdl_reclaim_long,BTCUSDT,random_search,707014,2,1,2022-10-07T08:00:00.000+0000,2022-10-07T12:00:00.000+0000,long,5,-0.01599241,0.00010000,0.00050000,signal_close
pdl_reclaim_long,BTCUSDT,random_search,707014,2,2,2022-10-11T02:00:00.000+0000,2022-10-11T14:00:00.000+0000,long,13,-0.00056982,0.00010000,0.00050000,signal_close
pdl_reclaim_long,BTCUSDT,random_search,707014,2,3,2022-10-28T03:00:00.000+0000,2022-10-28T08:00:00.000+0000,long,6,-0.00272668,0.00003541,0.00050000,signal_close
pdl_reclaim_long,BTCUSDT,random_search,707014,2,4,2022-10-30T18:00:00.000+0000,2022-10-30T22:00:00.000+0000,long,5,-0.00407952,0.00000000,0.00050000,signal_close
pdl_reclaim_long,BTCUSDT,random_search,707014,2,5,2022-11-09T18:00:00.000+0000,2022-11-09T18:00:00.000+0000,long,1,-0.02137182,0.00000000,0.00050000,signal_close
pdl_reclaim_long,BTCUSDT,random_search,707014,2,6,2022-11-13T09:00:00.000+0000,2022-11-13T09:00:00.000+0000,long,1,-0.00708511,0.00000000,0.00050000,signal_close
pdl_reclaim_long,BTCUSDT,random_search,707014,2,7,2022-11-21T02:00:00.000+0000,2022-11-21T02:00:00.000+0000,long,1,-0.01279296,0.00000000,0.00050000,signal_close
pdl_reclaim_long,BTCUSDT,random_search,707014,2,8,2022-12-15T08:00:00.000+0000,2022-12-15T13:00:00.000+0000,long,6,-0.01121890,0.00010000,0.00050000,signal_close
pdl_reclaim_long,BTCUSDT,random_search,707014,3,1,2023-01-22T21:00:00.000+0000,2023-01-23T10:00:00.000+0000,long,14,0.01898061,0.00020000,0.00050000,signal_close
pdl_reclaim_long,BTCUSDT,random_search,707014,3,2,2023-02-06T06:00:00.000+0000,2023-02-06T16:00:00.000+0000,long,11,0.00920880,0.00020000,0.00050000,signal_close
pdl_reclaim_long,BTCUSDT,random_search,707014,3,3,2023-02-10T06:00:00.000+0000,2023-02-10T15:00:00.000+0000,long,10,-0.00705440,0.00010000,0.00050000,signal_close
pdl_reclaim_long,BTCUSDT,random_search,707014,3,4,2023-02-17T01:00:00.000+0000,2023-02-17T17:00:00.000+0000,long,17,0.02375435,0.00020000,0.00050000,signal_close
pdl_reclaim_long,BTCUSDT,random_search,707014,3,5,2023-02-22T02:00:00.000+0000,2023-02-22T02:00:00.000+0000,long,1,-0.00083508,0.00000000,0.00050000,signal_close
pdl_reclaim_long,BTCUSDT,random_search,707014,3,6,2023-02-25T21:00:00.000+0000,2023-02-26T18:00:00.000+0000,long,22,0.02381904,0.00016713,0.00050000,signal_close
pdl_reclaim_long,BTCUSDT,random_search,707014,3,7,2023-02-28T22:00:00.000+0000,2023-03-01T03:00:00.000+0000,long,6,0.01263610,0.00000185,0.00050000,signal_close
pdl_reclaim_long,BTCUSDT,random_search,707014,3,8,2023-03-15T18:00:00.000+0000,2023-03-17T01:00:00.000+0000,long,32,0.05461528,0.00033311,0.00050000,signal_close
pdl_reclaim_long,BTCUSDT,random_search,707014,3,9,2023-03-24T22:00:00.000+0000,2023-03-25T22:00:00.000+0000,long,25,0.00399740,0.00000407,0.00050000,signal_close
pdl_reclaim_long,BTCUSDT,random_search,707014,4,1,2023-03-31T08:00:00.000+0000,2023-03-31T13:00:00.000+0000,long,6,0.02188853,0.00006358,0.00050000,
pdl_reclaim_long,BTCUSDT,random_search,707014,4,2,2023-03-31T14:00:00.000+0000,2023-04-02T07:00:00.000+0000,long,42,0.00031113,0.00021683,0.00025000,signal_close
pdl_reclaim_long,BTCUSDT,random_search,707014,4,3,2023-04-06T11:00:00.000+0000,2023-04-08T10:00:00.000+0000,long,48,0.00549482,-0.00001655,0.00050000,signal_close
pdl_reclaim_long,BTCUSDT,random_search,707014,4,4,2023-04-18T02:00:00.000+0000,2023-04-18T07:00:00.000+0000,long,6,0.01293079,0.00000000,0.00050000,
pdl_reclaim_long,BTCUSDT,random_search,707014,4,5,2023-04-18T08:00:00.000+0000,2023-04-18T11:00:00.000+0000,long,4,0.01002297,-0.00000255,0.00025000,signal_close
pdl_reclaim_long,BTCUSDT,random_search,707014,4,6,2023-04-19T09:00:00.000+0000,2023-04-19T23:00:00.000+0000,long,15,-0.01260351,-0.00000081,0.00050000,signal_close
pdl_reclaim_long,BTCUSDT,random_search,707014,4,7,2023-04-24T10:00:00.000+0000,2023-04-24T11:00:00.000+0000,long,2,0.00826855,0.00000000,0.00050000,
pdl_reclaim_long,BTCUSDT,random_search,707014,4,8,2023-04-24T12:00:00.000+0000,2023-04-24T14:00:00.000+0000,long,3,-0.00246453,0.00000000,0.00025000,signal_close
pdl_reclaim_long,BTCUSDT,random_search,707014,4,9,2023-05-06T17:00:00.000+0000,2023-05-07T23:00:00.000+0000,long,31,-0.00980972,0.00014414,0.00050000,signal_close
pdl_reclaim_long,BTCUSDT,random_search,707014,4,10,2023-05-18T19:00:00.000+0000,2023-05-18T21:00:00.000+0000,long,3,0.01079173,0.00000000,0.00050000,
pdl_reclaim_long,BTCUSDT,random_search,707014,4,11,2023-05-18T22:00:00.000+0000,2023-05-20T18:00:00.000+0000,long,45,0.00188188,0.00008962,0.00025000,signal_close
pdl_reclaim_long,BTCUSDT,random_search,707014,4,12,2023-05-24T05:00:00.000+0000,2023-05-24T06:00:00.000+0000,long,2,-0.00391034,0.00000000,0.00050000,signal_close
pdl_reclaim_long,BTCUSDT,random_search,707014,4,13,2023-05-25T02:00:00.000+0000,2023-05-25T19:00:00.000+0000,long,18,0.01239383,0.00020000,0.00050000,
pdl_reclaim_long,BTCUSDT,random_search,707014,4,14,2023-05-25T20:00:00.000+0000,2023-05-27T01:00:00.000+0000,long,30,0.00428991,0.00015841,0.00025000,signal_close
pdl_reclaim_long,BTCUSDT,random_search,707014,5,1,2023-06-28T09:00:00.000+0000,2023-06-28T12:00:00.000+0000,long,4,-0.00619541,0.00000000,0.00050000,signal_close
pdl_reclaim_long,BTCUSDT,random_search,707014,5,2,2023-07-07T01:00:00.000+0000,2023-07-07T12:00:00.000+0000,long,12,0.00449139,0.00004221,0.00050000,signal_close
pdl_reclaim_long,BTCUSDT,random_search,707014,5,3,2023-07-12T20:00:00.000+0000,2023-07-13T07:00:00.000+0000,long,12,0.00238988,-0.00001135,0.00050000,signal_close
pdl_reclaim_long,BTCUSDT,random_search,707014,5,4,2023-07-24T05:00:00.000+0000,2023-07-24T09:00:00.000+0000,long,5,-0.02117415,0.00004338,0.00050000,signal_close
pdl_reclaim_long,BTCUSDT,random_search,707014,5,5,2023-07-27T19:00:00.000+0000,2023-07-28T06:00:00.000+0000,long,12,0.00097294,0.00004373,0.00050000,signal_close
pdl_reclaim_long,BTCUSDT,random_search,707014,5,6,2023-08-10T18:00:00.000+0000,2023-08-11T05:00:00.000+0000,long,12,0.00095987,0.00010000,0.00050000,signal_close
pdl_reclaim_long,BTCUSDT,random_search,707014,5,7,2023-08-15T20:00:00.000+0000,2023-08-16T07:00:00.000+0000,long,12,-0.00009214,0.00010000,0.00050000,signal_close
pdl_reclaim_long,BTCUSDT,random_search,707014,5,8,2023-08-25T16:00:00.000+0000,2023-08-26T03:00:00.000+0000,long,12,0.00556192,0.00009038,0.00050000,signal_close
pdl_reclaim_long,BTCUSDT,random_search,707014,5,9,2023-09-01T16:00:00.000+0000,2023-09-01T17:00:00.000+0000,long,2,-0.01339763,0.00006254,0.00050000,signal_close
pdl_reclaim_long,BTCUSDT,random_search,707014,5,10,2023-09-17T01:00:00.000+0000,2023-09-17T01:00:00.000+0000,long,1,0.00062656,0.00000000,0.00050000,signal_close
pdl_reclaim_long,BTCUSDT,random_search,707014,6,1,2023-11-03T09:00:00.000+0000,2023-11-03T09:00:00.000+0000,long,1,-0.00536234,0.00000000,0.00050000,signal_close
pdl_reclaim_long,BTCUSDT,random_search,707014,6,2,2023-11-14T02:00:00.000+0000,2023-11-14T15:00:00.000+0000,long,14,-0.00569938,0.00016369,0.00050000,signal_close
pdl_reclaim_long,BTCUSDT,random_search,707014,6,3,2023-11-21T15:00:00.000+0000,2023-11-21T15:00:00.000+0000,long,1,0.00848310,0.00000000,0.00050000,signal_close
pdl_reclaim_long,BTCUSDT,random_search,707014,6,4,2023-11-30T15:00:00.000+0000,2023-12-01T02:00:00.000+0000,long,12,0.00810526,0.00020000,0.00050000,signal_close
pdl_reclaim_long,BTCUSDT,random_search,707014,6,5,2023-12-17T15:00:00.000+0000,2023-12-17T17:00:00.000+0000,long,3,0.01077165,0.00010000,0.00050000,signal_close
pdl_reclaim_long,BTCUSDT,random_search,707014,7,1,2024-01-12T14:00:00.000+0000,2024-01-12T14:00:00.000+0000,long,1,-0.00761097,0.00000000,0.00050000,signal_close
pdl_reclaim_long,BTCUSDT,random_search,707014,7,2,2024-02-21T15:00:00.000+0000,2024-02-21T23:00:00.000+0000,long,9,0.01718908,0.00010000,0.00050000,
pdl_reclaim_long,BTCUSDT,random_search,707014,7,3,2024-02-22T00:00:00.000+0000,2024-02-22T13:00:00.000+0000,long,14,-0.00695730,0.00011740,0.00025000,signal_close
pdl_reclaim_long,BTCUSDT,random_search,707014,7,4,2024-02-23T10:00:00.000+0000,2024-02-23T14:00:00.000+0000,long,5,0.00169400,0.00000000,0.00050000,signal_close
pdl_reclaim_long,BTCUSDT,random_search,707014,8,1,2024-03-27T15:00:00.000+0000,2024-03-27T15:00:00.000+0000,long,1,-0.01769290,0.00000000,0.00050000,signal_close
pdl_reclaim_long,BTCUSDT,random_search,707014,8,2,2024-04-01T07:00:00.000+0000,2024-04-01T14:00:00.000+0000,long,8,-0.01084070,0.00033491,0.00050000,signal_close
pdl_reclaim_long,BTCUSDT,random_search,707014,8,3,2024-04-09T15:00:00.000+0000,2024-04-09T15:00:00.000+0000,long,1,-0.00184263,0.00000000,0.00050000,signal_close
pdl_reclaim_long,BTCUSDT,random_search,707014,8,4,2024-04-10T14:00:00.000+0000,2024-04-10T16:00:00.000+0000,long,3,0.01752048,0.00010000,0.00050000,signal_close
pdl_reclaim_long,BTCUSDT,random_search,707014,8,5,2024-04-16T05:00:00.000+0000,2024-04-16T16:00:00.000+0000,long,12,0.00383340,0.00013038,0.00050000,signal_close
pdl_reclaim_long,BTCUSDT,random_search,707014,8,6,2024-04-19T02:00:00.000+0000,2024-04-19T02:00:00.000+0000,long,1,0.00497705,0.00000000,0.00050000,signal_close
pdl_reclaim_long,BTCUSDT,random_search,707014,8,7,2024-04-25T12:00:00.000+0000,2024-04-25T12:00:00.000+0000,long,1,-0.00736387,0.00000000,0.00050000,signal_close
pdl_reclaim_long,BTCUSDT,random_search,707014,8,8,2024-04-30T11:00:00.000+0000,2024-04-30T11:00:00.000+0000,long,1,-0.00983951,0.00000000,0.00050000,signal_close
pdl_reclaim_long,BTCUSDT,random_search,707014,8,9,2024-05-06T20:00:00.000+0000,2024-05-07T07:00:00.000+0000,long,12,0.00661163,0.00006064,0.00050000,signal_close
pdl_reclaim_long,BTCUSDT,random_search,707014,8,10,2024-05-09T12:00:00.000+0000,2024-05-09T15:00:00.000+0000,long,4,0.01729892,0.00000000,0.00050000,signal_close
pdl_reclaim_long,BTCUSDT,random_search,707014,8,11,2024-05-10T17:00:00.000+0000,2024-05-10T17:00:00.000+0000,long,1,-0.01146537,0.00000000,0.00050000,signal_close
pdl_reclaim_long,BTCUSDT,random_search,707014,8,12,2024-05-22T22:00:00.000+0000,2024-05-23T09:00:00.000+0000,long,12,0.00156096,0.00020000,0.00050000,signal_close
pdl_reclaim_long,BTCUSDT,random_search,707014,8,13,2024-05-26T22:00:00.000+0000,2024-05-27T01:00:00.000+0000,long,4,0.00736774,0.00010000,0.00050000,signal_close
pdl_reclaim_long,BTCUSDT,random_search,707014,8,14,2024-05-31T17:00:00.000+0000,2024-05-31T19:00:00.000+0000,long,3,0.00659239,0.00000000,0.00050000,signal_close
pdl_reclaim_long,BTCUSDT,random_search,707014,8,15,2024-06-06T21:00:00.000+0000,2024-06-07T08:00:00.000+0000,long,12,0.00485999,0.00020000,0.00050000,signal_close
pdl_reclaim_long,BTCUSDT,random_search,707014,8,16,2024-06-13T17:00:00.000+0000,2024-06-14T04:00:00.000+0000,long,12,-0.00452248,0.00010000,0.00050000,signal_close
pdl_reclaim_long,BTCUSDT,random_search,707014,9,1,2024-06-21T05:00:00.000+0000,2024-06-21T07:00:00.000+0000,long,3,-0.00775284,0.00000000,0.00050000,signal_close
pdl_reclaim_long,BTCUSDT,random_search,707014,9,2,2024-06-27T07:00:00.000+0000,2024-06-27T12:00:00.000+0000,long,6,0.00936350,0.00010000,0.00050000,
pdl_reclaim_long,BTCUSDT,random_search,707014,9,3,2024-06-27T13:00:00.000+0000,2024-06-28T15:00:00.000+0000,long,27,-0.00277231,0.00015000,0.00025000,signal_close
pdl_reclaim_long,BTCUSDT,random_search,707014,9,4,2024-07-18T15:00:00.000+0000,2024-07-18T15:00:00.000+0000,long,1,-0.00764697,0.00000000,0.00050000,signal_close
pdl_reclaim_long,BTCUSDT,random_search,707014,9,5,2024-07-23T08:00:00.000+0000,2024-07-23T13:00:00.000+0000,long,6,-0.00770091,0.00004310,0.00050000,signal_close
pdl_reclaim_long,BTCUSDT,random_search,707014,9,6,2024-07-30T01:00:00.000+0000,2024-07-30T14:00:00.000+0000,long,14,-0.01240301,0.00003562,0.00050000,signal_close
pdl_reclaim_long,BTCUSDT,random_search,707014,9,7,2024-08-01T01:00:00.000+0000,2024-08-01T01:00:00.000+0000,long,1,-0.00749423,0.00000000,0.00050000,signal_close
pdl_reclaim_long,BTCUSDT,random_search,707014,9,8,2024-08-02T21:00:00.000+0000,2024-08-02T21:00:00.000+0000,long,1,-0.01061821,0.00000000,0.00050000,signal_close
pdl_reclaim_long,BTCUSDT,random_search,707014,9,9,2024-08-03T02:00:00.000+0000,2024-08-03T15:00:00.000+0000,long,14,-0.00785084,0.00009788,0.00050000,signal_close
pdl_reclaim_long,BTCUSDT,random_search,707014,9,10,2024-08-12T01:00:00.000+0000,2024-08-12T07:00:00.000+0000,long,7,0.00305700,0.00000000,0.00050000,signal_close
pdl_reclaim_long,BTCUSDT,random_search,707014,9,11,2024-08-15T03:00:00.000+0000,2024-08-15T06:00:00.000+0000,long,4,-0.00588725,0.00000000,0.00050000,signal_close
pdl_reclaim_long,BTCUSDT,random_search,707014,9,12,2024-08-19T02:00:00.000+0000,2024-08-19T09:00:00.000+0000,long,8,-0.00976952,-0.00006750,0.00050000,signal_close
pdl_reclaim_long,BTCUSDT,random_search,707014,9,13,2024-09-06T08:00:00.000+0000,2024-09-06T13:00:00.000+0000,long,6,0.00170429,-0.00000001,0.00050000,
pdl_reclaim_long,BTCUSDT,random_search,707014,9,14,2024-09-06T14:00:00.000+0000,2024-09-06T14:00:00.000+0000,long,1,-0.01067082,0.00000000,0.00025000,signal_close
pdl_reclaim_long,BTCUSDT,random_search,707014,9,15,2024-09-11T05:00:00.000+0000,2024-09-11T05:00:00.000+0000,long,1,-0.00556548,0.00000000,0.00050000,signal_close
pdl_reclaim_long,BTCUSDT,random_search,707014,10,1,2024-09-26T02:00:00.000+0000,2024-09-26T08:00:00.000+0000,long,7,0.00838571,0.00006246,0.00050000,signal_close
pdl_reclaim_long,BTCUSDT,random_search,707014,10,2,2024-11-25T17:00:00.000+0000,2024-11-25T17:00:00.000+0000,long,1,-0.00764441,0.00000000,0.00050000,signal_close
pdl_reclaim_long,BTCUSDT,random_search,707014,10,3,2024-12-13T03:00:00.000+0000,2024-12-13T14:00:00.000+0000,long,12,0.01495245,0.00010000,0.00050000,signal_close
pdl_reclaim_long,BTCUSDT,random_search,707014,11,1,2024-12-18T03:00:00.000+0000,2024-12-18T03:00:00.000+0000,long,1,-0.00573710,0.00000000,0.00050000,signal_close
pdl_reclaim_long,BTCUSDT,random_search,707014,11,2,2024-12-23T03:00:00.000+0000,2024-12-23T14:00:00.000+0000,long,12,-0.00351770,0.00010000,0.00050000,signal_close
pdl_reclaim_long,BTCUSDT,random_search,707014,11,3,2024-12-27T15:00:00.000+0000,2024-12-27T15:00:00.000+0000,long,1,-0.01209552,0.00000000,0.00050000,signal_close
pdl_reclaim_long,BTCUSDT,random_search,707014,11,4,2025-01-05T19:00:00.000+0000,2025-01-06T02:00:00.000+0000,long,8,0.00873194,0.00010000,0.00050000,signal_close
pdl_reclaim_long,BTCUSDT,random_search,707014,11,5,2025-01-08T06:00:00.000+0000,2025-01-08T06:00:00.000+0000,long,1,-0.01280526,0.00000000,0.00050000,signal_close
pdl_reclaim_long,BTCUSDT,random_search,707014,11,6,2025-01-09T18:00:00.000+0000,2025-01-09T20:00:00.000+0000,long,3,-0.00908984,0.00000000,0.00050000,signal_close
pdl_reclaim_long,BTCUSDT,random_search,707014,11,7,2025-01-12T11:00:00.000+0000,2025-01-12T13:00:00.000+0000,long,3,0.00639325,0.00000000,0.00050000,signal_close
pdl_reclaim_long,BTCUSDT,random_search,707014,11,8,2025-01-20T02:00:00.000+0000,2025-01-20T06:00:00.000+0000,long,5,0.06699942,0.00000000,0.00050000,signal_close
pdl_reclaim_long,BTCUSDT,random_search,707014,11,9,2025-02-01T11:00:00.000+0000,2025-02-01T12:00:00.000+0000,long,2,0.00570945,0.00000000,0.00050000,signal_close
pdl_reclaim_long,BTCUSDT,random_search,707014,11,10,2025-02-07T22:00:00.000+0000,2025-02-08T09:00:00.000+0000,long,12,0.00120437,-0.00002963,0.00050000,signal_close
pdl_reclaim_long,BTCUSDT,random_search,707014,11,11,2025-02-10T00:00:00.000+0000,2025-02-10T11:00:00.000+0000,long,12,0.01193678,0.00010978,0.00050000,signal_close
pdl_reclaim_long,BTCUSDT,random_search,707014,11,12,2025-02-11T22:00:00.000+0000,2025-02-12T09:00:00.000+0000,long,12,-0.00298940,0.00006197,0.00050000,signal_close
pdl_reclaim_long,BTCUSDT,random_search,707014,11,13,2025-02-12T15:00:00.000+0000,2025-02-13T02:00:00.000+0000,long,12,0.01866554,0.00014960,0.00050000,signal_close
pdl_reclaim_long,BTCUSDT,random_search,707014,11,14,2025-02-18T10:00:00.000+0000,2025-02-18T16:00:00.000+0000,long,7,-0.01253521,0.00010000,0.00050000,signal_close
pdl_reclaim_long,BTCUSDT,random_search,707014,11,15,2025-02-24T06:00:00.000+0000,2025-02-24T14:00:00.000+0000,long,9,-0.01146670,0.00006881,0.00050000,signal_close
pdl_reclaim_long,BTCUSDT,random_search,707014,11,16,2025-02-25T02:00:00.000+0000,2025-02-25T07:00:00.000+0000,long,6,-0.03021591,0.00000000,0.00050000,signal_close
pdl_reclaim_long,BTCUSDT,random_search,707014,11,17,2025-03-11T02:00:00.000+0000,2025-03-11T13:00:00.000+0000,long,12,0.02184755,0.00003260,0.00050000,signal_close
pdl_reclaim_long,BTCUSDT,random_search,707014,12,1,2025-04-06T16:00:00.000+0000,2025-04-06T16:00:00.000+0000,long,1,-0.00734752,-0.00000603,0.00050000,signal_close
pdl_reclaim_long,BTCUSDT,random_search,707014,12,2,2025-05-25T11:00:00.000+0000,2025-05-25T15:00:00.000+0000,long,5,-0.00025509,0.00000000,0.00050000,signal_close
pdl_reclaim_long,BTCUSDT,random_search,707014,13,1,2025-06-22T14:00:00.000+0000,2025-06-22T14:00:00.000+0000,long,1,-0.01265853,0.00000000,0.00050000,signal_close
pdl_reclaim_long,BTCUSDT,random_search,707014,13,2,2025-08-22T13:00:00.000+0000,2025-08-22T14:00:00.000+0000,long,2,0.03013717,0.00000000,0.00050000,signal_close
pdl_reclaim_long,BTCUSDT,random_search,707014,13,3,2025-08-26T02:00:00.000+0000,2025-08-26T21:00:00.000+0000,long,20,0.01462849,0.00013900,0.00050000,
pdl_reclaim_long,BTCUSDT,random_search,707014,13,4,2025-08-26T22:00:00.000+0000,2025-08-28T01:00:00.000+0000,long,28,0.00002735,0.00008049,0.00025000,signal_close
pdl_reclaim_long,BTCUSDT,random_search,707014,13,5,2025-09-06T17:00:00.000+0000,2025-09-08T08:00:00.000+0000,long,40,0.01218681,0.00028636,0.00050000,
pdl_reclaim_long,BTCUSDT,random_search,707014,13,6,2025-09-08T09:00:00.000+0000,2025-09-08T16:00:00.000+0000,long,8,0.00288032,0.00003655,0.00025000,signal_close
pdl_reclaim_long,BTCUSDT,random_search,707014,14,1,2025-10-09T16:00:00.000+0000,2025-10-09T16:00:00.000+0000,long,1,-0.01147678,0.00001455,0.00050000,signal_close
pdl_reclaim_long,BTCUSDT,random_search,765570,0,1,2022-04-11T03:00:00.000+0000,2022-04-11T09:00:00.000+0000,long,7,-0.01382785,0.00010000,0.00050000,signal_close
pdl_reclaim_long,BTCUSDT,random_search,765570,0,2,2022-04-26T20:00:00.000+0000,2022-04-26T20:00:00.000+0000,long,1,-0.00432739,0.00000000,0.00050000,signal_close
pdl_reclaim_long,BTCUSDT,random_search,765570,0,3,2022-04-30T18:00:00.000+0000,2022-04-30T23:00:00.000+0000,long,6,-0.01766950,0.00000000,0.00050000,signal_close
pdl_reclaim_long,BTCUSDT,random_search,765570,0,4,2022-05-14T16:00:00.000+0000,2022-05-14T16:00:00.000+0000,long,1,0.01754490,0.00010000,0.00050000,signal_close
pdl_reclaim_long,BTCUSDT,random_search,765570,0,5,2022-05-16T08:00:00.000+0000,2022-05-16T15:00:00.000+0000,long,8,0.00281726,0.00008883,0.00050000,signal_close
pdl_reclaim_long,BTCUSDT,random_search,765570,1,1,2022-07-12T03:00:00.000+0000,2022-07-12T07:00:00.000+0000,long,5,-0.01245980,0.00000000,0.00050000,signal_close
pdl_reclaim_long,BTCUSDT,random_search,765570,1,2,2022-07-31T22:00:00.000+0000,2022-07-31T22:00:00.000+0000,long,1,-0.00953651,0.00000000,0.00050000,signal_close
pdl_reclaim_long,BTCUSDT,random_search,765570,1,3,2022-08-10T03:00:00.000+0000,2022-08-10T12:00:00.000+0000,long,10,0.04582462,0.00000581,0.00050000,signal_close
pdl_reclaim_long,BTCUSDT,random_search,765570,1,4,2022-08-12T02:00:00.000+0000,2022-08-12T11:00:00.000+0000,long,10,-0.01011673,0.00001412,0.00050000,signal_close
pdl_reclaim_long,BTCUSDT,random_search,765570,1,5,2022-08-16T17:00:00.000+0000,2022-08-17T12:00:00.000+0000,long,20,-0.00569160,0.00000728,0.00050000,signal_close
pdl_reclaim_long,BTCUSDT,random_search,765570,1,6,2022-08-27T07:00:00.000+0000,2022-08-27T15:00:00.000+0000,long,9,-0.00960685,-0.00006290,0.00050000,signal_close
pdl_reclaim_long,BTCUSDT,random_search,765570,1,7,2022-09-07T04:00:00.000+0000,2022-09-07T20:00:00.000+0000,long,17,0.03328468,-0.00000751,0.00050000,
pdl_reclaim_long,BTCUSDT,random_search,765570,1,8,2022-09-07T21:00:00.000+0000,2022-09-09T03:00:00.000+0000,long,31,0.01427283,0.00005463,0.00025000,signal_close
pdl_reclaim_long,BTCUSDT,random_search,765570,1,9,2022-09-14T22:00:00.000+0000,2022-09-15T01:00:00.000+0000,long,4,-0.00080602,0.00000324,0.00050000,signal_close
pdl_reclaim_long,BTCUSDT,random_search,765570,1,10,2022-09-16T17:00:00.000+0000,2022-09-16T17:00:00.000+0000,long,1,-0.00517060,0.00000000,0.00050000,signal_close
pdl_reclaim_long,BTCUSDT,random_search,765570,2,1,2022-10-07T08:00:00.000+0000,2022-10-07T12:00:00.000+0000,long,5,-0.01599241,0.00010000,0.00050000,signal_close
pdl_reclaim_long,BTCUSDT,random_search,765570,2,2,2022-10-11T02:00:00.000+0000,2022-10-11T14:00:00.000+0000,long,13,-0.00056982,0.00010000,0.00050000,signal_close
pdl_reclaim_long,BTCUSDT,random_search,765570,2,3,2022-10-28T03:00:00.000+0000,2022-10-28T08:00:00.000+0000,long,6,-0.00272668,0.00003541,0.00050000,signal_close
pdl_reclaim_long,BTCUSDT,random_search,765570,2,4,2022-10-30T18:00:00.000+0000,2022-10-30T22:00:00.000+0000,long,5,-0.00407952,0.00000000,0.00050000,signal_close
pdl_reclaim_long,BTCUSDT,random_search,765570,2,5,2022-11-09T18:00:00.000+0000,2022-11-09T18:00:00.000+0000,long,1,-0.02137182,0.00000000,0.00050000,signal_close
pdl_reclaim_long,BTCUSDT,random_search,765570,2,6,2022-11-13T09:00:00.000+0000,2022-11-13T09:00:00.000+0000,long,1,-0.00708511,0.00000000,0.00050000,signal_close
pdl_reclaim_long,BTCUSDT,random_search,765570,2,7,2022-11-21T02:00:00.000+0000,2022-11-21T02:00:00.000+0000,long,1,-0.01279296,0.00000000,0.00050000,signal_close
pdl_reclaim_long,BTCUSDT,random_search,765570,2,8,2022-12-15T08:00:00.000+0000,2022-12-15T13:00:00.000+0000,long,6,-0.01121890,0.00010000,0.00050000,signal_close
pdl_reclaim_long,BTCUSDT,random_search,765570,3,1,2023-01-22T21:00:00.000+0000,2023-01-23T08:00:00.000+0000,long,12,0.01058927,0.00020000,0.00050000,signal_close
pdl_reclaim_long,BTCUSDT,random_search,765570,3,2,2023-02-06T06:00:00.000+0000,2023-02-06T16:00:00.000+0000,long,11,0.00920880,0.00020000,0.00050000,signal_close
pdl_reclaim_long,BTCUSDT,random_search,765570,3,3,2023-02-10T06:00:00.000+0000,2023-02-10T15:00:00.000+0000,long,10,-0.00705440,0.00010000,0.00050000,signal_close
pdl_reclaim_long,BTCUSDT,random_search,765570,3,4,2023-02-17T01:00:00.000+0000,2023-02-17T12:00:00.000+0000,long,12,0.00582029,0.00010000,0.00050000,signal_close
pdl_reclaim_long,BTCUSDT,random_search,765570,3,5,2023-02-22T02:00:00.000+0000,2023-02-22T02:00:00.000+0000,long,1,-0.00083508,0.00000000,0.00050000,signal_close
pdl_reclaim_long,BTCUSDT,random_search,765570,3,6,2023-02-25T21:00:00.000+0000,2023-02-26T08:00:00.000+0000,long,12,0.00929154,0.00010132,0.00050000,signal_close
pdl_reclaim_long,BTCUSDT,random_search,765570,3,7,2023-02-28T22:00:00.000+0000,2023-03-01T03:00:00.000+0000,long,6,0.01263610,0.00000185,0.00050000,signal_close
pdl_reclaim_long,BTCUSDT,random_search,765570,3,8,2023-03-15T18:00:00.000+0000,2023-03-16T05:00:00.000+0000,long,12,0.00171997,0.00010000,0.00050000,signal_close
pdl_reclaim_long,BTCUSDT,random_search,765570,3,9,2023-03-24T22:00:00.000+0000,2023-03-25T09:00:00.000+0000,long,12,0.00519712,0.00000115,0.00050000,signal_close
pdl_reclaim_long,BTCUSDT,random_search,765570,4,1,2023-03-31T08:00:00.000+0000,2023-03-31T13:00:00.000+0000,long,6,0.02188853,0.00006358,0.00050000,
pdl_reclaim_long,BTCUSDT,random_search,765570,4,2,2023-03-31T14:00:00.000+0000,2023-04-02T07:00:00.000+0000,long,42,0.00031113,0.00021683,0.00025000,signal_close
pdl_reclaim_long,BTCUSDT,random_search,765570,4,3,2023-04-06T11:00:00.000+0000,2023-04-08T10:00:00.000+0000,long,48,0.00549482,-0.00001655,0.00050000,signal_close
pdl_reclaim_long,BTCUSDT,random_search,765570,4,4,2023-04-18T02:00:00.000+0000,2023-04-18T07:00:00.000+0000,long,6,0.01293079,0.00000000,0.00050000,
pdl_reclaim_long,BTCUSDT,random_search,765570,4,5,2023-04-18T08:00:00.000+0000,2023-04-18T11:00:00.000+0000,long,4,0.01002297,-0.00000255,0.00025000,signal_close
pdl_reclaim_long,BTCUSDT,random_search,765570,4,6,2023-04-19T09:00:00.000+0000,2023-04-19T23:00:00.000+0000,long,15,-0.01260351,-0.00000081,0.00050000,signal_close
pdl_reclaim_long,BTCUSDT,random_search,765570,4,7,2023-04-24T10:00:00.000+0000,2023-04-24T11:00:00.000+0000,long,2,0.00826855,0.00000000,0.00050000,
pdl_reclaim_long,BTCUSDT,random_search,765570,4,8,2023-04-24T12:00:00.000+0000,2023-04-24T14:00:00.000+0000,long,3,-0.00246453,0.00000000,0.00025000,signal_close
pdl_reclaim_long,BTCUSDT,random_search,765570,4,9,2023-05-06T17:00:00.000+0000,2023-05-07T23:00:00.000+0000,long,31,-0.00980972,0.00014414,0.00050000,signal_close
pdl_reclaim_long,BTCUSDT,random_search,765570,4,10,2023-05-18T19:00:00.000+0000,2023-05-18T21:00:00.000+0000,long,3,0.01079173,0.00000000,0.00050000,
pdl_reclaim_long,BTCUSDT,random_search,765570,4,11,2023-05-18T22:00:00.000+0000,2023-05-20T18:00:00.000+0000,long,45,0.00188188,0.00008962,0.00025000,signal_close
pdl_reclaim_long,BTCUSDT,random_search,765570,4,12,2023-05-24T05:00:00.000+0000,2023-05-24T06:00:00.000+0000,long,2,-0.00391034,0.00000000,0.00050000,signal_close
pdl_reclaim_long,BTCUSDT,random_search,765570,4,13,2023-05-25T02:00:00.000+0000,2023-05-25T19:00:00.000+0000,long,18,0.01239383,0.00020000,0.00050000,
pdl_reclaim_long,BTCUSDT,random_search,765570,4,14,2023-05-25T20:00:00.000+0000,2023-05-27T01:00:00.000+0000,long,30,0.00428991,0.00015841,0.00025000,signal_close
pdl_reclaim_long,BTCUSDT,random_search,765570,5,1,2023-06-26T04:00:00.000+0000,2023-06-26T16:00:00.000+0000,long,13,-0.00691184,0.00020000,0.00050000,signal_close
pdl_reclaim_long,BTCUSDT,random_search,765570,5,2,2023-06-28T09:00:00.000+0000,2023-06-28T12:00:00.000+0000,long,4,-0.00619541,0.00000000,0.00050000,signal_close
pdl_reclaim_long,BTCUSDT,random_search,765570,5,3,2023-06-30T14:00:00.000+0000,2023-06-30T17:00:00.000+0000,long,4,0.01018618,0.00010000,0.00050000,signal_close
pdl_reclaim_long,BTCUSDT,random_search,765570,5,4,2023-07-02T16:00:00.000+0000,2023-07-02T16:00:00.000+0000,long,1,0.00159734,0.00010000,0.00050000,signal_close
pdl_reclaim_long,BTCUSDT,random_search,765570,5,5,2023-07-06T15:00:00.000+0000,2023-07-06T23:00:00.000+0000,long,9,-0.01116240,0.00001492,0.00050000,signal_close
pdl_reclaim_long,BTCUSDT,random_search,765570,5,6,2023-07-07T01:00:00.000+0000,2023-07-09T00:00:00.000+0000,long,48,0.00883404,0.00017344,0.00050000,signal_close
pdl_reclaim_long,BTCUSDT,random_search,765570,5,7,2023-07-10T01:00:00.000+0000,2023-07-10T08:00:00.000+0000,long,8,-0.00028869,0.00004850,0.00050000,signal_close
pdl_reclaim_long,BTCUSDT,random_search,765570,5,8,2023-07-17T11:00:00.000+0000,2023-07-17T12:00:00.000+0000,long,2,0.00117524,0.00000000,0.00050000,signal_close
pdl_reclaim_long,BTCUSDT,random_search,765570,5,9,2023-07-18T17:00:00.000+0000,2023-07-19T00:00:00.000+0000,long,8,0.01134043,0.00010000,0.00050000,signal_close
pdl_reclaim_long,BTCUSDT,random_search,765570,5,10,2023-07-20T15:00:00.000+0000,2023-07-20T16:00:00.000+0000,long,2,-0.00262246,0.00005563,0.00050000,signal_close
pdl_reclaim_long,BTCUSDT,random_search,765570,5,11,2023-07-24T05:00:00.000+0000,2023-07-24T09:00:00.000+0000,long,5,-0.02117415,0.00004338,0.00050000,signal_close
pdl_reclaim_long,BTCUSDT,random_search,765570,5,12,2023-08-11T17:00:00.000+0000,2023-08-13T16:00:00.000+0000,long,48,-0.00112521,0.00053942,0.00050000,signal_close
pdl_reclaim_long,BTCUSDT,random_search,765570,5,13,2023-08-21T12:00:00.000+0000,2023-08-21T14:00:00.000+0000,long,3,0.00232283,0.00000000,0.00050000,signal_close
pdl_reclaim_long,BTCUSDT,random_search,765570,5,14,2023-08-25T16:00:00.000+0000,2023-08-27T14:00:00.000+0000,long,47,0.00766234,0.00020543,0.00050000,signal_close
pdl_reclaim_long,BTCUSDT,random_search,765570,5,15,2023-09-04T16:00:00.000+0000,2023-09-04T21:00:00.000+0000,long,6,-0.00589696,-0.00001059,0.00050000,signal_close
pdl_reclaim_long,BTCUSDT,random_search,765570,5,16,2023-09-05T04:00:00.000+0000,2023-09-06T14:00:00.000+0000,long,35,-0.00345525,0.00004315,0.00050000,signal_close
pdl_reclaim_long,BTCUSDT,random_search,765570,6,1,2023-09-25T05:00:00.000+0000,2023-09-25T12:00:00.000+0000,long,8,-0.00236693,0.00008565,0.00050000,signal_close
pdl_reclaim_long,BTCUSDT,random_search,765570,6,2,2023-10-03T20:00:00.000+0000,2023-10-03T20:00:00.000+0000,long,1,0.00392712,0.00000000,0.00050000,signal_close
pdl_reclaim_long,BTCUSDT,random_search,765570,6,3,2023-11-14T03:00:00.000+0000,2023-11-14T12:00:00.000+0000,long,10,-0.00278856,0.00016369,0.00050000,signal_close
pdl_reclaim_long,BTCUSDT,random_search,765570,6,4,2023-11-30T16:00:00.000+0000,2023-12-01T02:00:00.000+0000,long,11,0.00896060,0.00020000,0.00050000,signal_close
pdl_reclaim_long,BTCUSDT,random_search,765570,6,5,2023-12-13T05:00:00.000+0000,2023-12-13T15:00:00.000+0000,long,11,0.02461167,0.00010162,0.00050000,signal_close
pdl_reclaim_long,BTCUSDT,random_search,765570,6,6,2023-12-17T16:00:00.000+0000,2023-12-17T17:00:00.000+0000,long,2,0.00639912,0.00010000,0.00050000,signal_close
pdl_reclaim_long,BTCUSDT,random_search,765570,7,1,2023-12-23T05:00:00.000+0000,2023-12-24T04:00:00.000+0000,long,24,0.00597594,0.00035066,0.00050000,
pdl_reclaim_long,BTCUSDT,random_search,765570,7,2,2023-12-24T05:00:00.000+0000,2023-12-24T05:00:00.000+0000,long,1,-0.00367587,0.00000000,0.00025000,signal_close
pdl_reclaim_long,BTCUSDT,random_search,765570,7,3,2023-12-26T06:00:00.000+0000,2023-12-26T06:00:00.000+0000,long,1,-0.00242321,0.00000000,0.00050000,signal_close
pdl_reclaim_long,BTCUSDT,random_search,765570,7,4,2023-12-29T02:00:00.000+0000,2023-12-29T14:00:00.000+0000,long,13,0.01527044,0.00049912,0.00050000,
pdl_reclaim_long,BTCUSDT,random_search,765570,7,5,2023-12-29T15:00:00.000+0000,2023-12-29T15:00:00.000+0000,long,1,-0.00912589,0.00000000,0.00025000,signal_close
pdl_reclaim_long,BTCUSDT,random_search,765570,7,6,2024-01-08T05:00:00.000+0000,2024-01-08T06:00:00.000+0000,long,2,0.00672540,0.00000000,0.00050000,
pdl_reclaim_long,BTCUSDT,random_search,765570,7,7,2024-01-08T07:00:00.000+0000,2024-01-08T11:00:00.000+0000,long,5,0.00808824,0.00005000,0.00025000,signal_close
pdl_reclaim_long,BTCUSDT,random_search,765570,7,8,2024-01-10T13:00:00.000+0000,2024-01-10T17:00:00.000+0000,long,5,0.03788281,0.00010000,0.00050000,
pdl_reclaim_long,BTCUSDT,random_search,765570,7,9,2024-01-10T18:00:00.000+0000,2024-01-11T14:00:00.000+0000,long,21,0.02287520,0.00010000,0.00025000,signal_close
pdl_reclaim_long,BTCUSDT,random_search,765570,7,10,2024-01-12T10:00:00.000+0000,2024-01-12T14:00:00.000+0000,long,5,-0.01086479,0.00000000,0.00050000,signal_close
pdl_reclaim_long,BTCUSDT,random_search,765570,7,11,2024-01-14T21:00:00.000+0000,2024-01-14T21:00:00.000+0000,long,1,0.00051847,0.00000000,0.00050000,signal_close
pdl_reclaim_long,BTCUSDT,random_search,765570,7,12,2024-01-19T18:00:00.000+0000,2024-01-19T18:00:00.000+0000,long,1,0.01335575,0.00000000,0.00050000,
pdl_reclaim_long,BTCUSDT,random_search,765570,7,13,2024-01-19T19:00:00.000+0000,2024-01-21T17:00:00.000+0000,long,47,-0.00213615,0.00030000,0.00025000,signal_close
pdl_reclaim_long,BTCUSDT,random_search,765570,7,14,2024-01-23T09:00:00.000+0000,2024-01-23T09:00:00.000+0000,long,1,-0.01306950,0.00000000,0.00050000,signal_close
pdl_reclaim_long,BTCUSDT,random_search,765570,7,15,2024-02-01T01:00:00.000+0000,2024-02-01T01:00:00.000+0000,long,1,-0.01204496,0.00000000,0.00050000,signal_close
pdl_reclaim_long,BTCUSDT,random_search,765570,7,16,2024-02-04T06:00:00.000+0000,2024-02-04T06:00:00.000+0000,long,1,-0.00389125,0.00000000,0.00050000,signal_close
pdl_reclaim_long,BTCUSDT,random_search,765570,7,17,2024-02-17T11:00:00.000+0000,2024-02-17T12:00:00.000+0000,long,2,-0.00065810,0.00000000,0.00050000,signal_close
pdl_reclaim_long,BTCUSDT,random_search,765570,7,18,2024-02-21T13:00:00.000+0000,2024-02-21T13:00:00.000+0000,long,1,-0.00277720,0.00000000,0.00050000,signal_close
pdl_reclaim_long,BTCUSDT,random_search,765570,7,19,2024-02-23T09:00:00.000+0000,2024-02-23T16:00:00.000+0000,long,8,0.00108864,0.00012991,0.00050000,signal_close
pdl_reclaim_long,BTCUSDT,random_search,765570,7,20,2024-03-03T08:00:00.000+0000,2024-03-03T12:00:00.000+0000,long,5,0.00883009,0.00042989,0.00050000,signal_close
pdl_reclaim_long,BTCUSDT,random_search,765570,7,21,2024-03-05T22:00:00.000+0000,2024-03-06T05:00:00.000+0000,long,8,0.04876345,0.00036280,0.00050000,
pdl_reclaim_long,BTCUSDT,random_search,765570,7,22,2024-03-06T06:00:00.000+0000,2024-03-07T21:00:00.000+0000,long,40,0.00531139,0.00104371,0.00025000,signal_close
pdl_reclaim_long,BTCUSDT,random_search,765570,7,23,2024-03-14T15:00:00.000+0000,2024-03-14T15:00:00.000+0000,long,1,-0.01258551,0.00000000,0.00050000,signal_close
pdl_reclaim_long,BTCUSDT,random_search,765570,7,24,2024-03-15T03:00:00.000+0000,2024-03-15T03:00:00.000+0000,long,1,-0.01203303,0.00000000,0.00050000,signal_close
pdl_reclaim_long,BTCUSDT,random_search,765570,7,25,2024-03-17T08:00:00.000+0000,2024-03-17T10:00:00.000+0000,long,3,0.02270788,0.00017773,0.00050000,
pdl_reclaim_long,BTCUSDT,random_search,765570,7,26,2024-03-17T11:00:00.000+0000,2024-03-19T02:00:00.000+0000,long,40,-0.01022714,0.00064861,0.00025000,signal_close
pdl_reclaim_long,BTCUSDT,random_search,765570,8,1,2024-03-27T15:00:00.000+0000,2024-03-27T15:00:00.000+0000,long,1,-0.01769290,0.00000000,0.00050000,signal_close
pdl_reclaim_long,BTCUSDT,random_search,765570,8,2,2024-04-01T07:00:00.000+0000,2024-04-01T14:00:00.000+0000,long,8,-0.01084070,0.00033491,0.00050000,signal_close
pdl_reclaim_long,BTCUSDT,random_search,765570,8,3,2024-04-09T15:00:00.000+0000,2024-04-09T15:00:00.000+0000,long,1,-0.00184263,0.00000000,0.00050000,signal_close
pdl_reclaim_long,BTCUSDT,random_search,765570,8,4,2024-04-10T14:00:00.000+0000,2024-04-10T16:00:00.000+0000,long,3,0.01752048,0.00010000,0.00050000,signal_close
pdl_reclaim_long,BTCUSDT,random_search,765570,8,5,2024-04-16T05:00:00.000+0000,2024-04-16T16:00:00.000+0000,long,12,0.00383340,0.00013038,0.00050000,signal_close
pdl_reclaim_long,BTCUSDT,random_search,765570,8,6,2024-04-19T02:00:00.000+0000,2024-04-19T02:00:00.000+0000,long,1,0.00497705,0.00000000,0.00050000,signal_close
pdl_reclaim_long,BTCUSDT,random_search,765570,8,7,2024-04-25T12:00:00.000+0000,2024-04-25T12:00:00.000+0000,long,1,-0.00736387,0.00000000,0.00050000,signal_close
pdl_reclaim_long,BTCUSDT,random_search,765570,8,8,2024-04-30T11:00:00.000+0000,2024-04-30T11:00:00.000+0000,long,1,-0.00983951,0.00000000,0.00050000,signal_close
pdl_reclaim_long,BTCUSDT,random_search,765570,8,9,2024-05-06T20:00:00.000+0000,2024-05-07T07:00:00.000+0000,long,12,0.00661163,0.00006064,0.00050000,signal_close
pdl_reclaim_long,BTCUSDT,random_search,765570,8,10,2024-05-09T12:00:00.000+0000,2024-05-09T15:00:00.000+0000,long,4,0.01729892,0.00000000,0.00050000,signal_close
pdl_reclaim_long,BTCUSDT,random_search,765570,8,11,2024-05-10T17:00:00.000+0000,2024-05-10T17:00:00.000+0000,long,1,-0.01146537,0.00000000,0.00050000,signal_close
pdl_reclaim_long,BTCUSDT,random_search,765570,8,12,2024-05-22T22:00:00.000+0000,2024-05-23T09:00:00.000+0000,long,12,0.00156096,0.00020000,0.00050000,signal_close
pdl_reclaim_long,BTCUSDT,random_search,765570,8,13,2024-05-26T22:00:00.000+0000,2024-05-27T01:00:00.000+0000,long,4,0.00736774,0.00010000,0.00050000,signal_close
pdl_reclaim_long,BTCUSDT,random_search,765570,8,14,2024-05-31T17:00:00.000+0000,2024-05-31T19:00:00.000+0000,long,3,0.00659239,0.00000000,0.00050000,signal_close
pdl_reclaim_long,BTCUSDT,random_search,765570,8,15,2024-06-06T21:00:00.000+0000,2024-06-07T08:00:00.000+0000,long,12,0.00485999,0.00020000,0.00050000,signal_close
pdl_reclaim_long,BTCUSDT,random_search,765570,8,16,2024-06-13T17:00:00.000+0000,2024-06-14T04:00:00.000+0000,long,12,-0.00452248,0.00010000,0.00050000,signal_close
pdl_reclaim_long,BTCUSDT,random_search,765570,9,1,2024-06-21T06:00:00.000+0000,2024-06-21T07:00:00.000+0000,long,2,-0.00765384,0.00000000,0.00050000,signal_close
pdl_reclaim_long,BTCUSDT,random_search,765570,9,2,2024-07-23T09:00:00.000+0000,2024-07-23T13:00:00.000+0000,long,5,-0.01230845,0.00000000,0.00050000,signal_close
pdl_reclaim_long,BTCUSDT,random_search,765570,9,3,2024-07-29T22:00:00.000+0000,2024-07-29T23:00:00.000+0000,long,2,-0.01104927,0.00000000,0.00050000,signal_close
pdl_reclaim_long,BTCUSDT,random_search,765570,9,4,2024-08-03T03:00:00.000+0000,2024-08-03T14:00:00.000+0000,long,12,0.00824839,0.00009788,0.00050000,signal_close
pdl_reclaim_long,BTCUSDT,random_search,765570,9,5,2024-08-12T02:00:00.000+0000,2024-08-12T07:00:00.000+0000,long,6,0.00082026,0.00000000,0.00050000,signal_close
pdl_reclaim_long,BTCUSDT,random_search,765570,9,6,2024-08-15T04:00:00.000+0000,2024-08-15T06:00:00.000+0000,long,3,-0.00635306,0.00000000,0.00050000,signal_close
pdl_reclaim_long,BTCUSDT,random_search,765570,9,7,2024-08-19T03:00:00.000+0000,2024-08-19T09:00:00.000+0000,long,7,-0.01159096,-0.00006750,0.00050000,signal_close
pdl_reclaim_long,BTCUSDT,random_search,765570,9,8,2024-09-06T09:00:00.000+0000,2024-09-06T12:00:00.000+0000,long,4,0.01870119,0.00000000,0.00050000,signal_close
pdl_reclaim_long,BTCUSDT,random_search,765570,10,1,2024-09-26T02:00:00.000+0000,2024-09-26T08:00:00.000+0000,long,7,0.00838571,0.00006246,0.00050000,signal_close
pdl_reclaim_long,BTCUSDT,random_search,765570,10,2,2024-10-02T21:00:00.000+0000,2024-10-03T08:00:00.000+0000,long,12,-0.00979993,0.00008127,0.00050000,signal_close
pdl_reclaim_long,BTCUSDT,random_search,765570,11,1,2024-12-23T03:00:00.000+0000,2024-12-23T14:00:00.000+0000,long,12,-0.00351770,0.00010000,0.00050000,signal_close
pdl_reclaim_long,BTCUSDT,random_search,765570,11,2,2024-12-27T15:00:00.000+0000,2024-12-27T15:00:00.000+0000,long,1,-0.01209552,0.00000000,0.00050000,signal_close
pdl_reclaim_long,BTCUSDT,random_search,765570,11,3,2025-01-05T19:00:00.000+0000,2025-01-06T02:00:00.000+0000,long,8,0.00873194,0.00010000,0.00050000,signal_close
pdl_reclaim_long,BTCUSDT,random_search,765570,11,4,2025-01-08T06:00:00.000+0000,2025-01-08T06:00:00.000+0000,long,1,-0.01280526,0.00000000,0.00050000,signal_close
pdl_reclaim_long,BTCUSDT,random_search,765570,11,5,2025-01-09T18:00:00.000+0000,2025-01-09T20:00:00.000+0000,long,3,-0.00908984,0.00000000,0.00050000,signal_close
pdl_reclaim_long,BTCUSDT,random_search,765570,11,6,2025-01-20T02:00:00.000+0000,2025-01-20T06:00:00.000+0000,long,5,0.06699942,0.00000000,0.00050000,signal_close
pdl_reclaim_long,BTCUSDT,random_search,765570,11,7,2025-02-10T00:00:00.000+0000,2025-02-11T23:00:00.000+0000,long,48,-0.00748089,0.00027297,0.00050000,signal_close
pdl_reclaim_long,BTCUSDT,random_search,765570,11,8,2025-02-12T15:00:00.000+0000,2025-02-14T14:00:00.000+0000,long,48,0.01680931,0.00029492,0.00050000,signal_close
pdl_reclaim_long,BTCUSDT,random_search,765570,11,9,2025-02-18T10:00:00.000+0000,2025-02-18T16:00:00.000+0000,long,7,-0.01253521,0.00010000,0.00050000,signal_close
pdl_reclaim_long,BTCUSDT,random_search,765570,11,10,2025-02-24T06:00:00.000+0000,2025-02-24T14:00:00.000+0000,long,9,-0.01146670,0.00006881,0.00050000,signal_close
pdl_reclaim_long,BTCUSDT,random_search,765570,11,11,2025-02-25T02:00:00.000+0000,2025-02-25T07:00:00.000+0000,long,6,-0.03021591,0.00000000,0.00050000,signal_close
pdl_reclaim_long,BTCUSDT,random_search,765570,11,12,2025-03-11T02:00:00.000+0000,2025-03-12T12:00:00.000+0000,long,35,0.06086545,0.00018397,0.00050000,signal_close
pdl_reclaim_long,BTCUSDT,random_search,765570,12,1,2025-04-06T16:00:00.000+0000,2025-04-06T16:00:00.000+0000,long,1,-0.00734752,-0.00000603,0.00050000,signal_close
pdl_reclaim_long,BTCUSDT,random_search,765570,12,2,2025-05-25T11:00:00.000+0000,2025-05-25T15:00:00.000+0000,long,5,-0.00025509,0.00000000,0.00050000,signal_close
pdl_reclaim_long,BTCUSDT,random_search,765570,13,1,2025-06-22T14:00:00.000+0000,2025-06-22T14:00:00.000+0000,long,1,-0.01265853,0.00000000,0.00050000,signal_close
pdl_reclaim_long,BTCUSDT,random_search,765570,13,2,2025-07-28T20:00:00.000+0000,2025-07-28T20:00:00.000+0000,long,1,-0.00077361,0.00000000,0.00050000,signal_close
pdl_reclaim_long,BTCUSDT,random_search,765570,13,3,2025-07-29T17:00:00.000+0000,2025-07-29T20:00:00.000+0000,long,4,-0.00247602,0.00000000,0.00050000,signal_close
pdl_reclaim_long,BTCUSDT,random_search,765570,13,4,2025-08-22T13:00:00.000+0000,2025-08-22T14:00:00.000+0000,long,2,0.03013717,0.00000000,0.00050000,signal_close
pdl_reclaim_long,BTCUSDT,random_search,765570,13,5,2025-08-26T02:00:00.000+0000,2025-08-26T21:00:00.000+0000,long,20,0.01462849,0.00013900,0.00050000,signal_close
pdl_reclaim_long,BTCUSDT,random_search,765570,13,6,2025-09-06T17:00:00.000+0000,2025-09-08T08:00:00.000+0000,long,40,0.01218681,0.00028636,0.00050000,signal_close
pdl_reclaim_long,BTCUSDT,random_search,765570,14,1,2025-10-09T16:00:00.000+0000,2025-10-09T16:00:00.000+0000,long,1,-0.01147678,0.00001455,0.00050000,signal_close
pdl_reclaim_long,BTCUSDT,random_search,891022,0,1,2022-04-11T03:00:00.000+0000,2022-04-11T09:00:00.000+0000,long,7,-0.01382785,0.00010000,0.00050000,signal_close
pdl_reclaim_long,BTCUSDT,random_search,891022,0,2,2022-04-26T20:00:00.000+0000,2022-04-26T20:00:00.000+0000,long,1,-0.00432739,0.00000000,0.00050000,signal_close
pdl_reclaim_long,BTCUSDT,random_search,891022,0,3,2022-05-14T16:00:00.000+0000,2022-05-14T16:00:00.000+0000,long,1,0.01754490,0.00010000,0.00050000,signal_close
pdl_reclaim_long,BTCUSDT,random_search,891022,0,4,2022-05-16T08:00:00.000+0000,2022-05-16T15:00:00.000+0000,long,8,0.00281726,0.00008883,0.00050000,signal_close
pdl_reclaim_long,BTCUSDT,random_search,891022,1,1,2022-07-12T03:00:00.000+0000,2022-07-12T07:00:00.000+0000,long,5,-0.01245980,0.00000000,0.00050000,signal_close
pdl_reclaim_long,BTCUSDT,random_search,891022,1,2,2022-07-31T22:00:00.000+0000,2022-07-31T22:00:00.000+0000,long,1,-0.00953651,0.00000000,0.00050000,signal_close
pdl_reclaim_long,BTCUSDT,random_search,891022,1,3,2022-08-10T03:00:00.000+0000,2022-08-10T12:00:00.000+0000,long,10,0.04582462,0.00000581,0.00050000,signal_close
pdl_reclaim_long,BTCUSDT,random_search,891022,1,4,2022-08-12T02:00:00.000+0000,2022-08-12T11:00:00.000+0000,long,10,-0.01011673,0.00001412,0.00050000,signal_close
pdl_reclaim_long,BTCUSDT,random_search,891022,1,5,2022-08-16T17:00:00.000+0000,2022-08-17T12:00:00.000+0000,long,20,-0.00569160,0.00000728,0.00050000,signal_close
pdl_reclaim_long,BTCUSDT,random_search,891022,1,6,2022-08-27T07:00:00.000+0000,2022-08-27T15:00:00.000+0000,long,9,-0.00960685,-0.00006290,0.00050000,signal_close
pdl_reclaim_long,BTCUSDT,random_search,891022,1,7,2022-09-07T04:00:00.000+0000,2022-09-07T20:00:00.000+0000,long,17,0.03328468,-0.00000751,0.00050000,
pdl_reclaim_long,BTCUSDT,random_search,891022,1,8,2022-09-07T21:00:00.000+0000,2022-09-09T03:00:00.000+0000,long,31,0.01427283,0.00005463,0.00025000,signal_close
pdl_reclaim_long,BTCUSDT,random_search,891022,1,9,2022-09-14T22:00:00.000+0000,2022-09-15T01:00:00.000+0000,long,4,-0.00080602,0.00000324,0.00050000,signal_close
pdl_reclaim_long,BTCUSDT,random_search,891022,1,10,2022-09-16T17:00:00.000+0000,2022-09-16T17:00:00.000+0000,long,1,-0.00517060,0.00000000,0.00050000,signal_close
pdl_reclaim_long,BTCUSDT,random_search,891022,2,1,2022-10-02T13:00:00.000+0000,2022-10-02T14:00:00.000+0000,long,2,-0.00336655,0.00000000,0.00050000,signal_close
pdl_reclaim_long,BTCUSDT,random_search,891022,2,2,2022-10-07T08:00:00.000+0000,2022-10-07T12:00:00.000+0000,long,5,-0.01599241,0.00010000,0.00050000,signal_close
pdl_reclaim_long,BTCUSDT,random_search,891022,2,3,2022-10-08T23:00:00.000+0000,2022-10-09T10:00:00.000+0000,long,12,0.00605897,0.00005022,0.00050000,signal_close
pdl_reclaim_long,BTCUSDT,random_search,891022,2,4,2022-10-11T02:00:00.000+0000,2022-10-11T14:00:00.000+0000,long,13,-0.00056982,0.00010000,0.00050000,signal_close
pdl_reclaim_long,BTCUSDT,random_search,891022,2,5,2022-10-15T10:00:00.000+0000,2022-10-15T23:00:00.000+0000,long,14,-0.00256708,0.00004563,0.00050000,signal_close
pdl_reclaim_long,BTCUSDT,random_search,891022,2,6,2022-10-19T15:00:00.000+0000,2022-10-20T00:00:00.000+0000,long,10,-0.01016738,0.00020000,0.00050000,signal_close
pdl_reclaim_long,BTCUSDT,random_search,891022,2,7,2022-10-28T03:00:00.000+0000,2022-10-28T08:00:00.000+0000,long,6,-0.00272668,0.00003541,0.00050000,signal_close
pdl_reclaim_long,BTCUSDT,random_search,891022,2,8,2022-10-30T18:00:00.000+0000,2022-10-30T22:00:00.000+0000,long,5,-0.00407952,0.00000000,0.00050000,signal_close
pdl_reclaim_long,BTCUSDT,random_search,891022,2,9,2022-11-03T13:00:00.000+0000,2022-11-03T14:00:00.000+0000,long,2,0.00990476,0.00000000,0.00050000,signal_close
pdl_reclaim_long,BTCUSDT,random_search,891022,2,10,2022-11-07T02:00:00.000+0000,2022-11-07T03:00:00.000+0000,long,2,-0.00391319,0.00000000,0.00050000,signal_close
pdl_reclaim_long,BTCUSDT,random_search,891022,2,11,2022-11-09T18:00:00.000+0000,2022-11-09T18:00:00.000+0000,long,1,-0.02137182,0.00000000,0.00050000,signal_close
pdl_reclaim_long,BTCUSDT,random_search,891022,2,12,2022-11-13T09:00:00.000+0000,2022-11-13T09:00:00.000+0000,long,1,-0.00708511,0.00000000,0.00050000,signal_close
pdl_reclaim_long,BTCUSDT,random_search,891022,2,13,2022-11-21T02:00:00.000+0000,2022-11-21T02:00:00.000+0000,long,1,-0.01279296,0.00000000,0.00050000,signal_close
pdl_reclaim_long,BTCUSDT,random_search,891022,2,14,2022-12-02T15:00:00.000+0000,2022-12-02T22:00:00.000+0000,long,8,0.00739653,-0.00003753,0.00050000,signal_close
pdl_reclaim_long,BTCUSDT,random_search,891022,2,15,2022-12-15T08:00:00.000+0000,2022-12-15T13:00:00.000+0000,long,6,-0.01121890,0.00010000,0.00050000,signal_close
pdl_reclaim_long,BTCUSDT,random_search,891022,2,16,2022-12-19T05:00:00.000+0000,2022-12-19T16:00:00.000+0000,long,12,-0.00508382,0.00007989,0.00050000,signal_close
pdl_reclaim_long,BTCUSDT,random_search,891022,3,1,2023-01-22T21:00:00.000+0000,2023-01-23T08:00:00.000+0000,long,12,0.01058927,0.00020000,0.00050000,signal_close
pdl_reclaim_long,BTCUSDT,random_search,891022,3,2,2023-02-06T06:00:00.000+0000,2023-02-06T16:00:00.000+0000,long,11,0.00920880,0.00020000,0.00050000,
pdl_reclaim_long,BTCUSDT,random_search,891022,3,3,2023-02-06T17:00:00.000+0000,2023-02-06T17:00:00.000+0000,long,1,0.00049357,0.00000000,0.00025000,signal_close
pdl_reclaim_long,BTCUSDT,random_search,891022,3,4,2023-02-10T06:00:00.000+0000,2023-02-10T15:00:00.000+0000,long,10,-0.00705440,0.00010000,0.00050000,signal_close
pdl_reclaim_long,BTCUSDT,random_search,891022,3,5,2023-02-17T01:00:00.000+0000,2023-02-17T12:00:00.000+0000,long,12,0.00582029,0.00010000,0.00050000,signal_close
pdl_reclaim_long,BTCUSDT,random_search,891022,3,6,2023-02-22T02:00:00.000+0000,2023-02-22T02:00:00.000+0000,long,1,-0.00083508,0.00000000,0.00050000,signal_close
pdl_reclaim_long,BTCUSDT,random_search,891022,3,7,2023-02-25T21:00:00.000+0000,2023-02-26T08:00:00.000+0000,long,12,0.00929154,0.00010132,0.00050000,signal_close
pdl_reclaim_long,BTCUSDT,random_search,891022,3,8,2023-02-28T22:00:00.000+0000,2023-03-01T03:00:00.000+0000,long,6,0.01263610,0.00000185,0.00050000,
pdl_reclaim_long,BTCUSDT,random_search,891022,3,9,2023-03-01T04:00:00.000+0000,2023-03-01T08:00:00.000+0000,long,5,0.00888382,0.00005000,0.00025000,signal_close
pdl_reclaim_long,BTCUSDT,random_search,891022,3,10,2023-03-15T18:00:00.000+0000,2023-03-16T05:00:00.000+0000,long,12,0.00171997,0.00010000,0.00050000,signal_close
pdl_reclaim_long,BTCUSDT,random_search,891022,3,11,2023-03-24T22:00:00.000+0000,2023-03-25T09:00:00.000+0000,long,12,0.00519712,0.00000115,0.00050000,signal_close
pdl_reclaim_long,BTCUSDT,random_search,891022,4,1,2023-03-31T08:00:00.000+0000,2023-03-31T13:00:00.000+0000,long,6,0.02188853,0.00006358,0.00050000,
pdl_reclaim_long,BTCUSDT,random_search,891022,4,2,2023-03-31T14:00:00.000+0000,2023-04-02T07:00:00.000+0000,long,42,0.00031113,0.00021683,0.00025000,signal_close
pdl_reclaim_long,BTCUSDT,random_search,891022,4,3,2023-04-06T11:00:00.000+0000,2023-04-08T10:00:00.000+0000,long,48,0.00549482,-0.00001655,0.00050000,signal_close
pdl_reclaim_long,BTCUSDT,random_search,891022,4,4,2023-04-18T02:00:00.000+0000,2023-04-18T07:00:00.000+0000,long,6,0.01293079,0.00000000,0.00050000,
pdl_reclaim_long,BTCUSDT,random_search,891022,4,5,2023-04-18T08:00:00.000+0000,2023-04-18T11:00:00.000+0000,long,4,0.01002297,-0.00000255,0.00025000,signal_close
pdl_reclaim_long,BTCUSDT,random_search,891022,4,6,2023-04-19T09:00:00.000+0000,2023-04-19T23:00:00.000+0000,long,15,-0.01260351,-0.00000081,0.00050000,signal_close
pdl_reclaim_long,BTCUSDT,random_search,891022,4,7,2023-04-24T10:00:00.000+0000,2023-04-24T11:00:00.000+0000,long,2,0.00826855,0.00000000,0.00050000,
pdl_reclaim_long,BTCUSDT,random_search,891022,4,8,2023-04-24T12:00:00.000+0000,2023-04-24T14:00:00.000+0000,long,3,-0.00246453,0.00000000,0.00025000,signal_close
pdl_reclaim_long,BTCUSDT,random_search,891022,4,9,2023-05-06T17:00:00.000+0000,2023-05-07T23:00:00.000+0000,long,31,-0.00980972,0.00014414,0.00050000,signal_close
pdl_reclaim_long,BTCUSDT,random_search,891022,4,10,2023-05-18T19:00:00.000+0000,2023-05-18T21:00:00.000+0000,long,3,0.01079173,0.00000000,0.00050000,
pdl_reclaim_long,BTCUSDT,random_search,891022,4,11,2023-05-18T22:00:00.000+0000,2023-05-20T18:00:00.000+0000,long,45,0.00188188,0.00008962,0.00025000,signal_close
pdl_reclaim_long,BTCUSDT,random_search,891022,4,12,2023-05-24T05:00:00.000+0000,2023-05-24T06:00:00.000+0000,long,2,-0.00391034,0.00000000,0.00050000,signal_close
pdl_reclaim_long,BTCUSDT,random_search,891022,4,13,2023-05-25T02:00:00.000+0000,2023-05-25T19:00:00.000+0000,long,18,0.01239383,0.00020000,0.00050000,
pdl_reclaim_long,BTCUSDT,random_search,891022,4,14,2023-05-25T20:00:00.000+0000,2023-05-27T01:00:00.000+0000,long,30,0.00428991,0.00015841,0.00025000,signal_close
pdl_reclaim_long,BTCUSDT,random_search,891022,5,1,2023-06-28T09:00:00.000+0000,2023-06-28T12:00:00.000+0000,long,4,-0.00619541,0.00000000,0.00050000,signal_close
pdl_reclaim_long,BTCUSDT,random_search,891022,5,2,2023-07-07T01:00:00.000+0000,2023-07-07T12:00:00.000+0000,long,12,0.00449139,0.00004221,0.00050000,signal_close
pdl_reclaim_long,BTCUSDT,random_search,891022,5,3,2023-07-12T20:00:00.000+0000,2023-07-13T07:00:00.000+0000,long,12,0.00238988,-0.00001135,0.00050000,signal_close
pdl_reclaim_long,BTCUSDT,random_search,891022,5,4,2023-07-24T05:00:00.000+0000,2023-07-24T09:00:00.000+0000,long,5,-0.02117415,0.00004338,0.00050000,signal_close
pdl_reclaim_long,BTCUSDT,random_search,891022,5,5,2023-07-27T19:00:00.000+0000,2023-07-28T06:00:00.000+0000,long,12,0.00097294,0.00004373,0.00050000,signal_close
pdl_reclaim_long,BTCUSDT,random_search,891022,5,6,2023-08-10T18:00:00.000+0000,2023-08-11T05:00:00.000+0000,long,12,0.00095987,0.00010000,0.00050000,signal_close
pdl_reclaim_long,BTCUSDT,random_search,891022,5,7,2023-08-15T20:00:00.000+0000,2023-08-16T07:00:00.000+0000,long,12,-0.00009214,0.00010000,0.00050000,signal_close
pdl_reclaim_long,BTCUSDT,random_search,891022,5,8,2023-08-25T16:00:00.000+0000,2023-08-26T03:00:00.000+0000,long,12,0.00556192,0.00009038,0.00050000,signal_close
pdl_reclaim_long,BTCUSDT,random_search,891022,5,9,2023-09-01T16:00:00.000+0000,2023-09-01T17:00:00.000+0000,long,2,-0.01339763,0.00006254,0.00050000,signal_close
pdl_reclaim_long,BTCUSDT,random_search,891022,5,10,2023-09-17T01:00:00.000+0000,2023-09-17T01:00:00.000+0000,long,1,0.00062656,0.00000000,0.00050000,signal_close
pdl_reclaim_long,BTCUSDT,random_search,891022,6,1,2023-09-24T19:00:00.000+0000,2023-09-24T19:00:00.000+0000,long,1,-0.00607173,0.00000000,0.00050000,signal_close
pdl_reclaim_long,BTCUSDT,random_search,891022,6,2,2023-09-25T01:00:00.000+0000,2023-09-27T00:00:00.000+0000,long,48,-0.00040692,0.00023802,0.00050000,signal_close
pdl_reclaim_long,BTCUSDT,random_search,891022,6,3,2023-10-06T14:00:00.000+0000,2023-10-06T21:00:00.000+0000,long,8,0.01820178,-0.00003149,0.00050000,signal_close
pdl_reclaim_long,BTCUSDT,random_search,891022,6,4,2023-11-03T09:00:00.000+0000,2023-11-03T10:00:00.000+0000,long,2,-0.00448085,0.00000000,0.00050000,signal_close
pdl_reclaim_long,BTCUSDT,random_search,891022,6,5,2023-11-05T22:00:00.000+0000,2023-11-05T23:00:00.000+0000,long,2,0.01024407,0.00000000,0.00050000,signal_close
pdl_reclaim_long,BTCUSDT,random_search,891022,6,6,2023-11-21T15:00:00.000+0000,2023-11-21T15:00:00.000+0000,long,1,0.00848310,0.00000000,0.00050000,signal_close
pdl_reclaim_long,BTCUSDT,random_search,891022,6,7,2023-11-22T01:00:00.000+0000,2023-11-22T18:00:00.000+0000,long,18,0.02931560,0.00020000,0.00050000,signal_close
pdl_reclaim_long,BTCUSDT,random_search,891022,6,8,2023-11-26T13:00:00.000+0000,2023-11-26T16:00:00.000+0000,long,4,-0.01125879,0.00010000,0.00050000,signal_close
pdl_reclaim_long,BTCUSDT,random_search,891022,6,9,2023-11-27T08:00:00.000+0000,2023-11-27T10:00:00.000+0000,long,3,-0.00519973,0.00010000,0.00050000,signal_close
pdl_reclaim_long,BTCUSDT,random_search,891022,6,10,2023-11-30T15:00:00.000+0000,2023-12-01T04:00:00.000+0000,long,14,0.01316893,0.00020000,0.00050000,signal_close
pdl_reclaim_long,BTCUSDT,random_search,891022,6,11,2023-12-13T03:00:00.000+0000,2023-12-13T16:00:00.000+0000,long,14,0.02017285,0.00022763,0.00050000,signal_close
pdl_reclaim_long,BTCUSDT,random_search,891022,7,1,2023-12-23T05:00:00.000+0000,2023-12-24T04:00:00.000+0000,long,24,0.00597594,0.00035066,0.00050000,
pdl_reclaim_long,BTCUSDT,random_search,891022,7,2,2023-12-24T05:00:00.000+0000,2023-12-24T05:00:00.000+0000,long,1,-0.00367587,0.00000000,0.00025000,signal_close
pdl_reclaim_long,BTCUSDT,random_search,891022,7,3,2023-12-26T06:00:00.000+0000,2023-12-26T06:00:00.000+0000,long,1,-0.00242321,0.00000000,0.00050000,signal_close
pdl_reclaim_long,BTCUSDT,random_search,891022,7,4,2023-12-29T02:00:00.000+0000,2023-12-29T14:00:00.000+0000,long,13,0.01527044,0.00049912,0.00050000,
pdl_reclaim_long,BTCUSDT,random_search,891022,7,5,2023-12-29T15:00:00.000+0000,2023-12-29T15:00:00.000+0000,long,1,-0.00912589,0.00000000,0.00025000,signal_close
pdl_reclaim_long,BTCUSDT,random_search,891022,7,6,2024-01-08T05:00:00.000+0000,2024-01-08T06:00:00.000+0000,long,2,0.00672540,0.00000000,0.00050000,
pdl_reclaim_long,BTCUSDT,random_search,891022,7,7,2024-01-08T07:00:00.000+0000,2024-01-08T11:00:00.000+0000,long,5,0.00808824,0.00005000,0.00025000,signal_close
pdl_reclaim_long,BTCUSDT,random_search,891022,7,8,2024-01-10T13:00:00.000+0000,2024-01-10T17:00:00.000+0000,long,5,0.03788281,0.00010000,0.00050000,
pdl_reclaim_long,BTCUSDT,random_search,891022,7,9,2024-01-10T18:00:00.000+0000,2024-01-11T14:00:00.000+0000,long,21,0.02287520,0.00010000,0.00025000,signal_close
pdl_reclaim_long,BTCUSDT,random_search,891022,7,10,2024-01-12T10:00:00.000+0000,2024-01-12T14:00:00.000+0000,long,5,-0.01086479,0.00000000,0.00050000,signal_close
pdl_reclaim_long,BTCUSDT,random_search,891022,7,11,2024-01-14T21:00:00.000+0000,2024-01-14T21:00:00.000+0000,long,1,0.00051847,0.00000000,0.00050000,signal_close
pdl_reclaim_long,BTCUSDT,random_search,891022,7,12,2024-01-19T18:00:00.000+0000,2024-01-19T18:00:00.000+0000,long,1,0.01335575,0.00000000,0.00050000,
pdl_reclaim_long,BTCUSDT,random_search,891022,7,13,2024-01-19T19:00:00.000+0000,2024-01-21T17:00:00.000+0000,long,47,-0.00213615,0.00030000,0.00025000,signal_close
pdl_reclaim_long,BTCUSDT,random_search,891022,7,14,2024-01-23T09:00:00.000+0000,2024-01-23T09:00:00.000+0000,long,1,-0.01306950,0.00000000,0.00050000,signal_close
pdl_reclaim_long,BTCUSDT,random_search,891022,7,15,2024-02-01T01:00:00.000+0000,2024-02-01T01:00:00.000+0000,long,1,-0.01204496,0.00000000,0.00050000,signal_close
pdl_reclaim_long,BTCUSDT,random_search,891022,7,16,2024-02-04T06:00:00.000+0000,2024-02-04T06:00:00.000+0000,long,1,-0.00389125,0.00000000,0.00050000,signal_close
pdl_reclaim_long,BTCUSDT,random_search,891022,7,17,2024-02-17T11:00:00.000+0000,2024-02-17T12:00:00.000+0000,long,2,-0.00065810,0.00000000,0.00050000,signal_close
pdl_reclaim_long,BTCUSDT,random_search,891022,7,18,2024-02-21T13:00:00.000+0000,2024-02-21T13:00:00.000+0000,long,1,-0.00277720,0.00000000,0.00050000,signal_close
pdl_reclaim_long,BTCUSDT,random_search,891022,7,19,2024-02-23T09:00:00.000+0000,2024-02-23T16:00:00.000+0000,long,8,0.00108864,0.00012991,0.00050000,signal_close
pdl_reclaim_long,BTCUSDT,random_search,891022,7,20,2024-03-03T08:00:00.000+0000,2024-03-03T12:00:00.000+0000,long,5,0.00883009,0.00042989,0.00050000,signal_close
pdl_reclaim_long,BTCUSDT,random_search,891022,7,21,2024-03-05T22:00:00.000+0000,2024-03-06T05:00:00.000+0000,long,8,0.04876345,0.00036280,0.00050000,
pdl_reclaim_long,BTCUSDT,random_search,891022,7,22,2024-03-06T06:00:00.000+0000,2024-03-07T21:00:00.000+0000,long,40,0.00531139,0.00104371,0.00025000,signal_close
pdl_reclaim_long,BTCUSDT,random_search,891022,7,23,2024-03-14T15:00:00.000+0000,2024-03-14T15:00:00.000+0000,long,1,-0.01258551,0.00000000,0.00050000,signal_close
pdl_reclaim_long,BTCUSDT,random_search,891022,7,24,2024-03-15T03:00:00.000+0000,2024-03-15T03:00:00.000+0000,long,1,-0.01203303,0.00000000,0.00050000,signal_close
pdl_reclaim_long,BTCUSDT,random_search,891022,7,25,2024-03-17T08:00:00.000+0000,2024-03-17T10:00:00.000+0000,long,3,0.02270788,0.00017773,0.00050000,
pdl_reclaim_long,BTCUSDT,random_search,891022,7,26,2024-03-17T11:00:00.000+0000,2024-03-19T02:00:00.000+0000,long,40,-0.01022714,0.00064861,0.00025000,signal_close
pdl_reclaim_long,BTCUSDT,random_search,891022,8,1,2024-03-27T15:00:00.000+0000,2024-03-27T15:00:00.000+0000,long,1,-0.01769290,0.00000000,0.00050000,signal_close
pdl_reclaim_long,BTCUSDT,random_search,891022,8,2,2024-04-01T07:00:00.000+0000,2024-04-01T14:00:00.000+0000,long,8,-0.01084070,0.00033491,0.00050000,signal_close
pdl_reclaim_long,BTCUSDT,random_search,891022,8,3,2024-04-09T15:00:00.000+0000,2024-04-09T15:00:00.000+0000,long,1,-0.00184263,0.00000000,0.00050000,signal_close
pdl_reclaim_long,BTCUSDT,random_search,891022,8,4,2024-04-10T14:00:00.000+0000,2024-04-10T16:00:00.000+0000,long,3,0.01752048,0.00010000,0.00050000,signal_close
pdl_reclaim_long,BTCUSDT,random_search,891022,8,5,2024-04-16T05:00:00.000+0000,2024-04-16T16:00:00.000+0000,long,12,0.00383340,0.00013038,0.00050000,signal_close
pdl_reclaim_long,BTCUSDT,random_search,891022,8,6,2024-04-19T02:00:00.000+0000,2024-04-19T02:00:00.000+0000,long,1,0.00497705,0.00000000,0.00050000,signal_close
pdl_reclaim_long,BTCUSDT,random_search,891022,8,7,2024-04-25T12:00:00.000+0000,2024-04-25T12:00:00.000+0000,long,1,-0.00736387,0.00000000,0.00050000,signal_close
pdl_reclaim_long,BTCUSDT,random_search,891022,8,8,2024-04-30T11:00:00.000+0000,2024-04-30T11:00:00.000+0000,long,1,-0.00983951,0.00000000,0.00050000,signal_close
pdl_reclaim_long,BTCUSDT,random_search,891022,8,9,2024-05-06T20:00:00.000+0000,2024-05-07T07:00:00.000+0000,long,12,0.00661163,0.00006064,0.00050000,signal_close
pdl_reclaim_long,BTCUSDT,random_search,891022,8,10,2024-05-09T12:00:00.000+0000,2024-05-09T15:00:00.000+0000,long,4,0.01729892,0.00000000,0.00050000,signal_close
pdl_reclaim_long,BTCUSDT,random_search,891022,8,11,2024-05-10T17:00:00.000+0000,2024-05-10T17:00:00.000+0000,long,1,-0.01146537,0.00000000,0.00050000,signal_close
pdl_reclaim_long,BTCUSDT,random_search,891022,8,12,2024-05-22T22:00:00.000+0000,2024-05-23T09:00:00.000+0000,long,12,0.00156096,0.00020000,0.00050000,signal_close
pdl_reclaim_long,BTCUSDT,random_search,891022,8,13,2024-05-26T22:00:00.000+0000,2024-05-27T01:00:00.000+0000,long,4,0.00736774,0.00010000,0.00050000,signal_close
pdl_reclaim_long,BTCUSDT,random_search,891022,8,14,2024-05-31T17:00:00.000+0000,2024-05-31T19:00:00.000+0000,long,3,0.00659239,0.00000000,0.00050000,signal_close
pdl_reclaim_long,BTCUSDT,random_search,891022,8,15,2024-06-06T21:00:00.000+0000,2024-06-07T08:00:00.000+0000,long,12,0.00485999,0.00020000,0.00050000,signal_close
pdl_reclaim_long,BTCUSDT,random_search,891022,8,16,2024-06-13T17:00:00.000+0000,2024-06-14T04:00:00.000+0000,long,12,-0.00452248,0.00010000,0.00050000,signal_close
pdl_reclaim_long,BTCUSDT,random_search,891022,9,1,2024-06-20T18:00:00.000+0000,2024-06-21T03:00:00.000+0000,long,10,-0.00784555,0.00003344,0.00050000,signal_close
pdl_reclaim_long,BTCUSDT,random_search,891022,9,2,2024-06-21T06:00:00.000+0000,2024-06-21T07:00:00.000+0000,long,2,-0.00765384,0.00000000,0.00050000,signal_close
pdl_reclaim_long,BTCUSDT,random_search,891022,9,3,2024-07-02T11:00:00.000+0000,2024-07-02T14:00:00.000+0000,long,4,-0.01139402,0.00000000,0.00050000,signal_close
pdl_reclaim_long,BTCUSDT,random_search,891022,9,4,2024-07-23T09:00:00.000+0000,2024-07-23T13:00:00.000+0000,long,5,-0.01230845,0.00000000,0.00050000,signal_close
pdl_reclaim_long,BTCUSDT,random_search,891022,9,5,2024-07-29T22:00:00.000+0000,2024-07-29T23:00:00.000+0000,long,2,-0.01104927,0.00000000,0.00050000,signal_close
pdl_reclaim_long,BTCUSDT,random_search,891022,9,6,2024-08-03T03:00:00.000+0000,2024-08-03T14:00:00.000+0000,long,12,0.00824839,0.00009788,0.00050000,signal_close
pdl_reclaim_long,BTCUSDT,random_search,891022,9,7,2024-08-12T02:00:00.000+0000,2024-08-12T07:00:00.000+0000,long,6,0.00082026,0.00000000,0.00050000,signal_close
pdl_reclaim_long,BTCUSDT,random_search,891022,9,8,2024-08-15T04:00:00.000+0000,2024-08-15T06:00:00.000+0000,long,3,-0.00635306,0.00000000,0.00050000,signal_close
pdl_reclaim_long,BTCUSDT,random_search,891022,9,9,2024-08-19T03:00:00.000+0000,2024-08-19T09:00:00.000+0000,long,7,-0.01159096,-0.00006750,0.00050000,signal_close
pdl_reclaim_long,BTCUSDT,random_search,891022,9,10,2024-08-27T04:00:00.000+0000,2024-08-27T09:00:00.000+0000,long,6,-0.00521035,0.00001751,0.00050000,signal_close
pdl_reclaim_long,BTCUSDT,random_search,891022,9,11,2024-09-06T09:00:00.000+0000,2024-09-06T12:00:00.000+0000,long,4,0.01870119,0.00000000,0.00050000,signal_close
pdl_reclaim_long,BTCUSDT,random_search,891022,10,1,2024-09-26T02:00:00.000+0000,2024-09-26T08:00:00.000+0000,long,7,0.00838571,0.00006246,0.00050000,signal_close
pdl_reclaim_long,BTCUSDT,random_search,891022,10,2,2024-11-25T17:00:00.000+0000,2024-11-25T17:00:00.000+0000,long,1,-0.00764441,0.00000000,0.00050000,signal_close
pdl_reclaim_long,BTCUSDT,random_search,891022,10,3,2024-12-13T03:00:00.000+0000,2024-12-13T14:00:00.000+0000,long,12,0.01495245,0.00010000,0.00050000,signal_close
pdl_reclaim_long,BTCUSDT,random_search,891022,11,1,2024-12-23T03:00:00.000+0000,2024-12-23T14:00:00.000+0000,long,12,-0.00351770,0.00010000,0.00050000,signal_close
pdl_reclaim_long,BTCUSDT,random_search,891022,11,2,2024-12-27T15:00:00.000+0000,2024-12-27T15:00:00.000+0000,long,1,-0.01209552,0.00000000,0.00050000,signal_close
pdl_reclaim_long,BTCUSDT,random_search,891022,11,3,2025-01-05T19:00:00.000+0000,2025-01-06T02:00:00.000+0000,long,8,0.00873194,0.00010000,0.00050000,signal_close
pdl_reclaim_long,BTCUSDT,random_search,891022,11,4,2025-01-08T06:00:00.000+0000,2025-01-08T06:00:00.000+0000,long,1,-0.01280526,0.00000000,0.00050000,signal_close
pdl_reclaim_long,BTCUSDT,random_search,891022,11,5,2025-01-09T18:00:00.000+0000,2025-01-09T20:00:00.000+0000,long,3,-0.00908984,0.00000000,0.00050000,signal_close
pdl_reclaim_long,BTCUSDT,random_search,891022,11,6,2025-01-20T02:00:00.000+0000,2025-01-20T06:00:00.000+0000,long,5,0.06699942,0.00000000,0.00050000,signal_close
pdl_reclaim_long,BTCUSDT,random_search,891022,11,7,2025-02-10T00:00:00.000+0000,2025-02-10T11:00:00.000+0000,long,12,0.01193678,0.00010978,0.00050000,signal_close
pdl_reclaim_long,BTCUSDT,random_search,891022,11,8,2025-02-11T22:00:00.000+0000,2025-02-12T09:00:00.000+0000,long,12,-0.00298940,0.00006197,0.00050000,signal_close
pdl_reclaim_long,BTCUSDT,random_search,891022,11,9,2025-02-12T15:00:00.000+0000,2025-02-13T02:00:00.000+0000,long,12,0.01866554,0.00014960,0.00050000,signal_close
pdl_reclaim_long,BTCUSDT,random_search,891022,11,10,2025-02-18T10:00:00.000+0000,2025-02-18T16:00:00.000+0000,long,7,-0.01253521,0.00010000,0.00050000,signal_close
pdl_reclaim_long,BTCUSDT,random_search,891022,11,11,2025-02-24T06:00:00.000+0000,2025-02-24T14:00:00.000+0000,long,9,-0.01146670,0.00006881,0.00050000,signal_close
pdl_reclaim_long,BTCUSDT,random_search,891022,11,12,2025-02-25T02:00:00.000+0000,2025-02-25T07:00:00.000+0000,long,6,-0.03021591,0.00000000,0.00050000,signal_close
pdl_reclaim_long,BTCUSDT,random_search,891022,11,13,2025-03-11T02:00:00.000+0000,2025-03-11T13:00:00.000+0000,long,12,0.02184755,0.00003260,0.00050000,signal_close
pdl_reclaim_long,BTCUSDT,random_search,891022,12,1,2025-04-06T16:00:00.000+0000,2025-04-06T16:00:00.000+0000,long,1,-0.00734752,-0.00000603,0.00050000,signal_close
pdl_reclaim_long,BTCUSDT,random_search,891022,12,2,2025-05-25T11:00:00.000+0000,2025-05-25T15:00:00.000+0000,long,5,-0.00025509,0.00000000,0.00050000,signal_close
pdl_reclaim_long,BTCUSDT,random_search,891022,13,1,2025-06-22T14:00:00.000+0000,2025-06-22T14:00:00.000+0000,long,1,-0.01265853,0.00000000,0.00050000,signal_close
pdl_reclaim_long,BTCUSDT,random_search,891022,13,2,2025-08-22T13:00:00.000+0000,2025-08-22T14:00:00.000+0000,long,2,0.03013717,0.00000000,0.00050000,signal_close
pdl_reclaim_long,BTCUSDT,random_search,891022,13,3,2025-08-26T02:00:00.000+0000,2025-08-26T21:00:00.000+0000,long,20,0.01462849,0.00013900,0.00050000,signal_close
pdl_reclaim_long,BTCUSDT,random_search,891022,13,4,2025-09-06T17:00:00.000+0000,2025-09-08T08:00:00.000+0000,long,40,0.01218681,0.00028636,0.00050000,signal_close
pdl_reclaim_long,BTCUSDT,random_search,891022,14,1,2025-10-09T16:00:00.000+0000,2025-10-09T16:00:00.000+0000,long,1,-0.01147678,0.00001455,0.00050000,signal_close
pdl_reclaim_long,BTCUSDT,random_search,891022,14,2,2025-11-19T19:00:00.000+0000,2025-11-19T19:00:00.000+0000,long,1,-0.00449711,0.00000000,0.00050000,signal_close
volatility_breakout,BTCUSDT,random_search,278037,0,1,2022-04-18T05:00:00.000+0000,2022-04-18T05:00:00.000+0000,short,1,-0.00286865,-0.00000000,0.00050000,signal_close
volatility_breakout,BTCUSDT,random_search,278037,0,2,2022-05-05T16:00:00.000+0000,2022-05-05T16:00:00.000+0000,short,1,-0.00369118,-0.00010000,0.00050000,signal_close
volatility_breakout,BTCUSDT,random_search,278037,0,3,2022-05-07T22:00:00.000+0000,2022-05-07T22:00:00.000+0000,short,1,-0.00203836,-0.00000000,0.00050000,signal_close
volatility_breakout,BTCUSDT,random_search,278037,0,4,2022-06-12T03:00:00.000+0000,2022-06-12T03:00:00.000+0000,short,1,-0.00519545,-0.00000000,0.00050000,signal_close
volatility_breakout,BTCUSDT,random_search,278037,0,5,2022-06-13T02:00:00.000+0000,2022-06-13T03:00:00.000+0000,short,2,0.00943320,0.00000000,0.00050000,signal_close
volatility_breakout,BTCUSDT,random_search,278037,1,1,2022-07-11T23:00:00.000+0000,2022-07-14T17:00:00.000+0000,short,67,-0.03830081,-0.00028806,0.00050000,signal_close
volatility_breakout,BTCUSDT,random_search,278037,1,2,2022-07-17T13:00:00.000+0000,2022-07-18T23:00:00.000+0000,short,35,-0.04999295,-0.00038709,0.00050000,signal_close
volatility_breakout,BTCUSDT,random_search,278037,1,3,2022-07-24T01:00:00.000+0000,2022-07-24T05:00:00.000+0000,short,5,-0.00954527,0.00000000,0.00050000,signal_close
volatility_breakout,BTCUSDT,random_search,278037,1,4,2022-07-24T07:00:00.000+0000,2022-07-28T15:00:00.000+0000,short,105,-0.04879091,-0.00086019,0.00050000,signal_close
volatility_breakout,BTCUSDT,random_search,278037,1,5,2022-07-28T17:00:00.000+0000,2022-07-28T17:00:00.000+0000,short,1,-0.01009916,-0.00000000,0.00050000,signal_close
volatility_breakout,BTCUSDT,random_search,278037,1,6,2022-07-29T02:00:00.000+0000,2022-07-29T11:00:00.000+0000,short,10,0.00485653,-0.00010000,0.00050000,signal_close
volatility_breakout,BTCUSDT,random_search,278037,1,7,2022-07-29T23:00:00.000+0000,2022-07-30T19:00:00.000+0000,short,21,0.00016398,-0.00030000,0.00050000,signal_close
volatility_breakout,BTCUSDT,random_search,278037,1,8,2022-07-31T19:00:00.000+0000,2022-09-13T18:00:00.000+0000,short,1056,0.14552441,-0.00357230,0.00050000,signal_close
volatility_breakout,BTCUSDT,random_search,278037,1,9,2022-09-16T03:00:00.000+0000,2022-09-21T17:00:00.000+0000,short,135,-0.00811834,-0.00053583,0.00050000,signal_close
volatility_breakout,BTCUSDT,random_search,278037,1,10,2022-09-23T20:00:00.000+0000,2022-09-23T21:00:00.000+0000,short,2,-0.01120518,0.00000000,0.00050000,signal_close
volatility_breakout,BTCUSDT,random_search,278037,1,11,2022-09-24T18:00:00.000+0000,2022-09-26T22:00:00.000+0000,short,53,-0.00392823,-0.00014778,0.00050000,signal_close
volatility_breakout,BTCUSDT,random_search,278037,2,1,2022-10-10T09:00:00.000+0000,2022-10-10T09:00:00.000+0000,short,1,-0.00529502,-0.00000000,0.00050000,signal_close
volatility_breakout,BTCUSDT,random_search,278037,2,2,2022-10-13T13:00:00.000+0000,2022-10-13T15:00:00.000+0000,short,3,-0.03146888,0.00000000,0.00050000,signal_close
volatility_breakout,BTCUSDT,random_search,278037,2,3,2022-10-14T02:00:00.000+0000,2022-10-14T07:00:00.000+0000,long,6,-0.01165743,0.00000000,0.00050000,signal_close
volatility_breakout,BTCUSDT,random_search,278037,2,4,2022-10-25T14:00:00.000+0000,2022-10-25T20:00:00.000+0000,long,7,0.03559843,-0.00000166,0.00050000,signal_close
volatility_breakout,BTCUSDT,random_search,278037,2,5,2022-10-26T09:00:00.000+0000,2022-10-26T12:00:00.000+0000,long,4,-0.00628637,0.00000000,0.00050000,signal_close
volatility_breakout,BTCUSDT,random_search,278037,2,6,2022-11-04T15:00:00.000+0000,2022-11-04T15:00:00.000+0000,long,1,-0.01840749,0.00000000,0.00050000,signal_close
volatility_breakout,BTCUSDT,random_search,278037,2,7,2022-11-07T08:00:00.000+0000,2022-11-07T08:00:00.000+0000,short,1,-0.00427336,-0.00010000,0.00050000,signal_close
volatility_breakout,BTCUSDT,random_search,278037,2,8,2022-11-08T04:00:00.000+0000,2022-11-08T06:00:00.000+0000,short,3,0.01762504,0.00000000,0.00050000,signal_close
volatility_breakout,BTCUSDT,random_search,278037,2,9,2022-11-20T22:00:00.000+0000,2022-11-21T04:00:00.000+0000,short,7,0.00778076,-0.00007898,0.00050000,signal_close
volatility_breakout,BTCUSDT,random_search,278037,2,10,2022-11-21T20:00:00.000+0000,2022-11-21T22:00:00.000+0000,short,3,-0.00160581,0.00000000,0.00050000,signal_close
volatility_breakout,BTCUSDT,random_search,278037,2,11,2022-11-23T03:00:00.000+0000,2022-11-23T04:00:00.000+0000,long,2,-0.00060666,0.00000000,0.00050000,signal_close
volatility_breakout,BTCUSDT,random_search,278037,2,12,2022-11-30T01:00:00.000+0000,2022-11-30T03:00:00.000+0000,long,3,-0.00061852,0.00000000,0.00050000,signal_close
volatility_breakout,BTCUSDT,random_search,278037,2,13,2022-12-07T08:00:00.000+0000,2022-12-07T09:00:00.000+0000,short,2,-0.00469668,-0.00000658,0.00050000,signal_close
volatility_breakout,BTCUSDT,random_search,278037,2,14,2022-12-08T19:00:00.000+0000,2022-12-08T20:00:00.000+0000,long,2,-0.00360869,0.00000000,0.00050000,signal_close
volatility_breakout,BTCUSDT,random_search,278037,2,15,2022-12-12T01:00:00.000+0000,2022-12-12T04:00:00.000+0000,short,4,0.00061049,0.00000000,0.00050000,signal_close
volatility_breakout,BTCUSDT,random_search,278037,2,16,2022-12-13T10:00:00.000+0000,2022-12-13T10:00:00.000+0000,long,1,-0.00311607,0.00000000,0.00050000,signal_close
volatility_breakout,BTCUSDT,random_search,278037,2,17,2022-12-13T14:00:00.000+0000,2022-12-13T15:00:00.000+0000,long,2,-0.00869070,0.00000000,0.00050000,signal_close
volatility_breakout,BTCUSDT,random_search,278037,2,18,2022-12-14T15:00:00.000+0000,2022-12-14T19:00:00.000+0000,long,5,-0.01515411,0.00010000,0.00050000,signal_close
volatility_breakout,BTCUSDT,random_search,278037,2,19,2022-12-16T10:00:00.000+0000,2022-12-16T14:00:00.000+0000,short,5,0.00005191,0.00000000,0.00050000,signal_close
volatility_breakout,BTCUSDT,random_search,278037,2,20,2022-12-19T23:00:00.000+0000,2022-12-20T01:00:00.000+0000,short,3,-0.01044720,-0.00005611,0.00050000,signal_close
volatility_breakout,BTCUSDT,random_search,278037,3,1,2023-02-15T21:00:00.000+0000,2023-02-20T20:00:00.000+0000,short,120,-0.02802217,-0.00163171,0.00050000,signal_close
volatility_breakout,BTCUSDT,random_search,278037,3,2,2023-03-03T02:00:00.000+0000,2023-03-07T01:00:00.000+0000,short,96,-0.01566927,-0.00024242,0.00050000,signal_close
volatility_breakout,BTCUSDT,random_search,278037,3,3,2023-03-10T13:00:00.000+0000,2023-03-25T22:00:00.000+0000,short,370,-0.32986978,-0.00335822,0.00050000,signal_close
volatility_breakout,BTCUSDT,random_search,278037,4,1,2023-04-10T23:00:00.000+0000,2023-04-17T11:00:00.000+0000,long,157,-0.00170120,0.00141923,0.00050000,signal_reverse
volatility_breakout,BTCUSDT,random_search,278037,4,2,2023-04-17T12:00:00.000+0000,2023-04-26T12:00:00.000+0000,short,217,-0.01573712,-0.00145246,0.00100000,signal_reverse
volatility_breakout,BTCUSDT,random_search,278037,4,3,2023-04-26T13:00:00.000+0000,2023-05-01T19:00:00.000+0000,long,127,-0.07098627,0.00069984,0.00100000,signal_reverse
volatility_breakout,BTCUSDT,random_search,278037,4,4,2023-05-01T20:00:00.000+0000,2023-05-28T22:00:00.000+0000,short,651,-0.00985730,-0.00452113,0.00100000,signal_reverse
volatility_breakout,BTCUSDT,random_search,278037,4,5,2023-05-28T23:00:00.000+0000,2023-05-31T04:00:00.000+0000,long,54,-0.03146823,0.00051428,0.00100000,signal_reverse
volatility_breakout,BTCUSDT,random_search,278037,4,6,2023-05-31T05:00:00.000+0000,2023-06-06T16:00:00.000+0000,short,156,0.03203133,-0.00127762,0.00100000,signal_reverse
volatility_breakout,BTCUSDT,random_search,278037,4,7,2023-06-06T17:00:00.000+0000,2023-06-23T22:00:00.000+0000,long,414,0.15116125,0.00288082,0.00100000,signal_close
volatility_breakout,BTCUSDT,random_search,278037,5,1,2023-07-14T19:00:00.000+0000,2023-07-14T19:00:00.000+0000,short,1,-0.00134124,-0.00000000,0.00050000,signal_close
volatility_breakout,BTCUSDT,random_search,278037,5,2,2023-08-01T03:00:00.000+0000,2023-08-01T04:00:00.000+0000,short,2,0.00175095,0.00000000,0.00050000,signal_close
volatility_breakout,BTCUSDT,random_search,278037,5,3,2023-08-02T00:00:00.000+0000,2023-08-02T02:00:00.000+0000,long,3,0.00272605,0.00010000,0.00050000,signal_close
volatility_breakout,BTCUSDT,random_search,278037,5,4,2023-08-08T13:00:00.000+0000,2023-08-08T13:00:00.000+0000,long,1,-0.00773589,0.00000000,0.00050000,signal_close
volatility_breakout,BTCUSDT,random_search,278037,5,5,2023-08-17T01:00:00.000+0000,2023-08-17T01:00:00.000+0000,short,1,-0.00243933,-0.00000000,0.00050000,signal_close
volatility_breakout,BTCUSDT,random_search,278037,5,6,2023-08-17T16:00:00.000+0000,2023-08-17T17:00:00.000+0000,short,2,-0.00201495,-0.00010000,0.00050000,signal_close
volatility_breakout,BTCUSDT,random_search,278037,5,7,2023-08-17T22:00:00.000+0000,2023-08-17T22:00:00.000+0000,short,1,-0.02107143,-0.00000000,0.00050000,signal_close
volatility_breakout,BTCUSDT,random_search,278037,5,8,2023-08-23T17:00:00.000+0000,2023-08-23T18:00:00.000+0000,long,2,0.00209841,0.00000000,0.00050000,signal_close
volatility_breakout,BTCUSDT,random_search,278037,5,9,2023-08-29T17:00:00.000+0000,2023-08-29T17:00:00.000+0000,long,1,-0.00436947,0.00000000,0.00050000,signal_close
volatility_breakout,BTCUSDT,random_search,278037,5,10,2023-08-31T17:00:00.000+0000,2023-08-31T17:00:00.000+0000,short,1,-0.00416087,-0.00000000,0.00050000,signal_close
volatility_breakout,BTCUSDT,random_search,278037,5,11,2023-09-11T15:00:00.000+0000,2023-09-11T16:00:00.000+0000,short,2,-0.00194175,-0.00001838,0.00050000,signal_close
volatility_breakout,BTCUSDT,random_search,278037,6,1,2023-10-18T05:00:00.000+0000,2023-10-27T17:00:00.000+0000,long,229,0.15971842,0.00138488,0.00050000,signal_reverse
volatility_breakout,BTCUSDT,random_search,278037,6,2,2023-10-27T18:00:00.000+0000,2023-11-01T20:00:00.000+0000,short,123,-0.05501529,-0.00150000,0.00100000,signal_reverse
volatility_breakout,BTCUSDT,random_search,278037,6,3,2023-11-01T21:00:00.000+0000,2023-11-14T18:00:00.000+0000,long,310,-0.01016566,0.00501182,0.00100000,signal_reverse
volatility_breakout,BTCUSDT,random_search,278037,6,4,2023-11-14T19:00:00.000+0000,2023-11-15T18:00:00.000+0000,short,24,-0.06097384,-0.00030000,0.00100000,signal_reverse
volatility_breakout,BTCUSDT,random_search,278037,6,5,2023-11-15T19:00:00.000+0000,2023-11-16T19:00:00.000+0000,long,25,-0.04141376,0.00037213,0.00100000,signal_reverse
volatility_breakout,BTCUSDT,random_search,278037,6,6,2023-11-16T20:00:00.000+0000,2023-11-22T20:00:00.000+0000,short,145,-0.04660194,-0.00180000,0.00100000,signal_reverse
volatility_breakout,BTCUSDT,random_search,278037,6,7,2023-11-22T21:00:00.000+0000,2023-12-15T15:00:00.000+0000,long,547,0.10427530,0.00772281,0.00100000,signal_reverse
volatility_breakout,BTCUSDT,random_search,278037,6,8,2023-12-15T16:00:00.000+0000,2023-12-18T21:00:00.000+0000,short,78,-0.01743066,-0.00108966,0.00100000,signal_reverse
volatility_breakout,BTCUSDT,random_search,278037,6,9,2023-12-18T22:00:00.000+0000,2023-12-20T22:00:00.000+0000,long,49,0.02215765,0.00074143,0.00100000,signal_close
volatility_breakout,BTCUSDT,random_search,278037,7,1,2023-12-26T10:00:00.000+0000,2024-01-01T19:00:00.000+0000,short,154,-0.02041233,-0.00689345,0.00050000,signal_reverse
volatility_breakout,BTCUSDT,random_search,278037,7,2,2024-01-01T20:00:00.000+0000,2024-01-12T16:00:00.000+0000,long,261,0.00413472,0.00473037,0.00100000,signal_reverse
volatility_breakout,BTCUSDT,random_search,278037,7,3,2024-01-12T17:00:00.000+0000,2024-01-26T14:00:00.000+0000,short,334,0.04818810,-0.00410000,0.00100000,signal_reverse
volatility_breakout,BTCUSDT,random_search,278037,7,4,2024-01-26T15:00:00.000+0000,2024-03-16T23:00:00.000+0000,long,1209,0.43543654,0.03573160,0.00100000,signal_reverse
volatility_breakout,BTCUSDT,random_search,278037,7,5,2024-03-17T00:00:00.000+0000,2024-03-19T22:00:00.000+0000,short,71,0.04049070,-0.00213668,0.00100000,signal_close
volatility_breakout,BTCUSDT,random_search,278037,8,1,2024-04-22T15:00:00.000+0000,2024-05-01T18:00:00.000+0000,long,220,-0.11232351,0.00132363,0.00050000,signal_close
volatility_breakout,BTCUSDT,random_search,278037,8,2,2024-05-05T19:00:00.000+0000,2024-06-17T22:00:00.000+0000,long,1036,0.03942066,0.01093427,0.00050000,signal_close
volatility_breakout,BTCUSDT,random_search,278037,9,1,2024-06-30T23:00:00.000+0000,2024-06-30T23:00:00.000+0000,long,1,-0.00254786,0.00000000,0.00050000,signal_close
volatility_breakout,BTCUSDT,random_search,278037,9,2,2024-07-01T02:00:00.000+0000,2024-07-01T02:00:00.000+0000,long,1,-0.00371851,0.00000000,0.00050000,signal_close
volatility_breakout,BTCUSDT,random_search,278037,9,3,2024-07-10T05:00:00.000+0000,2024-07-10T05:00:00.000+0000,long,1,-0.00677740,0.00000000,0.00050000,signal_close
volatility_breakout,BTCUSDT,random_search,278037,9,4,2024-07-14T06:00:00.000+0000,2024-07-14T06:00:00.000+0000,long,1,-0.00683556,0.00000000,0.00050000,signal_close
volatility_breakout,BTCUSDT,random_search,278037,9,5,2024-07-14T22:00:00.000+0000,2024-07-14T22:00:00.000+0000,long,1,-0.00749476,0.00000000,0.00050000,signal_close
volatility_breakout,BTCUSDT,random_search,278037,9,6,2024-07-15T03:00:00.000+0000,2024-07-15T04:00:00.000+0000,long,2,0.00147772,0.00000000,0.00050000,signal_close
volatility_breakout,BTCUSDT,random_search,278037,9,7,2024-07-15T23:00:00.000+0000,2024-07-15T23:00:00.000+0000,long,1,0.00527835,0.00000000,0.00050000,signal_close
volatility_breakout,BTCUSDT,random_search,278037,9,8,2024-07-19T17:00:00.000+0000,2024-07-19T18:00:00.000+0000,long,2,0.00510644,0.00000000,0.00050000,signal_close
volatility_breakout,BTCUSDT,random_search,278037,9,9,2024-07-19T20:00:00.000+0000,2024-07-19T20:00:00.000+0000,long,1,-0.00370976,0.00000000,0.00050000,signal_close
volatility_breakout,BTCUSDT,random_search,278037,9,10,2024-07-27T13:00:00.000+0000,2024-07-27T14:00:00.000+0000,long,2,0.00804834,0.00000000,0.00050000,signal_close
volatility_breakout,BTCUSDT,random_search,278037,9,11,2024-07-29T03:00:00.000+0000,2024-07-29T03:00:00.000+0000,long,1,-0.00343411,0.00000000,0.00050000,signal_close
volatility_breakout,BTCUSDT,random_search,278037,9,12,2024-08-08T22:00:00.000+0000,2024-08-08T23:00:00.000+0000,long,2,0.00795105,0.00000000,0.00050000,signal_close
volatility_breakout,BTCUSDT,random_search,278037,9,13,2024-08-20T01:00:00.000+0000,2024-08-20T01:00:00.000+0000,long,1,-0.00114842,0.00000000,0.00050000,signal_close
volatility_breakout,BTCUSDT,random_search,278037,9,14,2024-08-21T20:00:00.000+0000,2024-08-21T20:00:00.000+0000,long,1,-0.00592266,0.00000000,0.00050000,signal_close
volatility_breakout,BTCUSDT,random_search,278037,9,15,2024-08-23T18:00:00.000+0000,2024-08-23T20:00:00.000+0000,long,3,0.00924595,0.00000000,0.00050000,signal_close
volatility_breakout,BTCUSDT,random_search,278037,9,16,2024-08-23T22:00:00.000+0000,2024-08-23T22:00:00.000+0000,long,1,-0.00487140,0.00000000,0.00050000,signal_close
volatility_breakout,BTCUSDT,random_search,278037,9,17,2024-09-09T22:00:00.000+0000,2024-09-09T22:00:00.000+0000,long,1,-0.00461668,0.00000000,0.00050000,signal_close
volatility_breakout,BTCUSDT,random_search,278037,9,18,2024-09-13T16:00:00.000+0000,2024-09-13T16:00:00.000+0000,long,1,-0.00388697,-0.00002443,0.00050000,signal_close
volatility_breakout,BTCUSDT,random_search,278037,9,19,2024-09-13T22:00:00.000+0000,2024-09-13T23:00:00.000+0000,long,2,0.00313519,0.00000000,0.00050000,signal_close
volatility_breakout,BTCUSDT,random_search,278037,10,1,2024-10-09T19:00:00.000+0000,2024-10-09T21:00:00.000+0000,short,3,0.00445182,0.00000000,0.00050000,signal_close
volatility_breakout,BTCUSDT,random_search,278037,10,2,2024-10-10T18:00:00.000+0000,2024-10-10T19:00:00.000+0000,short,2,-0.00231850,0.00000000,0.00050000,signal_close
volatility_breakout,BTCUSDT,random_search,278037,10,3,2024-11-03T03:00:00.000+0000,2024-11-03T03:00:00.000+0000,short,1,-0.00295748,-0.00000000,0.00050000,signal_close
volatility_breakout,BTCUSDT,random_search,278037,10,4,2024-12-09T21:00:00.000+0000,2024-12-09T21:00:00.000+0000,short,1,-0.00731645,-0.00000000,0.00050000,signal_close
volatility_breakout,BTCUSDT,random_search,278037,11,1,2024-12-17T15:00:00.000+0000,2024-12-20T07:00:00.000+0000,long,65,-0.10052995,0.00079159,0.00050000,signal_close
volatility_breakout,BTCUSDT,random_search,278037,11,2,2024-12-24T09:00:00.000+0000,2025-01-20T02:00:00.000+0000,long,642,0.07741320,0.00631439,0.00050000,signal_close
volatility_breakout,BTCUSDT,random_search,278037,11,3,2025-01-24T18:00:00.000+0000,2025-02-03T14:00:00.000+0000,long,237,-0.09621831,0.00211282,0.00050000,signal_close
volatility_breakout,BTCUSDT,random_search,278037,11,4,2025-02-07T05:00:00.000+0000,2025-02-28T01:00:00.000+0000,long,501,-0.17487000,0.00290788,0.00050000,signal_close
volatility_breakout,BTCUSDT,random_search,278037,12,1,2025-03-18T14:00:00.000+0000,2025-04-07T08:00:00.000+0000,short,475,0.06062530,-0.00165726,0.00050000,signal_close
volatility_breakout,BTCUSDT,random_search,278037,12,2,2025-04-13T18:00:00.000+0000,2025-06-12T22:00:00.000+0000,short,1445,-0.22793383,-0.00581055,0.00050000,signal_close
volatility_breakout,BTCUSDT,random_search,278037,13,1,2025-07-02T17:00:00.000+0000,2025-07-02T17:00:00.000+0000,long,1,-0.00309950,0.00000000,0.00050000,signal_close
volatility_breakout,BTCUSDT,random_search,278037,13,2,2025-07-09T20:00:00.000+0000,2025-07-09T20:00:00.000+0000,long,1,-0.00983594,0.00000000,0.00050000,signal_close
volatility_breakout,BTCUSDT,random_search,278037,13,3,2025-07-10T17:00:00.000+0000,2025-07-10T18:00:00.000+0000,long,2,0.00649644,0.00000000,0.00050000,signal_close
volatility_breakout,BTCUSDT,random_search,278037,13,4,2025-07-10T22:00:00.000+0000,2025-07-10T22:00:00.000+0000,long,1,-0.00458554,0.00000000,0.00050000,signal_close
volatility_breakout,BTCUSDT,random_search,278037,13,5,2025-07-14T04:00:00.000+0000,2025-07-14T04:00:00.000+0000,long,1,0.00477444,0.00000000,0.00050000,signal_close
volatility_breakout,BTCUSDT,random_search,278037,13,6,2025-07-14T06:00:00.000+0000,2025-07-14T06:00:00.000+0000,long,1,-0.00314032,0.00000000,0.00050000,signal_close
volatility_breakout,BTCUSDT,random_search,278037,13,7,2025-08-07T11:00:00.000+0000,2025-08-07T12:00:00.000+0000,long,2,-0.00022034,0.00000000,0.00050000,signal_close
volatility_breakout,BTCUSDT,random_search,278037,13,8,2025-08-07T20:00:00.000+0000,2025-08-07T20:00:00.000+0000,long,1,-0.00294533,0.00000000,0.00050000,signal_close
volatility_breakout,BTCUSDT,random_search,278037,13,9,2025-08-10T04:00:00.000+0000,2025-08-10T04:00:00.000+0000,long,1,-0.00066543,0.00000000,0.00050000,signal_close
volatility_breakout,BTCUSDT,random_search,278037,13,10,2025-08-11T02:00:00.000+0000,2025-08-11T03:00:00.000+0000,long,2,0.01326190,0.00000000,0.00050000,signal_close
volatility_breakout,BTCUSDT,random_search,278037,14,1,2025-10-01T09:00:00.000+0000,2025-10-01T10:00:00.000+0000,long,2,0.00099467,0.00000000,0.00050000,signal_close
volatility_breakout,BTCUSDT,random_search,278037,14,2,2025-10-03T16:00:00.000+0000,2025-10-03T17:00:00.000+0000,long,2,-0.00225040,0.00010000,0.00050000,signal_close
volatility_breakout,BTCUSDT,random_search,278037,14,3,2025-10-21T16:00:00.000+0000,2025-10-21T16:00:00.000+0000,long,1,-0.00795320,-0.00002506,0.00050000,signal_close
volatility_breakout,BTCUSDT,random_search,341110,0,1,2022-05-04T19:00:00.000+0000,2022-05-04T20:00:00.000+0000,long,2,0.00442892,0.00000000,0.00050000,signal_close
volatility_breakout,BTCUSDT,random_search,341110,1,1,2022-07-07T15:00:00.000+0000,2022-07-08T14:00:00.000+0000,long,24,0.04031136,0.00020212,0.00050000,signal_close
volatility_breakout,BTCUSDT,random_search,341110,1,2,2022-07-09T04:00:00.000+0000,2022-07-11T22:00:00.000+0000,long,67,-0.07763029,0.00066384,0.00050000,signal_reverse
volatility_breakout,BTCUSDT,random_search,341110,1,3,2022-07-11T23:00:00.000+0000,2022-07-14T17:00:00.000+0000,short,67,-0.03880081,-0.00028806,0.00100000,signal_close
volatility_breakout,BTCUSDT,random_search,341110,1,4,2022-07-17T13:00:00.000+0000,2022-07-18T23:00:00.000+0000,long,35,0.04899295,0.00038709,0.00050000,signal_close
volatility_breakout,BTCUSDT,random_search,341110,1,5,2022-07-24T01:00:00.000+0000,2022-07-24T05:00:00.000+0000,long,5,0.00854527,0.00000000,0.00050000,signal_close
volatility_breakout,BTCUSDT,random_search,341110,1,6,2022-07-24T07:00:00.000+0000,2022-07-25T23:00:00.000+0000,long,41,-0.06236605,0.00031850,0.00050000,signal_reverse
volatility_breakout,BTCUSDT,random_search,341110,1,7,2022-07-26T00:00:00.000+0000,2022-07-28T02:00:00.000+0000,short,51,-0.09098621,-0.00044169,0.00100000,signal_reverse
volatility_breakout,BTCUSDT,random_search,341110,1,8,2022-07-28T03:00:00.000+0000,2022-07-28T15:00:00.000+0000,long,13,0.01917075,0.00010000,0.00100000,signal_close
volatility_breakout,BTCUSDT,random_search,341110,1,9,2022-07-28T17:00:00.000+0000,2022-07-28T17:00:00.000+0000,long,1,0.00909916,0.00000000,0.00050000,signal_close
volatility_breakout,BTCUSDT,random_search,341110,1,10,2022-07-29T02:00:00.000+0000,2022-07-29T11:00:00.000+0000,long,10,-0.00585653,0.00010000,0.00050000,signal_close
volatility_breakout,BTCUSDT,random_search,341110,1,11,2022-07-29T23:00:00.000+0000,2022-07-30T19:00:00.000+0000,long,21,-0.00116398,0.00030000,0.00050000,signal_close
volatility_breakout,BTCUSDT,random_search,341110,1,12,2022-07-31T19:00:00.000+0000,2022-08-17T13:00:00.000+0000,long,403,-0.01052256,0.00205469,0.00050000,signal_reverse
volatility_breakout,BTCUSDT,random_search,341110,1,13,2022-08-17T14:00:00.000+0000,2022-09-09T04:00:00.000+0000,short,543,0.13154013,-0.00019959,0.00100000,signal_reverse
volatility_breakout,BTCUSDT,random_search,341110,1,14,2022-09-09T05:00:00.000+0000,2022-09-13T18:00:00.000+0000,long,110,-0.00446173,0.00131802,0.00100000,signal_close
volatility_breakout,BTCUSDT,random_search,341110,1,15,2022-09-16T03:00:00.000+0000,2022-09-21T17:00:00.000+0000,short,135,-0.00811834,-0.00053583,0.00050000,signal_close
volatility_breakout,BTCUSDT,random_search,341110,1,16,2022-09-23T20:00:00.000+0000,2022-09-23T21:00:00.000+0000,short,2,-0.01120518,0.00000000,0.00050000,signal_close
volatility_breakout,BTCUSDT,random_search,341110,1,17,2022-09-24T18:00:00.000+0000,2022-09-26T22:00:00.000+0000,short,53,-0.00392823,-0.00014778,0.00050000,signal_close
volatility_breakout,BTCUSDT,random_search,341110,2,1,2022-10-10T09:00:00.000+0000,2022-10-10T09:00:00.000+0000,short,1,-0.00529502,-0.00000000,0.00050000,signal_close
volatility_breakout,BTCUSDT,random_search,341110,2,2,2022-10-13T13:00:00.000+0000,2022-10-13T15:00:00.000+0000,short,3,-0.03146888,0.00000000,0.00050000,signal_close
volatility_breakout,BTCUSDT,random_search,341110,2,3,2022-10-14T02:00:00.000+0000,2022-10-14T05:00:00.000+0000,long,4,-0.00342875,0.00000000,0.00050000,signal_close
volatility_breakout,BTCUSDT,random_search,341110,2,4,2022-10-25T14:00:00.000+0000,2022-10-25T20:00:00.000+0000,long,7,0.03559843,-0.00000166,0.00050000,signal_close
volatility_breakout,BTCUSDT,random_search,341110,2,5,2022-10-26T09:00:00.000+0000,2022-10-26T09:00:00.000+0000,long,1,-0.00401908,0.00000000,0.00050000,signal_close
volatility_breakout,BTCUSDT,random_search,341110,2,6,2022-11-04T15:00:00.000+0000,2022-11-04T15:00:00.000+0000,long,1,-0.01840749,0.00000000,0.00050000,signal_close
volatility_breakout,BTCUSDT,random_search,341110,2,7,2022-11-07T08:00:00.000+0000,2022-11-07T08:00:00.000+0000,short,1,-0.00427336,-0.00010000,0.00050000,signal_close
volatility_breakout,BTCUSDT,random_search,341110,2,8,2022-11-08T04:00:00.000+0000,2022-11-08T05:00:00.000+0000,short,2,0.02174369,0.00000000,0.00050000,signal_close
volatility_breakout,BTCUSDT,random_search,341110,2,9,2022-11-20T22:00:00.000+0000,2022-11-21T03:00:00.000+0000,short,6,0.01247975,-0.00007898,0.00050000,signal_close
volatility_breakout,BTCUSDT,random_search,341110,2,10,2022-11-21T20:00:00.000+0000,2022-11-21T20:00:00.000+0000,short,1,-0.00444583,-0.00000000,0.00050000,signal_close
volatility_breakout,BTCUSDT,random_search,341110,2,11,2022-11-23T03:00:00.000+0000,2022-11-23T04:00:00.000+0000,long,2,-0.00060666,0.00000000,0.00050000,signal_close
volatility_breakout,BTCUSDT,random_search,341110,2,12,2022-11-30T01:00:00.000+0000,2022-11-30T03:00:00.000+0000,long,3,-0.00061852,0.00000000,0.00050000,signal_close
volatility_breakout,BTCUSDT,random_search,341110,2,13,2022-12-07T08:00:00.000+0000,2022-12-07T08:00:00.000+0000,short,1,-0.00230776,-0.00000658,0.00050000,signal_close
volatility_breakout,BTCUSDT,random_search,341110,2,14,2022-12-08T19:00:00.000+0000,2022-12-08T20:00:00.000+0000,long,2,-0.00360869,0.00000000,0.00050000,signal_close
volatility_breakout,BTCUSDT,random_search,341110,2,15,2022-12-12T01:00:00.000+0000,2022-12-12T03:00:00.000+0000,short,3,0.00152716,0.00000000,0.00050000,signal_close
volatility_breakout,BTCUSDT,random_search,341110,2,16,2022-12-13T10:00:00.000+0000,2022-12-13T10:00:00.000+0000,long,1,-0.00311607,0.00000000,0.00050000,signal_close
volatility_breakout,BTCUSDT,random_search,341110,2,17,2022-12-13T14:00:00.000+0000,2022-12-13T15:00:00.000+0000,long,2,-0.00869070,0.00000000,0.00050000,signal_close
volatility_breakout,BTCUSDT,random_search,341110,2,18,2022-12-14T15:00:00.000+0000,2022-12-14T19:00:00.000+0000,long,5,-0.01515411,0.00010000,0.00050000,signal_close
volatility_breakout,BTCUSDT,random_search,341110,2,19,2022-12-16T10:00:00.000+0000,2022-12-16T11:00:00.000+0000,short,2,0.00010536,0.00000000,0.00050000,signal_close
volatility_breakout,BTCUSDT,random_search,341110,2,20,2022-12-19T23:00:00.000+0000,2022-12-20T00:00:00.000+0000,short,2,-0.00332466,-0.00005611,0.00050000,signal_close
volatility_breakout,BTCUSDT,random_search,341110,3,1,2023-02-15T21:00:00.000+0000,2023-02-20T20:00:00.000+0000,short,120,-0.02802217,-0.00163171,0.00050000,signal_close
volatility_breakout,BTCUSDT,random_search,341110,3,2,2023-03-03T02:00:00.000+0000,2023-03-07T01:00:00.000+0000,short,96,-0.01566927,-0.00024242,0.00050000,signal_close
volatility_breakout,BTCUSDT,random_search,341110,3,3,2023-03-10T13:00:00.000+0000,2023-03-25T22:00:00.000+0000,short,370,-0.32986978,-0.00335822,0.00050000,signal_close
volatility_breakout,BTCUSDT,random_search,341110,4,1,2023-04-03T02:00:00.000+0000,2023-04-05T00:00:00.000+0000,short,47,-0.03519718,0.00001434,0.00050000,signal_reverse
volatility_breakout,BTCUSDT,random_search,341110,4,2,2023-04-05T01:00:00.000+0000,2023-04-17T00:00:00.000+0000,long,288,0.03909365,0.00180266,0.00100000,signal_reverse
volatility_breakout,BTCUSDT,random_search,341110,4,3,2023-04-17T01:00:00.000+0000,2023-04-25T21:00:00.000+0000,short,213,0.05279203,-0.00146590,0.00100000,signal_reverse
volatility_breakout,BTCUSDT,random_search,341110,4,4,2023-04-25T22:00:00.000+0000,2023-05-01T01:00:00.000+0000,long,124,0.01127658,0.00081820,0.00100000,signal_reverse
volatility_breakout,BTCUSDT,random_search,341110,4,5,2023-05-01T02:00:00.000+0000,2023-05-15T06:00:00.000+0000,short,341,0.03433715,-0.00189457,0.00100000,signal_reverse
volatility_breakout,BTCUSDT,random_search,341110,4,6,2023-05-15T07:00:00.000+0000,2023-05-24T13:00:00.000+0000,long,223,-0.03959878,0.00149182,0.00100000,signal_reverse
volatility_breakout,BTCUSDT,random_search,341110,4,7,2023-05-24T14:00:00.000+0000,2023-05-26T14:00:00.000+0000,short,49,-0.01252941,-0.00049765,0.00100000,signal_reverse
volatility_breakout,BTCUSDT,random_search,341110,4,8,2023-05-26T15:00:00.000+0000,2023-05-31T04:00:00.000+0000,long,110,0.01680998,0.00109333,0.00100000,signal_reverse
volatility_breakout,BTCUSDT,random_search,341110,4,9,2023-05-31T05:00:00.000+0000,2023-06-16T17:00:00.000+0000,short,397,0.03288901,-0.00273275,0.00100000,signal_reverse
volatility_breakout,BTCUSDT,random_search,341110,4,10,2023-06-16T18:00:00.000+0000,2023-06-23T22:00:00.000+0000,long,173,0.15201894,0.00142569,0.00100000,signal_close
volatility_breakout,BTCUSDT,random_search,341110,5,1,2023-07-06T09:00:00.000+0000,2023-07-06T09:00:00.000+0000,long,1,-0.00882546,0.00000000,0.00050000,signal_close
volatility_breakout,BTCUSDT,random_search,341110,5,2,2023-07-10T19:00:00.000+0000,2023-07-10T21:00:00.000+0000,long,3,-0.00809993,0.00000000,0.00050000,signal_close
volatility_breakout,BTCUSDT,random_search,341110,5,3,2023-07-14T19:00:00.000+0000,2023-07-14T21:00:00.000+0000,short,3,-0.00547328,0.00000000,0.00050000,signal_close
volatility_breakout,BTCUSDT,random_search,341110,5,4,2023-07-24T10:00:00.000+0000,2023-07-24T10:00:00.000+0000,short,1,-0.00549623,-0.00000000,0.00050000,signal_close
volatility_breakout,BTCUSDT,random_search,341110,5,5,2023-08-01T03:00:00.000+0000,2023-08-01T05:00:00.000+0000,short,3,-0.00026969,0.00000000,0.00050000,signal_close
volatility_breakout,BTCUSDT,random_search,341110,5,6,2023-08-02T00:00:00.000+0000,2023-08-02T03:00:00.000+0000,long,4,-0.00322699,0.00010000,0.00050000,signal_close
volatility_breakout,BTCUSDT,random_search,341110,5,7,2023-08-07T16:00:00.000+0000,2023-08-07T16:00:00.000+0000,short,1,-0.00307215,-0.00010000,0.00050000,signal_close
volatility_breakout,BTCUSDT,random_search,341110,5,8,2023-08-08T13:00:00.000+0000,2023-08-08T13:00:00.000+0000,long,1,-0.00773589,0.00000000,0.00050000,signal_close
volatility_breakout,BTCUSDT,random_search,341110,5,9,2023-08-15T20:00:00.000+0000,2023-08-15T21:00:00.000+0000,short,2,-0.00195290,0.00000000,0.00050000,signal_close
volatility_breakout,BTCUSDT,random_search,341110,5,10,2023-08-17T01:00:00.000+0000,2023-08-17T03:00:00.000+0000,short,3,-0.00319446,0.00000000,0.00050000,signal_close
volatility_breakout,BTCUSDT,random_search,341110,5,11,2023-08-17T16:00:00.000+0000,2023-08-17T22:00:00.000+0000,short,7,0.03934704,-0.00010000,0.00050000,signal_close
volatility_breakout,BTCUSDT,random_search,341110,5,12,2023-08-23T17:00:00.000+0000,2023-08-23T21:00:00.000+0000,long,5,-0.00317348,0.00000000,0.00050000,signal_close
volatility_breakout,BTCUSDT,random_search,341110,5,13,2023-08-29T15:00:00.000+0000,2023-08-29T17:00:00.000+0000,long,3,0.01411529,-0.00010934,0.00050000,signal_close
volatility_breakout,BTCUSDT,random_search,341110,5,14,2023-08-31T17:00:00.000+0000,2023-08-31T17:00:00.000+0000,short,1,-0.00416087,-0.00000000,0.00050000,signal_close
volatility_breakout,BTCUSDT,random_search,341110,5,15,2023-09-11T15:00:00.000+0000,2023-09-11T17:00:00.000+0000,short,3,-0.00332008,-0.00001838,0.00050000,signal_close
volatility_breakout,BTCUSDT,random_search,341110,5,16,2023-09-18T11:00:00.000+0000,2023-09-18T13:00:00.000+0000,long,3,0.00407538,0.00000000,0.00050000,signal_close
volatility_breakout,BTCUSDT,random_search,341110,6,1,2023-11-16T16:00:00.000+0000,2023-11-18T18:00:00.000+0000,short,51,-0.00814915,-0.00072014,0.00050000,signal_close
volatility_breakout,BTCUSDT,random_search,341110,6,2,2023-12-12T18:00:00.000+0000,2023-12-16T00:00:00.000+0000,short,79,-0.02941558,-0.00104672,0.00050000,signal_close
volatility_breakout,BTCUSDT,random_search,341110,6,3,2023-12-20T17:00:00.000+0000,2023-12-20T22:00:00.000+0000,short,6,0.00135029,0.00000000,0.00050000,signal_close
volatility_breakout,BTCUSDT,random_search,341110,7,1,2024-01-01T20:00:00.000+0000,2024-01-12T16:00:00.000+0000,long,261,0.00463472,0.00473037,0.00050000,signal_reverse
volatility_breakout,BTCUSDT,random_search,341110,7,2,2024-01-12T17:00:00.000+0000,2024-01-26T16:00:00.000+0000,short,336,0.03949360,-0.00420000,0.00100000,signal_reverse
volatility_breakout,BTCUSDT,random_search,341110,7,3,2024-01-26T17:00:00.000+0000,2024-03-19T22:00:00.000+0000,long,1278,0.38525134,0.03776828,0.00100000,signal_close
volatility_breakout,BTCUSDT,random_search,341110,8,1,2024-04-12T19:00:00.000+0000,2024-04-13T19:00:00.000+0000,short,25,0.02534018,-0.00030000,0.00050000,signal_close
volatility_breakout,BTCUSDT,random_search,341110,8,2,2024-04-22T15:00:00.000+0000,2024-05-01T18:00:00.000+0000,short,220,0.11132351,-0.00132363,0.00050000,signal_close
volatility_breakout,BTCUSDT,random_search,341110,8,3,2024-05-05T19:00:00.000+0000,2024-05-07T23:00:00.000+0000,long,53,-0.02540369,0.00023990,0.00050000,signal_reverse
volatility_breakout,BTCUSDT,random_search,341110,8,4,2024-05-08T00:00:00.000+0000,2024-05-15T18:00:00.000+0000,short,187,-0.05445632,-0.00147584,0.00100000,signal_reverse
volatility_breakout,BTCUSDT,random_search,341110,8,5,2024-05-15T19:00:00.000+0000,2024-06-11T09:00:00.000+0000,long,639,0.01779456,0.00731853,0.00100000,signal_reverse
volatility_breakout,BTCUSDT,random_search,341110,8,6,2024-06-11T10:00:00.000+0000,2024-06-17T22:00:00.000+0000,short,157,0.00642653,-0.00190000,0.00100000,signal_close
volatility_breakout,BTCUSDT,random_search,341110,9,1,2024-07-10T05:00:00.000+0000,2024-07-10T05:00:00.000+0000,long,1,-0.00677740,0.00000000,0.00050000,signal_close
volatility_breakout,BTCUSDT,random_search,341110,9,2,2024-07-15T23:00:00.000+0000,2024-07-16T04:00:00.000+0000,long,6,0.00201556,-0.00005062,0.00050000,signal_close
volatility_breakout,BTCUSDT,random_search,341110,9,3,2024-08-08T22:00:00.000+0000,2024-08-08T23:00:00.000+0000,long,2,0.00795105,0.00000000,0.00050000,signal_close
volatility_breakout,BTCUSDT,random_search,341110,9,4,2024-08-13T17:00:00.000+0000,2024-08-13T18:00:00.000+0000,long,2,-0.00616782,0.00000000,0.00050000,signal_close
volatility_breakout,BTCUSDT,random_search,341110,10,1,2024-09-19T00:00:00.000+0000,2024-09-30T01:00:00.000+0000,long,266,0.04695405,0.00155782,0.00050000,signal_reverse
volatility_breakout,BTCUSDT,random_search,341110,10,2,2024-09-30T02:00:00.000+0000,2024-10-04T12:00:00.000+0000,short,107,0.04350921,-0.00093504,0.00100000,signal_reverse
volatility_breakout,BTCUSDT,random_search,341110,10,3,2024-10-04T13:00:00.000+0000,2024-10-09T18:00:00.000+0000,long,126,-0.01207003,0.00051027,0.00100000,signal_reverse
volatility_breakout,BTCUSDT,random_search,341110,10,4,2024-10-09T19:00:00.000+0000,2024-10-11T15:00:00.000+0000,short,45,-0.01819576,-0.00013979,0.00100000,signal_reverse
volatility_breakout,BTCUSDT,random_search,341110,10,5,2024-10-11T16:00:00.000+0000,2024-10-13T14:00:00.000+0000,long,47,-0.00089761,0.00013184,0.00100000,signal_reverse
volatility_breakout,BTCUSDT,random_search,341110,10,6,2024-10-13T15:00:00.000+0000,2024-10-14T03:00:00.000+0000,short,13,-0.03387936,-0.00009367,0.00100000,signal_reverse
volatility_breakout,BTCUSDT,random_search,341110,10,7,2024-10-14T04:00:00.000+0000,2024-10-18T01:00:00.000+0000,long,94,0.05707501,0.00116825,0.00100000,signal_close
volatility_breakout,BTCUSDT,random_search,341110,10,8,2024-10-18T04:00:00.000+0000,2024-10-21T13:00:00.000+0000,long,82,-0.00419565,0.00100000,0.00050000,signal_reverse
volatility_breakout,BTCUSDT,random_search,341110,10,9,2024-10-21T14:00:00.000+0000,2024-10-24T13:00:00.000+0000,short,72,-0.00874850,-0.00090000,0.00100000,signal_reverse
volatility_breakout,BTCUSDT,random_search,341110,10,10,2024-10-24T14:00:00.000+0000,2024-10-25T17:00:00.000+0000,long,28,-0.01716697,0.00040000,0.00100000,signal_reverse
volatility_breakout,BTCUSDT,random_search,341110,10,11,2024-10-25T18:00:00.000+0000,2024-10-28T19:00:00.000+0000,short,74,-0.04088913,-0.00080419,0.00100000,signal_reverse
volatility_breakout,BTCUSDT,random_search,341110,10,12,2024-10-28T20:00:00.000+0000,2024-10-31T14:00:00.000+0000,long,67,0.01595371,0.00080000,0.00100000,signal_reverse
volatility_breakout,BTCUSDT,random_search,341110,10,13,2024-10-31T15:00:00.000+0000,2024-11-05T14:00:00.000+0000,short,120,0.01067267,-0.00150000,0.00100000,signal_reverse
volatility_breakout,BTCUSDT,random_search,341110,10,14,2024-11-05T15:00:00.000+0000,2024-11-13T03:00:00.000+0000,long,181,0.21972143,0.00378218,0.00100000,signal_close
volatility_breakout,BTCUSDT,random_search,341110,10,15,2024-11-17T20:00:00.000+0000,2024-11-23T16:00:00.000+0000,long,141,0.08065237,0.00257549,0.00050000,signal_reverse
volatility_breakout,BTCUSDT,random_search,341110,10,16,2024-11-23T17:00:00.000+0000,2024-11-27T15:00:00.000+0000,short,95,0.02176306,-0.00223081,0.00100000,signal_reverse
volatility_breakout,BTCUSDT,random_search,341110,10,17,2024-11-27T16:00:00.000+0000,2024-12-01T02:00:00.000+0000,long,83,0.00039639,0.00154345,0.00100000,signal_reverse
volatility_breakout,BTCUSDT,random_search,341110,10,18,2024-12-01T03:00:00.000+0000,2024-12-01T21:00:00.000+0000,short,19,-0.02148227,-0.00029581,0.00100000,signal_reverse
volatility_breakout,BTCUSDT,random_search,341110,10,19,2024-12-01T22:00:00.000+0000,2024-12-02T08:00:00.000+0000,long,11,-0.02957762,0.00050282,0.00100000,signal_reverse
volatility_breakout,BTCUSDT,random_search,341110,10,20,2024-12-02T09:00:00.000+0000,2024-12-04T20:00:00.000+0000,short,60,-0.03861150,-0.00139166,0.00100000,signal_reverse
volatility_breakout,BTCUSDT,random_search,341110,10,21,2024-12-04T21:00:00.000+0000,2024-12-05T15:00:00.000+0000,long,19,0.02454891,0.00100071,0.00100000,signal_close
volatility_breakout,BTCUSDT,random_search,341110,10,22,2024-12-08T22:00:00.000+0000,2024-12-08T23:00:00.000+0000,short,2,-0.01142103,0.00000000,0.00050000,signal_close
volatility_breakout,BTCUSDT,random_search,341110,10,23,2024-12-09T03:00:00.000+0000,2024-12-09T20:00:00.000+0000,long,18,-0.03076498,0.00032147,0.00050000,signal_reverse
volatility_breakout,BTCUSDT,random_search,341110,10,24,2024-12-09T21:00:00.000+0000,2024-12-11T14:00:00.000+0000,short,42,-0.03419215,-0.00050000,0.00100000,signal_reverse
volatility_breakout,BTCUSDT,random_search,341110,10,25,2024-12-11T15:00:00.000+0000,2024-12-12T19:00:00.000+0000,long,29,-0.00140453,0.00040000,0.00100000,signal_reverse
volatility_breakout,BTCUSDT,random_search,341110,10,26,2024-12-12T20:00:00.000+0000,2024-12-12T20:00:00.000+0000,short,1,-0.00640646,-0.00000000,0.00100000,signal_close
volatility_breakout,BTCUSDT,random_search,341110,10,27,2024-12-13T00:00:00.000+0000,2024-12-14T22:00:00.000+0000,short,47,-0.01137331,-0.00056750,0.00050000,signal_close
volatility_breakout,BTCUSDT,random_search,341110,11,1,2024-12-18T05:00:00.000+0000,2024-12-28T14:00:00.000+0000,long,250,-0.09237047,0.00292479,0.00050000,signal_close
volatility_breakout,BTCUSDT,random_search,341110,11,2,2024-12-30T22:00:00.000+0000,2024-12-31T15:00:00.000+0000,long,18,0.03527987,0.00020000,0.00050000,signal_close
volatility_breakout,BTCUSDT,random_search,341110,11,3,2024-12-31T18:00:00.000+0000,2025-01-03T21:00:00.000+0000,long,76,0.04219872,0.00085242,0.00050000,signal_close
volatility_breakout,BTCUSDT,random_search,341110,11,4,2025-01-09T08:00:00.000+0000,2025-01-14T17:00:00.000+0000,long,130,0.03540422,0.00090115,0.00050000,signal_close
volatility_breakout,BTCUSDT,random_search,341110,11,5,2025-01-15T14:00:00.000+0000,2025-01-31T12:00:00.000+0000,long,383,0.06055272,0.00381045,0.00050000,signal_close
volatility_breakout,BTCUSDT,random_search,341110,11,6,2025-02-02T22:00:00.000+0000,2025-02-08T21:00:00.000+0000,long,144,-0.00310350,0.00069669,0.00050000,signal_close
volatility_breakout,BTCUSDT,random_search,341110,11,7,2025-02-10T04:00:00.000+0000,2025-02-10T05:00:00.000+0000,long,2,0.00166386,0.00000000,0.00050000,signal_close
volatility_breakout,BTCUSDT,random_search,341110,11,8,2025-02-10T15:00:00.000+0000,2025-02-10T15:00:00.000+0000,long,1,-0.00097411,0.00000000,0.00050000,signal_close
volatility_breakout,BTCUSDT,random_search,341110,11,9,2025-02-13T21:00:00.000+0000,2025-02-13T21:00:00.000+0000,long,1,0.00168458,0.00000000,0.00050000,signal_close
volatility_breakout,BTCUSDT,random_search,341110,11,10,2025-02-25T12:00:00.000+0000,2025-03-14T22:00:00.000+0000,long,419,-0.04080515,0.00143021,0.00050000,signal_close
volatility_breakout,BTCUSDT,random_search,341110,12,1,2025-03-28T15:00:00.000+0000,2025-04-07T08:00:00.000+0000,short,234,0.09577309,-0.00119799,0.00050000,signal_close
volatility_breakout,BTCUSDT,random_search,341110,12,2,2025-04-13T18:00:00.000+0000,2025-06-12T22:00:00.000+0000,short,1445,-0.22793383,-0.00581055,0.00050000,signal_close
volatility_breakout,BTCUSDT,random_search,341110,13,1,2025-06-17T17:00:00.000+0000,2025-06-25T10:00:00.000+0000,short,186,-0.03491256,-0.00060199,0.00050000,signal_reverse
volatility_breakout,BTCUSDT,random_search,341110,13,2,2025-06-25T11:00:00.000+0000,2025-07-01T14:00:00.000+0000,long,148,-0.01241375,0.00052212,0.00100000,signal_reverse
volatility_breakout,BTCUSDT,random_search,341110,13,3,2025-07-01T15:00:00.000+0000,2025-07-02T16:00:00.000+0000,short,26,-0.03359567,-0.00010449,0.00100000,signal_reverse
volatility_breakout,BTCUSDT,random_search,341110,13,4,2025-07-02T17:00:00.000+0000,2025-07-15T14:00:00.000+0000,long,310,0.05737677,0.00226787,0.00100000,signal_reverse
volatility_breakout,BTCUSDT,random_search,341110,13,5,2025-07-15T15:00:00.000+0000,2025-08-07T10:00:00.000+0000,short,548,-0.00050027,-0.00588772,0.00100000,signal_reverse
volatility_breakout,BTCUSDT,random_search,341110,13,6,2025-08-07T11:00:00.000+0000,2025-08-18T01:00:00.000+0000,long,255,-0.00278990,0.00242342,0.00100000,signal_reverse
volatility_breakout,BTCUSDT,random_search,341110,13,7,2025-08-18T02:00:00.000+0000,2025-09-02T13:00:00.000+0000,short,372,0.04385848,-0.00294476,0.00100000,signal_reverse
volatility_breakout,BTCUSDT,random_search,341110,13,8,2025-09-02T14:00:00.000+0000,2025-09-10T22:00:00.000+0000,long,201,0.02275936,0.00146776,0.00100000,signal_close
volatility_breakout,BTCUSDT,random_search,341110,14,1,2025-10-10T21:00:00.000+0000,2025-10-15T07:00:00.000+0000,long,107,-0.01383437,-0.00007618,0.00050000,signal_close
volatility_breakout,BTCUSDT,random_search,341110,14,2,2025-10-17T01:00:00.000+0000,2025-10-17T01:00:00.000+0000,long,1,-0.00015973,0.00000000,0.00050000,signal_close
volatility_breakout,BTCUSDT,random_search,341110,14,3,2025-10-17T06:00:00.000+0000,2025-10-20T15:00:00.000+0000,long,82,0.02552495,-0.00015775,0.00050000,signal_close
volatility_breakout,BTCUSDT,random_search,341110,14,4,2025-10-21T15:00:00.000+0000,2025-10-25T14:00:00.000+0000,long,96,-0.00526524,0.00031848,0.00050000,signal_close
volatility_breakout,BTCUSDT,random_search,341110,14,5,2025-10-30T06:00:00.000+0000,2025-11-03T04:00:00.000+0000,long,95,-0.02214725,0.00085089,0.00050000,signal_close
volatility_breakout,BTCUSDT,random_search,341110,14,6,2025-11-04T06:00:00.000+0000,2025-11-08T17:00:00.000+0000,long,108,-0.02156568,0.00073447,0.00050000,signal_close
volatility_breakout,BTCUSDT,random_search,341110,14,7,2025-11-12T16:00:00.000+0000,2025-11-29T07:00:00.000+0000,long,400,-0.11638080,0.00233717,0.00050000,signal_close
volatility_breakout,BTCUSDT,random_search,341110,14,8,2025-12-01T01:00:00.000+0000,2025-12-06T20:00:00.000+0000,long,140,0.02964883,0.00036796,0.00050000,signal_close
volatility_breakout,BTCUSDT,random_search,341110,14,9,2025-12-07T18:00:00.000+0000,2025-12-07T19:00:00.000+0000,long,2,0.00472922,0.00000000,0.00050000,signal_close
volatility_breakout,BTCUSDT,random_search,341110,14,10,2025-12-07T22:00:00.000+0000,2025-12-09T22:00:00.000+0000,long,49,0.02899165,0.00022075,0.00050000,signal_close
volatility_breakout,BTCUSDT,random_search,605142,0,1,2022-06-13T02:00:00.000+0000,2022-06-13T15:00:00.000+0000,short,14,0.09998681,0.00003182,0.00050000,signal_close
volatility_breakout,BTCUSDT,random_search,605142,0,2,2022-06-14T02:00:00.000+0000,2022-06-14T02:00:00.000+0000,short,1,-0.03385765,-0.00000000,0.00050000,signal_close
volatility_breakout,BTCUSDT,random_search,605142,0,3,2022-06-18T07:00:00.000+0000,2022-06-18T10:00:00.000+0000,short,4,0.00119908,-0.00004575,0.00050000,signal_close
volatility_breakout,BTCUSDT,random_search,605142,1,1,2022-07-26T01:00:00.000+0000,2022-07-28T15:00:00.000+0000,short,63,-0.12551283,-0.00044169,0.00050000,signal_close
volatility_breakout,BTCUSDT,random_search,605142,1,2,2022-07-28T17:00:00.000+0000,2022-07-28T17:00:00.000+0000,short,1,-0.01009916,-0.00000000,0.00050000,signal_close
volatility_breakout,BTCUSDT,random_search,605142,1,3,2022-07-29T02:00:00.000+0000,2022-07-29T11:00:00.000+0000,short,10,0.00485653,-0.00010000,0.00050000,signal_close
volatility_breakout,BTCUSDT,random_search,605142,1,4,2022-07-29T23:00:00.000+0000,2022-07-30T19:00:00.000+0000,short,21,0.00016398,-0.00030000,0.00050000,signal_close
volatility_breakout,BTCUSDT,random_search,605142,1,5,2022-07-31T19:00:00.000+0000,2022-09-13T18:00:00.000+0000,short,1056,0.14552441,-0.00357230,0.00050000,signal_close
volatility_breakout,BTCUSDT,random_search,605142,1,6,2022-09-16T03:00:00.000+0000,2022-09-21T17:00:00.000+0000,short,135,-0.00811834,-0.00053583,0.00050000,signal_close
volatility_breakout,BTCUSDT,random_search,605142,1,7,2022-09-23T20:00:00.000+0000,2022-09-23T21:00:00.000+0000,short,2,-0.01120518,0.00000000,0.00050000,signal_close
volatility_breakout,BTCUSDT,random_search,605142,1,8,2022-09-24T18:00:00.000+0000,2022-09-26T22:00:00.000+0000,short,53,-0.00392823,-0.00014778,0.00050000,signal_close
volatility_breakout,BTCUSDT,random_search,605142,2,1,2022-11-08T04:00:00.000+0000,2022-11-08T05:00:00.000+0000,short,2,0.02174369,0.00000000,0.00050000,signal_close
volatility_breakout,BTCUSDT,random_search,605142,2,2,2022-11-08T19:00:00.000+0000,2022-11-08T20:00:00.000+0000,short,2,0.02375902,0.00000000,0.00050000,signal_close
volatility_breakout,BTCUSDT,random_search,605142,2,3,2022-11-21T20:00:00.000+0000,2022-11-21T20:00:00.000+0000,short,1,-0.00444583,-0.00000000,0.00050000,signal_close
volatility_breakout,BTCUSDT,random_search,605142,2,4,2022-12-16T10:00:00.000+0000,2022-12-16T10:00:00.000+0000,short,1,0.00213666,-0.00000000,0.00050000,signal_close
volatility_breakout,BTCUSDT,random_search,605142,2,5,2022-12-19T23:00:00.000+0000,2022-12-19T23:00:00.000+0000,short,1,-0.00182257,-0.00000000,0.00050000,signal_close
volatility_breakout,BTCUSDT,random_search,605142,3,1,2023-03-03T02:00:00.000+0000,2023-03-03T02:00:00.000+0000,short,1,-0.00946229,-0.00000000,0.00050000,signal_close
volatility_breakout,BTCUSDT,random_search,605142,3,2,2023-03-22T20:00:00.000+0000,2023-03-22T20:00:00.000+0000,short,1,-0.02457207,-0.00000000,0.00050000,signal_close
volatility_breakout,BTCUSDT,random_search,605142,4,1,2023-04-10T23:00:00.000+0000,2023-04-17T11:00:00.000+0000,long,157,-0.00170120,0.00141923,0.00050000,signal_reverse
volatility_breakout,BTCUSDT,random_search,605142,4,2,2023-04-17T12:00:00.000+0000,2023-04-26T09:00:00.000+0000,short,214,0.02248181,-0.00145246,0.00100000,signal_reverse
volatility_breakout,BTCUSDT,random_search,605142,4,3,2023-04-26T10:00:00.000+0000,2023-04-26T19:00:00.000+0000,long,10,-0.03288465,0.00010000,0.00100000,signal_close
volatility_breakout,BTCUSDT,random_search,605142,4,4,2023-04-30T20:00:00.000+0000,2023-05-01T19:00:00.000+0000,long,24,-0.05276134,-0.00003369,0.00050000,signal_reverse
volatility_breakout,BTCUSDT,random_search,605142,4,5,2023-05-01T20:00:00.000+0000,2023-05-03T21:00:00.000+0000,short,50,-0.03934311,-0.00028011,0.00100000,signal_reverse
volatility_breakout,BTCUSDT,random_search,605142,4,6,2023-05-03T22:00:00.000+0000,2023-05-12T02:00:00.000+0000,long,197,-0.08259275,0.00137957,0.00100000,signal_reverse
volatility_breakout,BTCUSDT,random_search,605142,4,7,2023-05-12T03:00:00.000+0000,2023-05-28T21:00:00.000+0000,short,403,-0.04409101,-0.00286145,0.00100000,signal_reverse
volatility_breakout,BTCUSDT,random_search,605142,4,8,2023-05-28T22:00:00.000+0000,2023-05-31T04:00:00.000+0000,long,55,-0.02245229,0.00051428,0.00100000,signal_reverse
volatility_breakout,BTCUSDT,random_search,605142,4,9,2023-05-31T05:00:00.000+0000,2023-06-06T16:00:00.000+0000,short,156,0.03203133,-0.00127762,0.00100000,signal_reverse
volatility_breakout,BTCUSDT,random_search,605142,4,10,2023-06-06T17:00:00.000+0000,2023-06-07T21:00:00.000+0000,long,29,-0.00902271,0.00024005,0.00100000,signal_reverse
volatility_breakout,BTCUSDT,random_search,605142,4,11,2023-06-07T22:00:00.000+0000,2023-06-16T15:00:00.000+0000,short,210,0.01004590,-0.00121272,0.00100000,signal_reverse
volatility_breakout,BTCUSDT,random_search,605142,4,12,2023-06-16T16:00:00.000+0000,2023-06-23T22:00:00.000+0000,long,175,0.17022985,0.00142805,0.00100000,signal_close
volatility_breakout,BTCUSDT,random_search,605142,5,1,2023-07-13T19:00:00.000+0000,2023-07-13T20:00:00.000+0000,long,2,0.00333162,0.00000000,0.00050000,signal_close
volatility_breakout,BTCUSDT,random_search,605142,5,2,2023-08-02T00:00:00.000+0000,2023-08-02T02:00:00.000+0000,long,3,0.00272605,0.00010000,0.00050000,signal_close
volatility_breakout,BTCUSDT,random_search,605142,5,3,2023-08-08T12:00:00.000+0000,2023-08-08T13:00:00.000+0000,long,2,-0.00321979,0.00000000,0.00050000,signal_close
volatility_breakout,BTCUSDT,random_search,605142,5,4,2023-08-08T17:00:00.000+0000,2023-08-08T21:00:00.000+0000,long,5,0.00341107,0.00000000,0.00050000,signal_close
volatility_breakout,BTCUSDT,random_search,605142,5,5,2023-08-23T17:00:00.000+0000,2023-08-23T18:00:00.000+0000,long,2,0.00209841,0.00000000,0.00050000,signal_close
volatility_breakout,BTCUSDT,random_search,605142,5,6,2023-08-29T17:00:00.000+0000,2023-08-29T17:00:00.000+0000,long,1,-0.00436947,0.00000000,0.00050000,signal_close
volatility_breakout,BTCUSDT,random_search,605142,5,7,2023-09-12T11:00:00.000+0000,2023-09-12T11:00:00.000+0000,long,1,-0.00287482,0.00000000,0.00050000,signal_close
volatility_breakout,BTCUSDT,random_search,605142,5,8,2023-09-14T01:00:00.000+0000,2023-09-14T01:00:00.000+0000,long,1,-0.01376097,0.00000000,0.00050000,signal_close
volatility_breakout,BTCUSDT,random_search,605142,6,1,2023-10-23T23:00:00.000+0000,2023-10-28T04:00:00.000+0000,short,102,-0.02280827,-0.00130000,0.00050000,signal_close
volatility_breakout,BTCUSDT,random_search,605142,6,2,2023-11-09T17:00:00.000+0000,2023-11-13T00:00:00.000+0000,short,80,-0.01978713,-0.00171542,0.00050000,signal_close
volatility_breakout,BTCUSDT,random_search,605142,6,3,2023-11-13T02:00:00.000+0000,2023-11-13T02:00:00.000+0000,short,1,0.00077910,-0.00000000,0.00050000,signal_close
volatility_breakout,BTCUSDT,random_search,605142,6,4,2023-11-16T16:00:00.000+0000,2023-11-18T18:00:00.000+0000,short,51,-0.00814915,-0.00072014,0.00050000,signal_close
volatility_breakout,BTCUSDT,random_search,605142,6,5,2023-12-12T18:00:00.000+0000,2023-12-16T00:00:00.000+0000,short,79,-0.02941558,-0.00104672,0.00050000,signal_close
volatility_breakout,BTCUSDT,random_search,605142,6,6,2023-12-20T17:00:00.000+0000,2023-12-20T22:00:00.000+0000,short,6,0.00135029,0.00000000,0.00050000,signal_close
volatility_breakout,BTCUSDT,random_search,605142,7,1,2023-12-26T10:00:00.000+0000,2024-01-01T19:00:00.000+0000,short,154,-0.02041233,-0.00689345,0.00050000,signal_reverse
volatility_breakout,BTCUSDT,random_search,605142,7,2,2024-01-01T20:00:00.000+0000,2024-01-12T16:00:00.000+0000,long,261,0.00413472,0.00473037,0.00100000,signal_reverse
volatility_breakout,BTCUSDT,random_search,605142,7,3,2024-01-12T17:00:00.000+0000,2024-01-26T14:00:00.000+0000,short,334,0.04818810,-0.00410000,0.00100000,signal_reverse
volatility_breakout,BTCUSDT,random_search,605142,7,4,2024-01-26T15:00:00.000+0000,2024-03-16T23:00:00.000+0000,long,1209,0.43543654,0.03573160,0.00100000,signal_reverse
volatility_breakout,BTCUSDT,random_search,605142,7,5,2024-03-17T00:00:00.000+0000,2024-03-19T22:00:00.000+0000,short,71,0.04049070,-0.00213668,0.00100000,signal_close
volatility_breakout,BTCUSDT,random_search,605142,8,1,2024-03-24T23:00:00.000+0000,2024-04-13T19:00:00.000+0000,long,477,-0.03896505,0.01197548,0.00050000,signal_close
volatility_breakout,BTCUSDT,random_search,605142,8,2,2024-04-22T15:00:00.000+0000,2024-05-01T18:00:00.000+0000,long,220,-0.11232351,0.00132363,0.00050000,signal_close
volatility_breakout,BTCUSDT,random_search,605142,8,3,2024-05-05T19:00:00.000+0000,2024-06-17T22:00:00.000+0000,long,1036,0.03942066,0.01093427,0.00050000,signal_close
volatility_breakout,BTCUSDT,random_search,605142,9,1,2024-06-30T23:00:00.000+0000,2024-06-30T23:00:00.000+0000,long,1,-0.00254786,0.00000000,0.00050000,signal_close
volatility_breakout,BTCUSDT,random_search,605142,9,2,2024-07-01T02:00:00.000+0000,2024-07-01T02:00:00.000+0000,long,1,-0.00371851,0.00000000,0.00050000,signal_close
volatility_breakout,BTCUSDT,random_search,605142,9,3,2024-07-10T05:00:00.000+0000,2024-07-10T05:00:00.000+0000,long,1,-0.00677740,0.00000000,0.00050000,signal_close
volatility_breakout,BTCUSDT,random_search,605142,9,4,2024-07-13T23:00:00.000+0000,2024-07-13T23:00:00.000+0000,long,1,-0.00513754,0.00000000,0.00050000,signal_close
volatility_breakout,BTCUSDT,random_search,605142,9,5,2024-07-14T22:00:00.000+0000,2024-07-14T22:00:00.000+0000,long,1,-0.00749476,0.00000000,0.00050000,signal_close
volatility_breakout,BTCUSDT,random_search,605142,9,6,2024-07-15T03:00:00.000+0000,2024-07-15T04:00:00.000+0000,long,2,0.00147772,0.00000000,0.00050000,signal_close
volatility_breakout,BTCUSDT,random_search,605142,9,7,2024-07-15T23:00:00.000+0000,2024-07-15T23:00:00.000+0000,long,1,0.00527835,0.00000000,0.00050000,signal_close
volatility_breakout,BTCUSDT,random_search,605142,9,8,2024-07-19T17:00:00.000+0000,2024-07-19T18:00:00.000+0000,long,2,0.00510644,0.00000000,0.00050000,signal_close
volatility_breakout,BTCUSDT,random_search,605142,9,9,2024-07-27T14:00:00.000+0000,2024-07-27T14:00:00.000+0000,long,1,-0.00416298,0.00000000,0.00050000,signal_close
volatility_breakout,BTCUSDT,random_search,605142,9,10,2024-08-08T22:00:00.000+0000,2024-08-08T23:00:00.000+0000,long,2,0.00795105,0.00000000,0.00050000,signal_close
volatility_breakout,BTCUSDT,random_search,605142,9,11,2024-08-18T03:00:00.000+0000,2024-08-18T03:00:00.000+0000,long,1,-0.01373375,0.00000000,0.00050000,signal_close
volatility_breakout,BTCUSDT,random_search,605142,9,12,2024-08-23T18:00:00.000+0000,2024-08-23T20:00:00.000+0000,long,3,0.00924595,0.00000000,0.00050000,signal_close
volatility_breakout,BTCUSDT,random_search,605142,9,13,2024-08-23T22:00:00.000+0000,2024-08-23T22:00:00.000+0000,long,1,-0.00487140,0.00000000,0.00050000,signal_close
volatility_breakout,BTCUSDT,random_search,605142,9,14,2024-09-09T17:00:00.000+0000,2024-09-09T17:00:00.000+0000,long,1,0.00107471,0.00000000,0.00050000,signal_close
volatility_breakout,BTCUSDT,random_search,605142,9,15,2024-09-13T16:00:00.000+0000,2024-09-13T16:00:00.000+0000,long,1,-0.00388697,-0.00002443,0.00050000,signal_close
volatility_breakout,BTCUSDT,random_search,605142,10,1,2024-09-27T15:00:00.000+0000,2024-09-30T09:00:00.000+0000,long,67,-0.04210492,0.00039566,0.00050000,signal_reverse
volatility_breakout,BTCUSDT,random_search,605142,10,2,2024-09-30T10:00:00.000+0000,2024-10-04T12:00:00.000+0000,short,99,0.02442875,-0.00085565,0.00100000,signal_reverse
volatility_breakout,BTCUSDT,random_search,605142,10,3,2024-10-04T13:00:00.000+0000,2024-10-09T18:00:00.000+0000,long,126,-0.01207003,0.00051027,0.00100000,signal_reverse
volatility_breakout,BTCUSDT,random_search,605142,10,4,2024-10-09T19:00:00.000+0000,2024-10-11T15:00:00.000+0000,short,45,-0.01819576,-0.00013979,0.00100000,signal_reverse
volatility_breakout,BTCUSDT,random_search,605142,10,5,2024-10-11T16:00:00.000+0000,2024-10-18T01:00:00.000+0000,long,154,0.09005677,0.00139376,0.00100000,signal_close
volatility_breakout,BTCUSDT,random_search,605142,10,6,2024-10-18T04:00:00.000+0000,2024-10-21T13:00:00.000+0000,long,82,-0.00419565,0.00100000,0.00050000,signal_reverse
volatility_breakout,BTCUSDT,random_search,605142,10,7,2024-10-21T14:00:00.000+0000,2024-10-24T13:00:00.000+0000,short,72,-0.00874850,-0.00090000,0.00100000,signal_reverse
volatility_breakout,BTCUSDT,random_search,605142,10,8,2024-10-24T14:00:00.000+0000,2024-10-25T17:00:00.000+0000,long,28,-0.01716697,0.00040000,0.00100000,signal_reverse
volatility_breakout,BTCUSDT,random_search,605142,10,9,2024-10-25T18:00:00.000+0000,2024-10-28T19:00:00.000+0000,short,74,-0.04088913,-0.00080419,0.00100000,signal_reverse
volatility_breakout,BTCUSDT,random_search,605142,10,10,2024-10-28T20:00:00.000+0000,2024-10-31T14:00:00.000+0000,long,67,0.01595371,0.00080000,0.00100000,signal_reverse
volatility_breakout,BTCUSDT,random_search,605142,10,11,2024-10-31T15:00:00.000+0000,2024-11-05T14:00:00.000+0000,short,120,0.01067267,-0.00150000,0.00100000,signal_reverse
volatility_breakout,BTCUSDT,random_search,605142,10,12,2024-11-05T15:00:00.000+0000,2024-11-13T03:00:00.000+0000,long,181,0.21972143,0.00378218,0.00100000,signal_close
volatility_breakout,BTCUSDT,random_search,605142,10,13,2024-11-17T20:00:00.000+0000,2024-11-25T14:00:00.000+0000,long,187,0.05651028,0.00337960,0.00050000,signal_reverse
volatility_breakout,BTCUSDT,random_search,605142,10,14,2024-11-25T15:00:00.000+0000,2024-11-27T15:00:00.000+0000,short,49,-0.00237903,-0.00142670,0.00100000,signal_reverse
volatility_breakout,BTCUSDT,random_search,605142,10,15,2024-11-27T16:00:00.000+0000,2024-12-02T08:00:00.000+0000,long,113,-0.00769896,0.00234208,0.00100000,signal_reverse
volatility_breakout,BTCUSDT,random_search,605142,10,16,2024-12-02T09:00:00.000+0000,2024-12-04T20:00:00.000+0000,short,60,-0.03861150,-0.00139166,0.00100000,signal_reverse
volatility_breakout,BTCUSDT,random_search,605142,10,17,2024-12-04T21:00:00.000+0000,2024-12-05T15:00:00.000+0000,long,19,0.02454891,0.00100071,0.00100000,signal_close
volatility_breakout,BTCUSDT,random_search,605142,10,18,2024-12-08T22:00:00.000+0000,2024-12-08T23:00:00.000+0000,short,2,-0.01142103,0.00000000,0.00050000,signal_close
volatility_breakout,BTCUSDT,random_search,605142,10,19,2024-12-09T03:00:00.000+0000,2024-12-09T20:00:00.000+0000,long,18,-0.03076498,0.00032147,0.00050000,signal_reverse
volatility_breakout,BTCUSDT,random_search,605142,10,20,2024-12-09T21:00:00.000+0000,2024-12-11T14:00:00.000+0000,short,42,-0.03419215,-0.00050000,0.00100000,signal_reverse
volatility_breakout,BTCUSDT,random_search,605142,10,21,2024-12-11T15:00:00.000+0000,2024-12-12T19:00:00.000+0000,long,29,-0.00140453,0.00040000,0.00100000,signal_reverse
volatility_breakout,BTCUSDT,random_search,605142,10,22,2024-12-12T20:00:00.000+0000,2024-12-12T20:00:00.000+0000,short,1,-0.00640646,-0.00000000,0.00100000,signal_close
volatility_breakout,BTCUSDT,random_search,605142,10,23,2024-12-13T00:00:00.000+0000,2024-12-14T22:00:00.000+0000,short,47,-0.01137331,-0.00056750,0.00050000,signal_close
volatility_breakout,BTCUSDT,random_search,605142,11,1,2024-12-18T05:00:00.000+0000,2024-12-28T14:00:00.000+0000,long,250,-0.09237047,0.00292479,0.00050000,signal_close
volatility_breakout,BTCUSDT,random_search,605142,11,2,2024-12-30T22:00:00.000+0000,2024-12-31T15:00:00.000+0000,long,18,0.03527987,0.00020000,0.00050000,signal_close
volatility_breakout,BTCUSDT,random_search,605142,11,3,2024-12-31T18:00:00.000+0000,2025-01-03T21:00:00.000+0000,long,76,0.04219872,0.00085242,0.00050000,signal_close
volatility_breakout,BTCUSDT,random_search,605142,11,4,2025-01-09T08:00:00.000+0000,2025-01-14T17:00:00.000+0000,long,130,0.03540422,0.00090115,0.00050000,signal_close
volatility_breakout,BTCUSDT,random_search,605142,11,5,2025-01-15T14:00:00.000+0000,2025-01-31T12:00:00.000+0000,long,383,0.06055272,0.00381045,0.00050000,signal_close
volatility_breakout,BTCUSDT,random_search,605142,11,6,2025-02-02T22:00:00.000+0000,2025-02-08T21:00:00.000+0000,long,144,-0.00310350,0.00069669,0.00050000,signal_close
volatility_breakout,BTCUSDT,random_search,605142,11,7,2025-02-10T04:00:00.000+0000,2025-02-10T05:00:00.000+0000,long,2,0.00166386,0.00000000,0.00050000,signal_close
volatility_breakout,BTCUSDT,random_search,605142,11,8,2025-02-10T15:00:00.000+0000,2025-02-10T15:00:00.000+0000,long,1,-0.00097411,0.00000000,0.00050000,signal_close
volatility_breakout,BTCUSDT,random_search,605142,11,9,2025-02-13T21:00:00.000+0000,2025-02-13T21:00:00.000+0000,long,1,0.00168458,0.00000000,0.00050000,signal_close
volatility_breakout,BTCUSDT,random_search,605142,11,10,2025-02-25T12:00:00.000+0000,2025-03-14T22:00:00.000+0000,long,419,-0.04080515,0.00143021,0.00050000,signal_close
volatility_breakout,BTCUSDT,random_search,605142,12,1,2025-03-26T14:00:00.000+0000,2025-04-07T08:00:00.000+0000,short,283,0.12661184,-0.00122732,0.00050000,signal_close
volatility_breakout,BTCUSDT,random_search,605142,12,2,2025-04-13T18:00:00.000+0000,2025-06-12T22:00:00.000+0000,short,1445,-0.22793383,-0.00581055,0.00050000,signal_close
volatility_breakout,BTCUSDT,random_search,605142,13,1,2025-06-17T17:00:00.000+0000,2025-06-25T10:00:00.000+0000,short,186,-0.03491256,-0.00060199,0.00050000,signal_reverse
volatility_breakout,BTCUSDT,random_search,605142,13,2,2025-06-25T11:00:00.000+0000,2025-07-01T14:00:00.000+0000,long,148,-0.01241375,0.00052212,0.00100000,signal_reverse
volatility_breakout,BTCUSDT,random_search,605142,13,3,2025-07-01T15:00:00.000+0000,2025-07-02T16:00:00.000+0000,short,26,-0.03359567,-0.00010449,0.00100000,signal_reverse
volatility_breakout,BTCUSDT,random_search,605142,13,4,2025-07-02T17:00:00.000+0000,2025-07-15T14:00:00.000+0000,long,310,0.05737677,0.00226787,0.00100000,signal_reverse
volatility_breakout,BTCUSDT,random_search,605142,13,5,2025-07-15T15:00:00.000+0000,2025-08-07T10:00:00.000+0000,short,548,-0.00050027,-0.00588772,0.00100000,signal_reverse
volatility_breakout,BTCUSDT,random_search,605142,13,6,2025-08-07T11:00:00.000+0000,2025-08-18T01:00:00.000+0000,long,255,-0.00278990,0.00242342,0.00100000,signal_reverse
volatility_breakout,BTCUSDT,random_search,605142,13,7,2025-08-18T02:00:00.000+0000,2025-09-02T13:00:00.000+0000,short,372,0.04385848,-0.00294476,0.00100000,signal_reverse
volatility_breakout,BTCUSDT,random_search,605142,13,8,2025-09-02T14:00:00.000+0000,2025-09-10T22:00:00.000+0000,long,201,0.02275936,0.00146776,0.00100000,signal_close
volatility_breakout,BTCUSDT,random_search,605142,14,1,2025-10-20T04:00:00.000+0000,2025-10-20T07:00:00.000+0000,long,4,0.00879581,0.00000000,0.00050000,signal_close
volatility_breakout,BTCUSDT,random_search,605142,14,2,2025-10-21T15:00:00.000+0000,2025-10-21T16:00:00.000+0000,long,2,0.00299504,-0.00002506,0.00050000,signal_close
volatility_breakout,BTCUSDT,random_search,605142,14,3,2025-11-24T18:00:00.000+0000,2025-11-24T19:00:00.000+0000,long,2,-0.00091239,0.00000000,0.00050000,signal_close
volatility_breakout,BTCUSDT,random_search,605142,14,4,2025-11-24T21:00:00.000+0000,2025-11-24T21:00:00.000+0000,long,1,-0.00392962,0.00000000,0.00050000,signal_close
volatility_breakout,BTCUSDT,random_search,605142,14,5,2025-11-26T18:00:00.000+0000,2025-11-26T19:00:00.000+0000,long,2,0.00096474,0.00000000,0.00050000,signal_close
volatility_breakout,BTCUSDT,random_search,605142,14,6,2025-11-27T02:00:00.000+0000,2025-11-27T03:00:00.000+0000,long,2,-0.00099011,0.00000000,0.00050000,signal_close
volatility_breakout,BTCUSDT,random_search,605142,14,7,2025-12-03T03:00:00.000+0000,2025-12-03T03:00:00.000+0000,long,1,-0.00260058,0.00000000,0.00050000,signal_close
volatility_breakout,BTCUSDT,random_search,605142,14,8,2025-12-07T18:00:00.000+0000,2025-12-07T19:00:00.000+0000,long,2,0.00472922,0.00000000,0.00050000,signal_close
volatility_breakout,BTCUSDT,random_search,605142,14,9,2025-12-09T16:00:00.000+0000,2025-12-09T17:00:00.000+0000,long,2,0.01251999,0.00005443,0.00050000,signal_close
volatility_breakout,BTCUSDT,random_search,671194,0,1,2022-05-04T19:00:00.000+0000,2022-05-04T20:00:00.000+0000,long,2,0.00442892,0.00000000,0.00050000,signal_close
volatility_breakout,BTCUSDT,random_search,671194,1,1,2022-07-18T07:00:00.000+0000,2022-07-18T23:00:00.000+0000,long,17,0.01090956,0.00020000,0.00050000,signal_close
volatility_breakout,BTCUSDT,random_search,671194,1,2,2022-07-24T01:00:00.000+0000,2022-07-24T05:00:00.000+0000,long,5,0.00854527,0.00000000,0.00050000,signal_close
volatility_breakout,BTCUSDT,random_search,671194,1,3,2022-07-24T07:00:00.000+0000,2022-07-28T15:00:00.000+0000,long,105,0.04779091,0.00086019,0.00050000,signal_close
volatility_breakout,BTCUSDT,random_search,671194,1,4,2022-07-28T17:00:00.000+0000,2022-07-28T17:00:00.000+0000,long,1,0.00909916,0.00000000,0.00050000,signal_close
volatility_breakout,BTCUSDT,random_search,671194,1,5,2022-07-29T02:00:00.000+0000,2022-07-29T11:00:00.000+0000,long,10,-0.00585653,0.00010000,0.00050000,signal_close
volatility_breakout,BTCUSDT,random_search,671194,1,6,2022-07-29T23:00:00.000+0000,2022-07-30T19:00:00.000+0000,long,21,-0.00116398,0.00030000,0.00050000,signal_close
volatility_breakout,BTCUSDT,random_search,671194,1,7,2022-07-31T19:00:00.000+0000,2022-08-26T15:00:00.000+0000,long,621,-0.12706890,0.00215216,0.00050000,signal_reverse
volatility_breakout,BTCUSDT,random_search,671194,1,8,2022-08-26T16:00:00.000+0000,2022-09-09T04:00:00.000+0000,short,325,0.01499379,-0.00010212,0.00100000,signal_reverse
volatility_breakout,BTCUSDT,random_search,671194,1,9,2022-09-09T05:00:00.000+0000,2022-09-13T12:00:00.000+0000,long,104,0.05079245,0.00121802,0.00100000,signal_reverse
volatility_breakout,BTCUSDT,random_search,671194,1,10,2022-09-13T13:00:00.000+0000,2022-09-13T18:00:00.000+0000,short,6,0.05425418,-0.00010000,0.00100000,signal_close
volatility_breakout,BTCUSDT,random_search,671194,1,11,2022-09-16T03:00:00.000+0000,2022-09-21T17:00:00.000+0000,short,135,-0.00811834,-0.00053583,0.00050000,signal_close
volatility_breakout,BTCUSDT,random_search,671194,1,12,2022-09-23T20:00:00.000+0000,2022-09-23T21:00:00.000+0000,short,2,-0.01120518,0.00000000,0.00050000,signal_close
volatility_breakout,BTCUSDT,random_search,671194,1,13,2022-09-24T18:00:00.000+0000,2022-09-26T22:00:00.000+0000,short,53,-0.00392823,-0.00014778,0.00050000,signal_close
volatility_breakout,BTCUSDT,random_search,671194,2,1,2022-11-08T05:00:00.000+0000,2022-11-08T12:00:00.000+0000,short,8,-0.00494264,0.00000788,0.00050000,signal_close
volatility_breakout,BTCUSDT,random_search,671194,2,2,2022-11-08T14:00:00.000+0000,2022-11-08T14:00:00.000+0000,short,1,0.00677477,-0.00000000,0.00050000,signal_close
volatility_breakout,BTCUSDT,random_search,671194,2,3,2022-11-08T17:00:00.000+0000,2022-11-10T20:00:00.000+0000,short,52,0.10512277,0.00294513,0.00050000,signal_reverse
volatility_breakout,BTCUSDT,random_search,671194,2,4,2022-11-10T21:00:00.000+0000,2022-11-18T06:00:00.000+0000,long,178,-0.07135355,-0.00100153,0.00100000,signal_close
volatility_breakout,BTCUSDT,random_search,671194,3,1,2023-02-09T04:00:00.000+0000,2023-02-09T04:00:00.000+0000,short,1,-0.00282325,-0.00000000,0.00050000,signal_close
volatility_breakout,BTCUSDT,random_search,671194,3,2,2023-02-09T20:00:00.000+0000,2023-02-09T20:00:00.000+0000,short,1,0.00121605,-0.00000000,0.00050000,signal_close
volatility_breakout,BTCUSDT,random_search,671194,3,3,2023-03-09T19:00:00.000+0000,2023-03-09T21:00:00.000+0000,short,3,0.03750833,0.00000000,0.00050000,signal_close
volatility_breakout,BTCUSDT,random_search,671194,4,1,2023-03-29T07:00:00.000+0000,2023-04-01T18:00:00.000+0000,long,84,0.01133190,0.00073332,0.00050000,signal_close
volatility_breakout,BTCUSDT,random_search,671194,4,2,2023-04-26T20:00:00.000+0000,2023-04-30T20:00:00.000+0000,long,97,0.05081888,0.00063353,0.00050000,signal_close
volatility_breakout,BTCUSDT,random_search,671194,4,3,2023-06-08T15:00:00.000+0000,2023-06-09T15:00:00.000+0000,long,25,-0.00702704,0.00018515,0.00050000,signal_close
volatility_breakout,BTCUSDT,random_search,671194,4,4,2023-06-23T16:00:00.000+0000,2023-06-23T22:00:00.000+0000,long,7,-0.01992696,0.00010000,0.00050000,signal_close
volatility_breakout,BTCUSDT,random_search,671194,5,1,2023-07-28T15:00:00.000+0000,2023-07-28T15:00:00.000+0000,long,1,-0.00377729,0.00000000,0.00050000,signal_close
volatility_breakout,BTCUSDT,random_search,671194,5,2,2023-08-02T00:00:00.000+0000,2023-08-02T02:00:00.000+0000,long,3,0.00272605,0.00010000,0.00050000,signal_close
volatility_breakout,BTCUSDT,random_search,671194,5,3,2023-08-08T12:00:00.000+0000,2023-08-08T13:00:00.000+0000,long,2,-0.00321979,0.00000000,0.00050000,signal_close
volatility_breakout,BTCUSDT,random_search,671194,5,4,2023-08-08T17:00:00.000+0000,2023-08-08T21:00:00.000+0000,long,5,0.00341107,0.00000000,0.00050000,signal_close
volatility_breakout,BTCUSDT,random_search,671194,5,5,2023-08-23T17:00:00.000+0000,2023-08-23T18:00:00.000+0000,long,2,0.00209841,0.00000000,0.00050000,signal_close
volatility_breakout,BTCUSDT,random_search,671194,5,6,2023-08-29T15:00:00.000+0000,2023-08-29T15:00:00.000+0000,long,1,-0.00317057,0.00000000,0.00050000,signal_close
volatility_breakout,BTCUSDT,random_search,671194,5,7,2023-08-29T17:00:00.000+0000,2023-08-29T17:00:00.000+0000,long,1,-0.00436947,0.00000000,0.00050000,signal_close
volatility_breakout,BTCUSDT,random_search,671194,5,8,2023-09-07T22:00:00.000+0000,2023-09-07T23:00:00.000+0000,long,2,0.00300039,0.00000000,0.00050000,signal_close
volatility_breakout,BTCUSDT,random_search,671194,5,9,2023-09-12T11:00:00.000+0000,2023-09-12T11:00:00.000+0000,long,1,-0.00287482,0.00000000,0.00050000,signal_close
volatility_breakout,BTCUSDT,random_search,671194,5,10,2023-09-14T01:00:00.000+0000,2023-09-14T01:00:00.000+0000,long,1,-0.01376097,0.00000000,0.00050000,signal_close
volatility_breakout,BTCUSDT,random_search,671194,5,11,2023-09-15T23:00:00.000+0000,2023-09-15T23:00:00.000+0000,long,1,-0.00696759,0.00000000,0.00050000,signal_close
volatility_breakout,BTCUSDT,random_search,671194,6,1,2023-10-23T23:00:00.000+0000,2023-10-28T04:00:00.000+0000,short,102,-0.02280827,-0.00130000,0.00050000,signal_close
volatility_breakout,BTCUSDT,random_search,671194,6,2,2023-11-09T17:00:00.000+0000,2023-11-13T00:00:00.000+0000,short,80,-0.01978713,-0.00171542,0.00050000,signal_close
volatility_breakout,BTCUSDT,random_search,671194,6,3,2023-11-13T02:00:00.000+0000,2023-11-13T02:00:00.000+0000,short,1,0.00077910,-0.00000000,0.00050000,signal_close
volatility_breakout,BTCUSDT,random_search,671194,6,4,2023-11-16T16:00:00.000+0000,2023-11-18T18:00:00.000+0000,short,51,-0.00814915,-0.00072014,0.00050000,signal_close
volatility_breakout,BTCUSDT,random_search,671194,6,5,2023-12-12T18:00:00.000+0000,2023-12-16T00:00:00.000+0000,short,79,-0.02941558,-0.00104672,0.00050000,signal_close
volatility_breakout,BTCUSDT,random_search,671194,6,6,2023-12-20T17:00:00.000+0000,2023-12-20T22:00:00.000+0000,short,6,0.00135029,0.00000000,0.00050000,signal_close
volatility_breakout,BTCUSDT,random_search,671194,7,1,2024-01-01T20:00:00.000+0000,2024-01-12T16:00:00.000+0000,long,261,0.00463472,0.00473037,0.00050000,signal_reverse
volatility_breakout,BTCUSDT,random_search,671194,7,2,2024-01-12T17:00:00.000+0000,2024-01-26T16:00:00.000+0000,short,336,0.03949360,-0.00420000,0.00100000,signal_reverse
volatility_breakout,BTCUSDT,random_search,671194,7,3,2024-01-26T17:00:00.000+0000,2024-03-19T22:00:00.000+0000,long,1278,0.38525134,0.03776828,0.00100000,signal_close
volatility_breakout,BTCUSDT,random_search,671194,8,1,2024-03-25T14:00:00.000+0000,2024-04-01T15:00:00.000+0000,long,170,-0.00170423,0.00657673,0.00050000,signal_reverse
volatility_breakout,BTCUSDT,random_search,671194,8,2,2024-04-01T16:00:00.000+0000,2024-04-07T16:00:00.000+0000,short,145,-0.02736078,-0.00214851,0.00100000,signal_reverse
volatility_breakout,BTCUSDT,random_search,671194,8,3,2024-04-07T17:00:00.000+0000,2024-04-12T18:00:00.000+0000,long,122,-0.05420125,0.00253151,0.00100000,signal_reverse
volatility_breakout,BTCUSDT,random_search,671194,8,4,2024-04-12T19:00:00.000+0000,2024-04-22T05:00:00.000+0000,short,227,-0.00430904,-0.00163430,0.00100000,signal_reverse
volatility_breakout,BTCUSDT,random_search,671194,8,5,2024-04-22T06:00:00.000+0000,2024-04-25T10:00:00.000+0000,long,77,-0.04547429,0.00031167,0.00100000,signal_reverse
volatility_breakout,BTCUSDT,random_search,671194,8,6,2024-04-25T11:00:00.000+0000,2024-05-04T10:00:00.000+0000,short,216,-0.01955284,-0.00129309,0.00100000,signal_reverse
volatility_breakout,BTCUSDT,random_search,671194,8,7,2024-05-04T11:00:00.000+0000,2024-05-07T23:00:00.000+0000,long,85,-0.03357459,0.00041701,0.00100000,signal_reverse
volatility_breakout,BTCUSDT,random_search,671194,8,8,2024-05-08T00:00:00.000+0000,2024-05-15T12:00:00.000+0000,short,181,-0.02424132,-0.00145211,0.00100000,signal_reverse
volatility_breakout,BTCUSDT,random_search,671194,8,9,2024-05-15T13:00:00.000+0000,2024-06-11T02:00:00.000+0000,long,638,0.06550310,0.00724226,0.00100000,signal_reverse
volatility_breakout,BTCUSDT,random_search,671194,8,10,2024-06-11T03:00:00.000+0000,2024-06-17T22:00:00.000+0000,short,164,0.02392007,-0.00200000,0.00100000,signal_close
volatility_breakout,BTCUSDT,random_search,671194,9,1,2024-07-04T02:00:00.000+0000,2024-07-04T02:00:00.000+0000,short,1,-0.00719209,-0.00000000,0.00050000,signal_close
volatility_breakout,BTCUSDT,random_search,671194,9,2,2024-07-05T03:00:00.000+0000,2024-07-05T05:00:00.000+0000,short,3,0.01686515,0.00000000,0.00050000,signal_close
volatility_breakout,BTCUSDT,random_search,671194,9,3,2024-07-08T00:00:00.000+0000,2024-07-08T02:00:00.000+0000,short,3,0.00788145,-0.00007905,0.00050000,signal_close
volatility_breakout,BTCUSDT,random_search,671194,9,4,2024-07-10T05:00:00.000+0000,2024-07-10T05:00:00.000+0000,long,1,-0.00677740,0.00000000,0.00050000,signal_close
volatility_breakout,BTCUSDT,random_search,671194,9,5,2024-07-13T23:00:00.000+0000,2024-07-13T23:00:00.000+0000,long,1,-0.00513754,0.00000000,0.00050000,signal_close
volatility_breakout,BTCUSDT,random_search,671194,9,6,2024-07-14T06:00:00.000+0000,2024-07-14T06:00:00.000+0000,long,1,-0.00683556,0.00000000,0.00050000,signal_close
volatility_breakout,BTCUSDT,random_search,671194,9,7,2024-07-14T22:00:00.000+0000,2024-07-14T22:00:00.000+0000,long,1,-0.00749476,0.00000000,0.00050000,signal_close
volatility_breakout,BTCUSDT,random_search,671194,9,8,2024-07-15T03:00:00.000+0000,2024-07-15T04:00:00.000+0000,long,2,0.00147772,0.00000000,0.00050000,signal_close
volatility_breakout,BTCUSDT,random_search,671194,9,9,2024-07-15T23:00:00.000+0000,2024-07-15T23:00:00.000+0000,long,1,0.00527835,0.00000000,0.00050000,signal_close
volatility_breakout,BTCUSDT,random_search,671194,9,10,2024-07-18T16:00:00.000+0000,2024-07-18T16:00:00.000+0000,short,1,-0.00642463,-0.00003127,0.00050000,signal_close
volatility_breakout,BTCUSDT,random_search,671194,9,11,2024-07-19T15:00:00.000+0000,2024-07-19T15:00:00.000+0000,long,1,0.00088050,0.00000000,0.00050000,signal_close
volatility_breakout,BTCUSDT,random_search,671194,9,12,2024-07-19T17:00:00.000+0000,2024-07-19T18:00:00.000+0000,long,2,0.00510644,0.00000000,0.00050000,signal_close
volatility_breakout,BTCUSDT,random_search,671194,9,13,2024-07-19T20:00:00.000+0000,2024-07-19T20:00:00.000+0000,long,1,-0.00370976,0.00000000,0.00050000,signal_close
volatility_breakout,BTCUSDT,random_search,671194,9,14,2024-07-25T02:00:00.000+0000,2024-07-25T03:00:00.000+0000,short,2,0.00561929,0.00000000,0.00050000,signal_close
volatility_breakout,BTCUSDT,random_search,671194,9,15,2024-07-26T14:00:00.000+0000,2024-07-26T14:00:00.000+0000,long,1,-0.00893173,0.00000000,0.00050000,signal_close
volatility_breakout,BTCUSDT,random_search,671194,9,16,2024-07-27T14:00:00.000+0000,2024-07-27T14:00:00.000+0000,long,1,-0.00416298,0.00000000,0.00050000,signal_close
volatility_breakout,BTCUSDT,random_search,671194,9,17,2024-07-29T03:00:00.000+0000,2024-07-29T03:00:00.000+0000,long,1,-0.00343411,0.00000000,0.00050000,signal_close
volatility_breakout,BTCUSDT,random_search,671194,9,18,2024-07-31T21:00:00.000+0000,2024-07-31T21:00:00.000+0000,short,1,-0.00627137,-0.00000000,0.00050000,signal_close
volatility_breakout,BTCUSDT,random_search,671194,9,19,2024-08-01T02:00:00.000+0000,2024-08-01T03:00:00.000+0000,short,2,0.00355532,0.00000000,0.00050000,signal_close
volatility_breakout,BTCUSDT,random_search,671194,9,20,2024-08-01T16:00:00.000+0000,2024-08-01T16:00:00.000+0000,short,1,-0.00035866,-0.00010000,0.00050000,signal_close
volatility_breakout,BTCUSDT,random_search,671194,9,21,2024-08-04T15:00:00.000+0000,2024-08-04T18:00:00.000+0000,short,4,0.01334911,-0.00010000,0.00050000,signal_close
volatility_breakout,BTCUSDT,random_search,671194,9,22,2024-08-05T01:00:00.000+0000,2024-08-05T02:00:00.000+0000,short,2,0.02556946,0.00000000,0.00050000,signal_close
volatility_breakout,BTCUSDT,random_search,671194,9,23,2024-08-05T07:00:00.000+0000,2024-08-05T07:00:00.000+0000,short,1,-0.02151548,-0.00000000,0.00050000,signal_close
volatility_breakout,BTCUSDT,random_search,671194,9,24,2024-08-08T13:00:00.000+0000,2024-08-08T13:00:00.000+0000,long,1,-0.01165322,0.00000000,0.00050000,signal_close
volatility_breakout,BTCUSDT,random_search,671194,9,25,2024-08-08T15:00:00.000+0000,2024-08-08T17:00:00.000+0000,long,3,0.00897389,0.00001147,0.00050000,signal_close
volatility_breakout,BTCUSDT,random_search,671194,9,26,2024-08-08T22:00:00.000+0000,2024-08-08T23:00:00.000+0000,long,2,0.00795105,0.00000000,0.00050000,signal_close
volatility_breakout,BTCUSDT,random_search,671194,9,27,2024-08-11T20:00:00.000+0000,2024-08-11T21:00:00.000+0000,short,2,0.00977396,0.00000000,0.00050000,signal_close
volatility_breakout,BTCUSDT,random_search,671194,9,28,2024-08-13T17:00:00.000+0000,2024-08-13T17:00:00.000+0000,long,1,-0.00028567,0.00000000,0.00050000,signal_close
volatility_breakout,BTCUSDT,random_search,671194,9,29,2024-08-15T02:00:00.000+0000,2024-08-15T02:00:00.000+0000,short,1,-0.00428356,-0.00000000,0.00050000,signal_close
volatility_breakout,BTCUSDT,random_search,671194,9,30,2024-08-15T20:00:00.000+0000,2024-08-15T20:00:00.000+0000,short,1,0.00594884,-0.00000000,0.00050000,signal_close
volatility_breakout,BTCUSDT,random_search,671194,9,31,2024-08-18T03:00:00.000+0000,2024-08-18T03:00:00.000+0000,long,1,-0.01373375,0.00000000,0.00050000,signal_close
volatility_breakout,BTCUSDT,random_search,671194,9,32,2024-08-19T00:00:00.000+0000,2024-08-19T01:00:00.000+0000,short,2,-0.00285002,0.00003616,0.00050000,signal_close
volatility_breakout,BTCUSDT,random_search,671194,9,33,2024-08-19T10:00:00.000+0000,2024-08-19T10:00:00.000+0000,short,1,-0.00116923,-0.00000000,0.00050000,signal_close
volatility_breakout,BTCUSDT,random_search,671194,9,34,2024-08-20T01:00:00.000+0000,2024-08-20T01:00:00.000+0000,long,1,-0.00114842,0.00000000,0.00050000,signal_close
volatility_breakout,BTCUSDT,random_search,671194,9,35,2024-08-21T20:00:00.000+0000,2024-08-21T20:00:00.000+0000,long,1,-0.00592266,0.00000000,0.00050000,signal_close
volatility_breakout,BTCUSDT,random_search,671194,9,36,2024-08-23T18:00:00.000+0000,2024-08-23T20:00:00.000+0000,long,3,0.00924595,0.00000000,0.00050000,signal_close
volatility_breakout,BTCUSDT,random_search,671194,9,37,2024-08-23T22:00:00.000+0000,2024-08-23T22:00:00.000+0000,long,1,-0.00487140,0.00000000,0.00050000,signal_close
volatility_breakout,BTCUSDT,random_search,671194,9,38,2024-09-06T15:00:00.000+0000,2024-09-06T16:00:00.000+0000,short,2,0.01155510,-0.00001428,0.00050000,signal_close
volatility_breakout,BTCUSDT,random_search,671194,9,39,2024-09-06T19:00:00.000+0000,2024-09-06T19:00:00.000+0000,short,1,-0.00391626,-0.00000000,0.00050000,signal_close
volatility_breakout,BTCUSDT,random_search,671194,9,40,2024-09-06T21:00:00.000+0000,2024-09-06T21:00:00.000+0000,short,1,-0.01697468,-0.00000000,0.00050000,signal_close
volatility_breakout,BTCUSDT,random_search,671194,9,41,2024-09-09T14:00:00.000+0000,2024-09-09T14:00:00.000+0000,long,1,-0.01570515,0.00000000,0.00050000,signal_close
volatility_breakout,BTCUSDT,random_search,671194,9,42,2024-09-09T17:00:00.000+0000,2024-09-09T17:00:00.000+0000,long,1,0.00107471,0.00000000,0.00050000,signal_close
volatility_breakout,BTCUSDT,random_search,671194,9,43,2024-09-09T20:00:00.000+0000,2024-09-09T20:00:00.000+0000,long,1,-0.00196512,0.00000000,0.00050000,signal_close
volatility_breakout,BTCUSDT,random_search,671194,9,44,2024-09-09T22:00:00.000+0000,2024-09-09T22:00:00.000+0000,long,1,-0.00461668,0.00000000,0.00050000,signal_close
volatility_breakout,BTCUSDT,random_search,671194,9,45,2024-09-13T16:00:00.000+0000,2024-09-13T16:00:00.000+0000,long,1,-0.00388697,-0.00002443,0.00050000,signal_close
volatility_breakout,BTCUSDT,random_search,671194,9,46,2024-09-13T22:00:00.000+0000,2024-09-13T23:00:00.000+0000,long,2,0.00313519,0.00000000,0.00050000,signal_close
volatility_breakout,BTCUSDT,random_search,671194,10,1,2024-10-02T21:00:00.000+0000,2024-10-06T09:00:00.000+0000,short,85,-0.01941522,-0.00026789,0.00050000,signal_close
volatility_breakout,BTCUSDT,random_search,671194,10,2,2024-10-09T22:00:00.000+0000,2024-10-11T17:00:00.000+0000,short,44,-0.03328292,-0.00014099,0.00050000,signal_reverse
volatility_breakout,BTCUSDT,random_search,671194,10,3,2024-10-11T18:00:00.000+0000,2024-10-11T18:00:00.000+0000,long,1,-0.00084892,0.00000000,0.00100000,signal_close
volatility_breakout,BTCUSDT,random_search,671194,10,4,2024-10-15T14:00:00.000+0000,2024-10-19T14:00:00.000+0000,long,97,0.00887618,0.00116825,0.00050000,signal_close
volatility_breakout,BTCUSDT,random_search,671194,10,5,2024-11-01T16:00:00.000+0000,2024-11-05T15:00:00.000+0000,short,96,-0.00349658,-0.00120000,0.00050000,signal_close
volatility_breakout,BTCUSDT,random_search,671194,10,6,2024-11-05T21:00:00.000+0000,2024-11-06T00:00:00.000+0000,short,4,-0.02411997,-0.00010000,0.00050000,signal_reverse
volatility_breakout,BTCUSDT,random_search,671194,10,7,2024-11-06T01:00:00.000+0000,2024-11-10T02:00:00.000+0000,long,98,0.07979150,0.00120000,0.00100000,signal_close
volatility_breakout,BTCUSDT,random_search,671194,10,8,2024-11-10T05:00:00.000+0000,2024-11-10T07:00:00.000+0000,long,3,-0.00574999,0.00000000,0.00050000,signal_close
volatility_breakout,BTCUSDT,random_search,671194,10,9,2024-11-10T09:00:00.000+0000,2024-11-10T11:00:00.000+0000,long,3,0.00902726,0.00000000,0.00050000,signal_close
volatility_breakout,BTCUSDT,random_search,671194,10,10,2024-11-10T21:00:00.000+0000,2024-11-23T13:00:00.000+0000,long,305,0.22144172,0.00611558,0.00050000,signal_close
volatility_breakout,BTCUSDT,random_search,671194,10,11,2024-11-26T00:00:00.000+0000,2024-11-30T10:00:00.000+0000,short,107,-0.03247405,-0.00243818,0.00050000,signal_close
volatility_breakout,BTCUSDT,random_search,671194,10,12,2024-11-30T14:00:00.000+0000,2024-11-30T14:00:00.000+0000,short,1,-0.00105047,-0.00000000,0.00050000,signal_close
volatility_breakout,BTCUSDT,random_search,671194,10,13,2024-12-03T15:00:00.000+0000,2024-12-04T19:00:00.000+0000,short,29,-0.02052698,-0.00088074,0.00050000,signal_reverse
volatility_breakout,BTCUSDT,random_search,671194,10,14,2024-12-04T20:00:00.000+0000,2024-12-09T20:00:00.000+0000,long,121,-0.01174893,0.00353897,0.00100000,signal_reverse
volatility_breakout,BTCUSDT,random_search,671194,10,15,2024-12-09T21:00:00.000+0000,2024-12-14T22:00:00.000+0000,short,122,-0.04999929,-0.00146750,0.00100000,signal_close
volatility_breakout,BTCUSDT,random_search,671194,11,1,2024-12-31T14:00:00.000+0000,2024-12-31T15:00:00.000+0000,long,2,-0.00236063,0.00000000,0.00050000,signal_close
volatility_breakout,BTCUSDT,random_search,671194,11,2,2024-12-31T18:00:00.000+0000,2025-01-03T21:00:00.000+0000,long,76,0.04219872,0.00085242,0.00050000,signal_close
volatility_breakout,BTCUSDT,random_search,671194,11,3,2025-01-09T08:00:00.000+0000,2025-01-14T17:00:00.000+0000,long,130,0.03540422,0.00090115,0.00050000,signal_close
volatility_breakout,BTCUSDT,random_search,671194,11,4,2025-01-15T14:00:00.000+0000,2025-01-31T12:00:00.000+0000,long,383,0.06055272,0.00381045,0.00050000,signal_close
volatility_breakout,BTCUSDT,random_search,671194,11,5,2025-02-02T22:00:00.000+0000,2025-02-08T21:00:00.000+0000,long,144,-0.00310350,0.00069669,0.00050000,signal_close
volatility_breakout,BTCUSDT,random_search,671194,11,6,2025-02-10T04:00:00.000+0000,2025-02-10T05:00:00.000+0000,long,2,0.00166386,0.00000000,0.00050000,signal_close
volatility_breakout,BTCUSDT,random_search,671194,11,7,2025-02-10T15:00:00.000+0000,2025-02-10T15:00:00.000+0000,long,1,-0.00097411,0.00000000,0.00050000,signal_close
volatility_breakout,BTCUSDT,random_search,671194,11,8,2025-02-13T21:00:00.000+0000,2025-02-13T21:00:00.000+0000,long,1,0.00168458,0.00000000,0.00050000,signal_close
volatility_breakout,BTCUSDT,random_search,671194,11,9,2025-02-25T12:00:00.000+0000,2025-03-14T22:00:00.000+0000,long,419,-0.04080515,0.00143021,0.00050000,signal_close
volatility_breakout,BTCUSDT,random_search,671194,12,1,2025-04-07T05:00:00.000+0000,2025-04-07T08:00:00.000+0000,short,4,0.00867393,-0.00006857,0.00050000,signal_close
volatility_breakout,BTCUSDT,random_search,671194,12,2,2025-04-13T18:00:00.000+0000,2025-06-12T22:00:00.000+0000,short,1445,-0.22793383,-0.00581055,0.00050000,signal_close
volatility_breakout,BTCUSDT,random_search,671194,13,1,2025-07-02T17:00:00.000+0000,2025-07-02T17:00:00.000+0000,long,1,-0.00309950,0.00000000,0.00050000,signal_close
volatility_breakout,BTCUSDT,random_search,671194,13,2,2025-07-09T20:00:00.000+0000,2025-07-09T20:00:00.000+0000,long,1,-0.00983594,0.00000000,0.00050000,signal_close
volatility_breakout,BTCUSDT,random_search,671194,13,3,2025-07-10T17:00:00.000+0000,2025-07-10T18:00:00.000+0000,long,2,0.00649644,0.00000000,0.00050000,signal_close
volatility_breakout,BTCUSDT,random_search,671194,13,4,2025-07-10T22:00:00.000+0000,2025-07-10T22:00:00.000+0000,long,1,-0.00458554,0.00000000,0.00050000,signal_close
volatility_breakout,BTCUSDT,random_search,671194,13,5,2025-07-14T04:00:00.000+0000,2025-07-14T04:00:00.000+0000,long,1,0.00477444,0.00000000,0.00050000,signal_close
volatility_breakout,BTCUSDT,random_search,671194,13,6,2025-07-14T06:00:00.000+0000,2025-07-14T06:00:00.000+0000,long,1,-0.00314032,0.00000000,0.00050000,signal_close
volatility_breakout,BTCUSDT,random_search,671194,13,7,2025-08-07T11:00:00.000+0000,2025-08-07T12:00:00.000+0000,long,2,-0.00022034,0.00000000,0.00050000,signal_close
volatility_breakout,BTCUSDT,random_search,671194,13,8,2025-08-07T20:00:00.000+0000,2025-08-07T20:00:00.000+0000,long,1,-0.00294533,0.00000000,0.00050000,signal_close
volatility_breakout,BTCUSDT,random_search,671194,13,9,2025-08-10T04:00:00.000+0000,2025-08-10T04:00:00.000+0000,long,1,-0.00066543,0.00000000,0.00050000,signal_close
volatility_breakout,BTCUSDT,random_search,671194,13,10,2025-08-11T02:00:00.000+0000,2025-08-11T03:00:00.000+0000,long,2,0.01326190,0.00000000,0.00050000,signal_close
volatility_breakout,BTCUSDT,random_search,671194,14,1,2025-09-22T01:00:00.000+0000,2025-09-22T01:00:00.000+0000,short,1,0.00058365,-0.00000000,0.00050000,signal_close
volatility_breakout,BTCUSDT,random_search,671194,14,2,2025-09-22T06:00:00.000+0000,2025-09-22T07:00:00.000+0000,short,2,0.00973422,0.00000000,0.00050000,signal_close
volatility_breakout,BTCUSDT,random_search,671194,14,3,2025-09-25T18:00:00.000+0000,2025-09-25T18:00:00.000+0000,short,1,-0.00890580,-0.00000000,0.00050000,signal_close
volatility_breakout,BTCUSDT,random_search,671194,14,4,2025-10-10T21:00:00.000+0000,2025-10-10T21:00:00.000+0000,short,1,0.00779069,-0.00000000,0.00050000,signal_close
volatility_breakout,BTCUSDT,random_search,671194,14,5,2025-10-17T08:00:00.000+0000,2025-10-17T09:00:00.000+0000,short,2,0.00984902,0.00000634,0.00050000,signal_close
volatility_breakout,BTCUSDT,random_search,671194,14,6,2025-10-29T16:00:00.000+0000,2025-10-29T17:00:00.000+0000,short,2,-0.00369183,-0.00005003,0.00050000,signal_close
volatility_breakout,BTCUSDT,random_search,671194,14,7,2025-11-03T04:00:00.000+0000,2025-11-03T05:00:00.000+0000,short,2,0.00255241,0.00000000,0.00050000,signal_close
volatility_breakout,BTCUSDT,random_search,671194,14,8,2025-11-03T16:00:00.000+0000,2025-11-03T16:00:00.000+0000,short,1,-0.00919917,-0.00005329,0.00050000,signal_close
volatility_breakout,BTCUSDT,random_search,671194,14,9,2025-11-04T06:00:00.000+0000,2025-11-04T06:00:00.000+0000,short,1,-0.00566588,-0.00000000,0.00050000,signal_close
volatility_breakout,BTCUSDT,random_search,671194,14,10,2025-11-13T19:00:00.000+0000,2025-11-13T19:00:00.000+0000,short,1,-0.00155034,-0.00000000,0.00050000,signal_close
volatility_breakout,BTCUSDT,random_search,671194,14,11,2025-11-21T08:00:00.000+0000,2025-11-21T08:00:00.000+0000,short,1,0.00427224,-0.00004524,0.00050000,signal_close
volatility_breakout,BTCUSDT,random_search,671194,14,12,2025-12-01T01:00:00.000+0000,2025-12-01T01:00:00.000+0000,short,1,-0.00237880,-0.00000000,0.00050000,signal_close
volatility_breakout,BTCUSDT,random_search,671194,14,13,2025-12-05T17:00:00.000+0000,2025-12-05T17:00:00.000+0000,short,1,-0.00637781,-0.00000000,0.00050000,signal_close
volatility_breakout,BTCUSDT,random_search,683778,0,1,2022-04-11T10:00:00.000+0000,2022-05-10T00:00:00.000+0000,short,687,0.28565773,-0.00135877,0.00050000,signal_close
volatility_breakout,BTCUSDT,random_search,683778,0,2,2022-05-18T01:00:00.000+0000,2022-05-18T01:00:00.000+0000,short,1,0.01180871,-0.00000000,0.00050000,signal_close
volatility_breakout,BTCUSDT,random_search,683778,0,3,2022-05-18T22:00:00.000+0000,2022-05-19T02:00:00.000+0000,short,5,0.00053814,0.00000341,0.00050000,signal_close
volatility_breakout,BTCUSDT,random_search,683778,0,4,2022-05-19T04:00:00.000+0000,2022-05-19T06:00:00.000+0000,short,3,-0.00488010,0.00000000,0.00050000,signal_close
volatility_breakout,BTCUSDT,random_search,683778,0,5,2022-05-19T10:00:00.000+0000,2022-05-19T14:00:00.000+0000,short,5,-0.02979168,0.00000000,0.00050000,signal_close
volatility_breakout,BTCUSDT,random_search,683778,0,6,2022-05-19T21:00:00.000+0000,2022-05-30T21:00:00.000+0000,short,265,-0.05204034,-0.00220020,0.00050000,signal_reverse
volatility_breakout,BTCUSDT,random_search,683778,0,7,2022-05-30T22:00:00.000+0000,2022-06-08T13:00:00.000+0000,long,208,-0.03107728,0.00129286,0.00100000,signal_close
volatility_breakout,BTCUSDT,random_search,683778,0,8,2022-06-10T02:00:00.000+0000,2022-06-10T12:00:00.000+0000,long,11,-0.00847193,0.00009289,0.00050000,signal_close
volatility_breakout,BTCUSDT,random_search,683778,0,9,2022-06-11T01:00:00.000+0000,2022-06-12T02:00:00.000+0000,long,26,-0.06379816,0.00016985,0.00050000,signal_reverse
volatility_breakout,BTCUSDT,random_search,683778,0,10,2022-06-12T03:00:00.000+0000,2022-06-13T14:00:00.000+0000,short,36,0.18108485,-0.00003436,0.00100000,signal_close
volatility_breakout,BTCUSDT,random_search,683778,0,11,2022-06-25T14:00:00.000+0000,2022-06-28T22:00:00.000+0000,short,81,0.04002381,-0.00042360,0.00050000,signal_close
volatility_breakout,BTCUSDT,random_search,683778,1,1,2022-08-26T16:00:00.000+0000,2022-09-13T18:00:00.000+0000,short,435,0.01895552,-0.00142014,0.00050000,signal_close
volatility_breakout,BTCUSDT,random_search,683778,1,2,2022-09-16T03:00:00.000+0000,2022-09-21T17:00:00.000+0000,short,135,-0.00811834,-0.00053583,0.00050000,signal_close
volatility_breakout,BTCUSDT,random_search,683778,1,3,2022-09-23T20:00:00.000+0000,2022-09-23T21:00:00.000+0000,short,2,-0.01120518,0.00000000,0.00050000,signal_close
volatility_breakout,BTCUSDT,random_search,683778,1,4,2022-09-24T18:00:00.000+0000,2022-09-26T22:00:00.000+0000,short,53,-0.00392823,-0.00014778,0.00050000,signal_close
volatility_breakout,BTCUSDT,random_search,683778,2,1,2022-10-03T15:00:00.000+0000,2022-10-03T15:00:00.000+0000,long,1,-0.00445224,0.00000000,0.00050000,signal_close
volatility_breakout,BTCUSDT,random_search,683778,2,2,2022-10-04T07:00:00.000+0000,2022-10-04T08:00:00.000+0000,long,2,0.00183463,0.00010000,0.00050000,signal_close
volatility_breakout,BTCUSDT,random_search,683778,2,3,2022-10-10T09:00:00.000+0000,2022-10-10T09:00:00.000+0000,short,1,-0.00529502,-0.00000000,0.00050000,signal_close
volatility_breakout,BTCUSDT,random_search,683778,2,4,2022-10-13T13:00:00.000+0000,2022-10-13T15:00:00.000+0000,short,3,-0.03146888,0.00000000,0.00050000,signal_close
volatility_breakout,BTCUSDT,random_search,683778,2,5,2022-10-13T19:00:00.000+0000,2022-10-14T05:00:00.000+0000,long,11,0.01947428,0.00003235,0.00050000,signal_close
volatility_breakout,BTCUSDT,random_search,683778,2,6,2022-10-18T19:00:00.000+0000,2022-10-18T20:00:00.000+0000,short,2,-0.00810038,0.00000000,0.00050000,signal_close
volatility_breakout,BTCUSDT,random_search,683778,2,7,2022-10-20T01:00:00.000+0000,2022-10-20T01:00:00.000+0000,short,1,-0.00434425,-0.00000000,0.00050000,signal_close
volatility_breakout,BTCUSDT,random_search,683778,2,8,2022-10-25T14:00:00.000+0000,2022-10-25T20:00:00.000+0000,long,7,0.03559843,-0.00000166,0.00050000,signal_close
volatility_breakout,BTCUSDT,random_search,683778,2,9,2022-10-26T09:00:00.000+0000,2022-10-26T09:00:00.000+0000,long,1,-0.00401908,0.00000000,0.00050000,signal_close
volatility_breakout,BTCUSDT,random_search,683778,2,10,2022-10-28T08:00:00.000+0000,2022-10-28T08:00:00.000+0000,short,1,-0.00540233,-0.00003541,0.00050000,signal_close
volatility_breakout,BTCUSDT,random_search,683778,2,11,2022-10-29T09:00:00.000+0000,2022-10-29T10:00:00.000+0000,long,2,-0.00749718,0.00000000,0.00050000,signal_close
volatility_breakout,BTCUSDT,random_search,683778,2,12,2022-11-04T13:00:00.000+0000,2022-11-04T15:00:00.000+0000,long,3,0.00376611,0.00000000,0.00050000,signal_close
volatility_breakout,BTCUSDT,random_search,683778,2,13,2022-11-05T01:00:00.000+0000,2022-11-05T01:00:00.000+0000,long,1,-0.00398634,0.00000000,0.00050000,signal_close
volatility_breakout,BTCUSDT,random_search,683778,2,14,2022-11-07T08:00:00.000+0000,2022-11-07T08:00:00.000+0000,short,1,-0.00427336,-0.00010000,0.00050000,signal_close
volatility_breakout,BTCUSDT,random_search,683778,2,15,2022-11-07T23:00:00.000+0000,2022-11-07T23:00:00.000+0000,short,1,-0.00678362,-0.00000000,0.00050000,signal_close
volatility_breakout,BTCUSDT,random_search,683778,2,16,2022-11-08T04:00:00.000+0000,2022-11-08T05:00:00.000+0000,short,2,0.02174369,0.00000000,0.00050000,signal_close
volatility_breakout,BTCUSDT,random_search,683778,2,17,2022-11-08T19:00:00.000+0000,2022-11-08T21:00:00.000+0000,short,3,-0.00689875,0.00000000,0.00050000,signal_close
volatility_breakout,BTCUSDT,random_search,683778,2,18,2022-11-09T22:00:00.000+0000,2022-11-09T22:00:00.000+0000,short,1,-0.00979824,-0.00000000,0.00050000,signal_close
volatility_breakout,BTCUSDT,random_search,683778,2,19,2022-11-20T22:00:00.000+0000,2022-11-21T03:00:00.000+0000,short,6,0.01247975,-0.00007898,0.00050000,signal_close
volatility_breakout,BTCUSDT,random_search,683778,2,20,2022-11-21T20:00:00.000+0000,2022-11-21T20:00:00.000+0000,short,1,-0.00444583,-0.00000000,0.00050000,signal_close
volatility_breakout,BTCUSDT,random_search,683778,2,21,2022-11-23T03:00:00.000+0000,2022-11-23T04:00:00.000+0000,long,2,-0.00060666,0.00000000,0.00050000,signal_close
volatility_breakout,BTCUSDT,random_search,683778,2,22,2022-11-30T01:00:00.000+0000,2022-11-30T03:00:00.000+0000,long,3,-0.00061852,0.00000000,0.00050000,signal_close
volatility_breakout,BTCUSDT,random_search,683778,2,23,2022-12-05T20:00:00.000+0000,2022-12-05T21:00:00.000+0000,short,2,-0.00317604,0.00000000,0.00050000,signal_close
volatility_breakout,BTCUSDT,random_search,683778,2,24,2022-12-07T08:00:00.000+0000,2022-12-07T08:00:00.000+0000,short,1,-0.00230776,-0.00000658,0.00050000,signal_close
volatility_breakout,BTCUSDT,random_search,683778,2,25,2022-12-08T19:00:00.000+0000,2022-12-08T20:00:00.000+0000,long,2,-0.00360869,0.00000000,0.00050000,signal_close
volatility_breakout,BTCUSDT,random_search,683778,2,26,2022-12-12T01:00:00.000+0000,2022-12-12T03:00:00.000+0000,short,3,0.00152716,0.00000000,0.00050000,signal_close
volatility_breakout,BTCUSDT,random_search,683778,2,27,2022-12-12T22:00:00.000+0000,2022-12-12T22:00:00.000+0000,long,1,-0.00157179,0.00000000,0.00050000,signal_close
volatility_breakout,BTCUSDT,random_search,683778,2,28,2022-12-13T10:00:00.000+0000,2022-12-13T10:00:00.000+0000,long,1,-0.00311607,0.00000000,0.00050000,signal_close
volatility_breakout,BTCUSDT,random_search,683778,2,29,2022-12-13T14:00:00.000+0000,2022-12-13T15:00:00.000+0000,long,2,-0.00869070,0.00000000,0.00050000,signal_close
volatility_breakout,BTCUSDT,random_search,683778,2,30,2022-12-14T15:00:00.000+0000,2022-12-14T19:00:00.000+0000,long,5,-0.01515411,0.00010000,0.00050000,signal_close
volatility_breakout,BTCUSDT,random_search,683778,2,31,2022-12-15T14:00:00.000+0000,2022-12-15T19:00:00.000+0000,short,6,0.00313796,-0.00005180,0.00050000,signal_close
volatility_breakout,BTCUSDT,random_search,683778,2,32,2022-12-16T09:00:00.000+0000,2022-12-16T11:00:00.000+0000,short,3,0.01090983,0.00000000,0.00050000,signal_close
volatility_breakout,BTCUSDT,random_search,683778,2,33,2022-12-16T17:00:00.000+0000,2022-12-16T19:00:00.000+0000,short,3,-0.00376846,0.00000000,0.00050000,signal_close
volatility_breakout,BTCUSDT,random_search,683778,2,34,2022-12-19T23:00:00.000+0000,2022-12-20T00:00:00.000+0000,short,2,-0.00332466,-0.00005611,0.00050000,signal_close
volatility_breakout,BTCUSDT,random_search,683778,3,1,2023-01-22T21:00:00.000+0000,2023-01-24T20:00:00.000+0000,short,48,-0.02402505,-0.00060000,0.00050000,signal_close
volatility_breakout,BTCUSDT,random_search,683778,3,2,2023-01-25T23:00:00.000+0000,2023-01-27T21:00:00.000+0000,short,47,-0.00669916,-0.00059541,0.00050000,signal_close
volatility_breakout,BTCUSDT,random_search,683778,3,3,2023-01-27T23:00:00.000+0000,2023-01-28T01:00:00.000+0000,short,3,-0.00395078,-0.00010000,0.00050000,signal_close
volatility_breakout,BTCUSDT,random_search,683778,3,4,2023-02-15T21:00:00.000+0000,2023-02-20T20:00:00.000+0000,short,120,-0.02802217,-0.00163171,0.00050000,signal_close
volatility_breakout,BTCUSDT,random_search,683778,3,5,2023-03-03T02:00:00.000+0000,2023-03-07T01:00:00.000+0000,short,96,-0.01566927,-0.00024242,0.00050000,signal_close
volatility_breakout,BTCUSDT,random_search,683778,3,6,2023-03-10T13:00:00.000+0000,2023-03-25T22:00:00.000+0000,short,370,-0.32986978,-0.00335822,0.00050000,signal_close
volatility_breakout,BTCUSDT,random_search,683778,4,1,2023-04-03T02:00:00.000+0000,2023-04-05T00:00:00.000+0000,short,47,-0.03519718,0.00001434,0.00050000,signal_reverse
volatility_breakout,BTCUSDT,random_search,683778,4,2,2023-04-05T01:00:00.000+0000,2023-04-17T00:00:00.000+0000,long,288,0.03909365,0.00180266,0.00100000,signal_reverse
volatility_breakout,BTCUSDT,random_search,683778,4,3,2023-04-17T01:00:00.000+0000,2023-04-25T21:00:00.000+0000,short,213,0.05279203,-0.00146590,0.00100000,signal_reverse
volatility_breakout,BTCUSDT,random_search,683778,4,4,2023-04-25T22:00:00.000+0000,2023-05-01T01:00:00.000+0000,long,124,0.01127658,0.00081820,0.00100000,signal_reverse
volatility_breakout,BTCUSDT,random_search,683778,4,5,2023-05-01T02:00:00.000+0000,2023-05-15T06:00:00.000+0000,short,341,0.03433715,-0.00189457,0.00100000,signal_reverse
volatility_breakout,BTCUSDT,random_search,683778,4,6,2023-05-15T07:00:00.000+0000,2023-05-24T13:00:00.000+0000,long,223,-0.03959878,0.00149182,0.00100000,signal_reverse
volatility_breakout,BTCUSDT,random_search,683778,4,7,2023-05-24T14:00:00.000+0000,2023-05-26T14:00:00.000+0000,short,49,-0.01252941,-0.00049765,0.00100000,signal_reverse
volatility_breakout,BTCUSDT,random_search,683778,4,8,2023-05-26T15:00:00.000+0000,2023-05-31T04:00:00.000+0000,long,110,0.01680998,0.00109333,0.00100000,signal_reverse
volatility_breakout,BTCUSDT,random_search,683778,4,9,2023-05-31T05:00:00.000+0000,2023-06-16T17:00:00.000+0000,short,397,0.03288901,-0.00273275,0.00100000,signal_reverse
volatility_breakout,BTCUSDT,random_search,683778,4,10,2023-06-16T18:00:00.000+0000,2023-06-23T22:00:00.000+0000,long,173,0.15201894,0.00142569,0.00100000,signal_close
volatility_breakout,BTCUSDT,random_search,683778,5,1,2023-07-06T09:00:00.000+0000,2023-07-06T09:00:00.000+0000,long,1,-0.00882546,0.00000000,0.00050000,signal_close
volatility_breakout,BTCUSDT,random_search,683778,5,2,2023-07-10T20:00:00.000+0000,2023-07-10T21:00:00.000+0000,long,2,-0.01810016,0.00000000,0.00050000,signal_close
volatility_breakout,BTCUSDT,random_search,683778,5,3,2023-08-02T00:00:00.000+0000,2023-08-02T03:00:00.000+0000,long,4,-0.00322699,0.00010000,0.00050000,signal_close
volatility_breakout,BTCUSDT,random_search,683778,5,4,2023-08-08T13:00:00.000+0000,2023-08-08T13:00:00.000+0000,long,1,-0.00773589,0.00000000,0.00050000,signal_close
volatility_breakout,BTCUSDT,random_search,683778,5,5,2023-08-29T15:00:00.000+0000,2023-08-29T17:00:00.000+0000,long,3,0.01411529,-0.00010934,0.00050000,signal_close
volatility_breakout,BTCUSDT,random_search,683778,5,6,2023-09-18T11:00:00.000+0000,2023-09-18T13:00:00.000+0000,long,3,0.00407538,0.00000000,0.00050000,signal_close
volatility_breakout,BTCUSDT,random_search,683778,6,1,2023-10-23T23:00:00.000+0000,2023-10-28T04:00:00.000+0000,short,102,-0.02280827,-0.00130000,0.00050000,signal_close
volatility_breakout,BTCUSDT,random_search,683778,6,2,2023-11-09T17:00:00.000+0000,2023-11-13T00:00:00.000+0000,short,80,-0.01978713,-0.00171542,0.00050000,signal_close
volatility_breakout,BTCUSDT,random_search,683778,6,3,2023-11-13T02:00:00.000+0000,2023-11-13T02:00:00.000+0000,short,1,0.00077910,-0.00000000,0.00050000,signal_close
volatility_breakout,BTCUSDT,random_search,683778,6,4,2023-11-16T16:00:00.000+0000,2023-11-18T18:00:00.000+0000,short,51,-0.00814915,-0.00072014,0.00050000,signal_close
volatility_breakout,BTCUSDT,random_search,683778,6,5,2023-12-12T18:00:00.000+0000,2023-12-16T00:00:00.000+0000,short,79,-0.02941558,-0.00104672,0.00050000,signal_close
volatility_breakout,BTCUSDT,random_search,683778,6,6,2023-12-20T17:00:00.000+0000,2023-12-20T22:00:00.000+0000,short,6,0.00135029,0.00000000,0.00050000,signal_close
volatility_breakout,BTCUSDT,random_search,683778,7,1,2023-12-24T23:00:00.000+0000,2023-12-27T10:00:00.000+0000,short,60,-0.00441440,-0.00220178,0.00050000,signal_reverse
volatility_breakout,BTCUSDT,random_search,683778,7,2,2023-12-27T11:00:00.000+0000,2024-01-03T11:00:00.000+0000,long,169,0.00454585,0.00787260,0.00100000,signal_reverse
volatility_breakout,BTCUSDT,random_search,683778,7,3,2024-01-03T12:00:00.000+0000,2024-01-08T18:00:00.000+0000,short,127,-0.07327120,-0.00160000,0.00100000,signal_reverse
volatility_breakout,BTCUSDT,random_search,683778,7,4,2024-01-08T19:00:00.000+0000,2024-01-12T15:00:00.000+0000,long,93,-0.05259094,0.00110000,0.00100000,signal_reverse
volatility_breakout,BTCUSDT,random_search,683778,7,5,2024-01-12T16:00:00.000+0000,2024-01-26T10:00:00.000+0000,short,331,0.08934263,-0.00420000,0.00100000,signal_reverse
volatility_breakout,BTCUSDT,random_search,683778,7,6,2024-01-26T11:00:00.000+0000,2024-02-17T13:00:00.000+0000,long,531,0.22878984,0.00600117,0.00100000,signal_reverse
volatility_breakout,BTCUSDT,random_search,683778,7,7,2024-02-17T14:00:00.000+0000,2024-02-20T13:00:00.000+0000,short,72,-0.03205527,-0.00143039,0.00100000,signal_reverse
volatility_breakout,BTCUSDT,random_search,683778,7,8,2024-02-20T14:00:00.000+0000,2024-02-26T09:00:00.000+0000,long,140,-0.03912228,0.00240369,0.00100000,signal_reverse
volatility_breakout,BTCUSDT,random_search,683778,7,9,2024-02-26T10:00:00.000+0000,2024-02-26T15:00:00.000+0000,short,6,-0.03765695,0.00000000,0.00100000,signal_reverse
volatility_breakout,BTCUSDT,random_search,683778,7,10,2024-02-26T16:00:00.000+0000,2024-03-05T19:00:00.000+0000,long,196,0.14350912,0.01292990,0.00100000,signal_reverse
volatility_breakout,BTCUSDT,random_search,683778,7,11,2024-03-05T20:00:00.000+0000,2024-03-10T01:00:00.000+0000,short,102,-0.11387803,-0.00494083,0.00100000,signal_reverse
volatility_breakout,BTCUSDT,random_search,683778,7,12,2024-03-10T02:00:00.000+0000,2024-03-19T22:00:00.000+0000,long,237,-0.10050794,0.01016230,0.00100000,signal_close
volatility_breakout,BTCUSDT,random_search,683778,8,1,2024-03-25T15:00:00.000+0000,2024-04-01T05:00:00.000+0000,long,159,-0.00840866,0.00624182,0.00050000,signal_reverse
volatility_breakout,BTCUSDT,random_search,683778,8,2,2024-04-01T06:00:00.000+0000,2024-04-04T17:00:00.000+0000,short,84,0.00421361,-0.00158342,0.00100000,signal_reverse
volatility_breakout,BTCUSDT,random_search,683778,8,3,2024-04-04T18:00:00.000+0000,2024-04-12T17:00:00.000+0000,long,192,-0.01185081,0.00343151,0.00100000,signal_reverse
volatility_breakout,BTCUSDT,random_search,683778,8,4,2024-04-12T18:00:00.000+0000,2024-05-03T12:00:00.000+0000,short,499,0.10705682,-0.00305657,0.00100000,signal_reverse
volatility_breakout,BTCUSDT,random_search,683778,8,5,2024-05-03T13:00:00.000+0000,2024-05-19T19:00:00.000+0000,long,391,0.08589080,0.00244668,0.00100000,signal_reverse
volatility_breakout,BTCUSDT,random_search,683778,8,6,2024-05-19T20:00:00.000+0000,2024-05-20T16:00:00.000+0000,short,21,-0.03333165,-0.00010638,0.00100000,signal_reverse
volatility_breakout,BTCUSDT,random_search,683778,8,7,2024-05-20T17:00:00.000+0000,2024-05-23T13:00:00.000+0000,long,69,-0.00212288,0.00086276,0.00100000,signal_reverse
volatility_breakout,BTCUSDT,random_search,683778,8,8,2024-05-23T14:00:00.000+0000,2024-05-27T15:00:00.000+0000,short,98,-0.03446205,-0.00120000,0.00100000,signal_reverse
volatility_breakout,BTCUSDT,random_search,683778,8,9,2024-05-27T16:00:00.000+0000,2024-06-07T18:00:00.000+0000,long,267,-0.02049572,0.00367805,0.00100000,signal_reverse
volatility_breakout,BTCUSDT,random_search,683778,8,10,2024-06-07T19:00:00.000+0000,2024-06-17T22:00:00.000+0000,short,244,0.03784111,-0.00300000,0.00100000,signal_close
volatility_breakout,BTCUSDT,random_search,683778,9,1,2024-06-30T23:00:00.000+0000,2024-06-30T23:00:00.000+0000,long,1,-0.00254786,0.00000000,0.00050000,signal_close
volatility_breakout,BTCUSDT,random_search,683778,9,2,2024-07-01T02:00:00.000+0000,2024-07-01T02:00:00.000+0000,long,1,-0.00371851,0.00000000,0.00050000,signal_close
volatility_breakout,BTCUSDT,random_search,683778,9,3,2024-07-10T05:00:00.000+0000,2024-07-10T05:00:00.000+0000,long,1,-0.00677740,0.00000000,0.00050000,signal_close
volatility_breakout,BTCUSDT,random_search,683778,9,4,2024-07-14T06:00:00.000+0000,2024-07-14T06:00:00.000+0000,long,1,-0.00683556,0.00000000,0.00050000,signal_close
volatility_breakout,BTCUSDT,random_search,683778,9,5,2024-07-14T22:00:00.000+0000,2024-07-14T22:00:00.000+0000,long,1,-0.00749476,0.00000000,0.00050000,signal_close
volatility_breakout,BTCUSDT,random_search,683778,9,6,2024-07-15T03:00:00.000+0000,2024-07-15T04:00:00.000+0000,long,2,0.00147772,0.00000000,0.00050000,signal_close
volatility_breakout,BTCUSDT,random_search,683778,9,7,2024-07-15T23:00:00.000+0000,2024-07-15T23:00:00.000+0000,long,1,0.00527835,0.00000000,0.00050000,signal_close
volatility_breakout,BTCUSDT,random_search,683778,9,8,2024-07-19T17:00:00.000+0000,2024-07-19T18:00:00.000+0000,long,2,0.00510644,0.00000000,0.00050000,signal_close
volatility_breakout,BTCUSDT,random_search,683778,9,9,2024-07-19T20:00:00.000+0000,2024-07-19T20:00:00.000+0000,long,1,-0.00370976,0.00000000,0.00050000,signal_close
volatility_breakout,BTCUSDT,random_search,683778,9,10,2024-07-27T14:00:00.000+0000,2024-07-27T14:00:00.000+0000,long,1,-0.00416298,0.00000000,0.00050000,signal_close
volatility_breakout,BTCUSDT,random_search,683778,9,11,2024-07-29T03:00:00.000+0000,2024-07-29T03:00:00.000+0000,long,1,-0.00343411,0.00000000,0.00050000,signal_close
volatility_breakout,BTCUSDT,random_search,683778,9,12,2024-08-08T22:00:00.000+0000,2024-08-08T23:00:00.000+0000,long,2,0.00795105,0.00000000,0.00050000,signal_close
volatility_breakout,BTCUSDT,random_search,683778,9,13,2024-08-20T01:00:00.000+0000,2024-08-20T01:00:00.000+0000,long,1,-0.00114842,0.00000000,0.00050000,signal_close
volatility_breakout,BTCUSDT,random_search,683778,9,14,2024-08-21T20:00:00.000+0000,2024-08-21T20:00:00.000+0000,long,1,-0.00592266,0.00000000,0.00050000,signal_close
volatility_breakout,BTCUSDT,random_search,683778,9,15,2024-08-23T18:00:00.000+0000,2024-08-23T20:00:00.000+0000,long,3,0.00924595,0.00000000,0.00050000,signal_close
volatility_breakout,BTCUSDT,random_search,683778,9,16,2024-08-23T22:00:00.000+0000,2024-08-23T22:00:00.000+0000,long,1,-0.00487140,0.00000000,0.00050000,signal_close
volatility_breakout,BTCUSDT,random_search,683778,9,17,2024-09-09T22:00:00.000+0000,2024-09-09T22:00:00.000+0000,long,1,-0.00461668,0.00000000,0.00050000,signal_close
volatility_breakout,BTCUSDT,random_search,683778,9,18,2024-09-13T16:00:00.000+0000,2024-09-13T16:00:00.000+0000,long,1,-0.00388697,-0.00002443,0.00050000,signal_close
volatility_breakout,BTCUSDT,random_search,683778,9,19,2024-09-13T22:00:00.000+0000,2024-09-13T23:00:00.000+0000,long,2,0.00313519,0.00000000,0.00050000,signal_close
volatility_breakout,BTCUSDT,random_search,683778,10,1,2024-09-27T15:00:00.000+0000,2024-09-30T09:00:00.000+0000,long,67,-0.04210492,0.00039566,0.00050000,signal_reverse
volatility_breakout,BTCUSDT,random_search,683778,10,2,2024-09-30T10:00:00.000+0000,2024-10-07T00:00:00.000+0000,short,159,-0.00384866,-0.00098774,0.00100000,signal_reverse
volatility_breakout,BTCUSDT,random_search,683778,10,3,2024-10-07T01:00:00.000+0000,2024-10-09T18:00:00.000+0000,long,66,-0.04034745,0.00037818,0.00100000,signal_reverse
volatility_breakout,BTCUSDT,random_search,683778,10,4,2024-10-09T19:00:00.000+0000,2024-10-11T17:00:00.000+0000,short,47,-0.02883110,-0.00014099,0.00100000,signal_reverse
volatility_breakout,BTCUSDT,random_search,683778,10,5,2024-10-11T18:00:00.000+0000,2024-10-18T01:00:00.000+0000,long,152,0.07942144,0.00139256,0.00100000,signal_close
volatility_breakout,BTCUSDT,random_search,683778,10,6,2024-10-18T04:00:00.000+0000,2024-10-21T13:00:00.000+0000,long,82,-0.00419565,0.00100000,0.00050000,signal_reverse
volatility_breakout,BTCUSDT,random_search,683778,10,7,2024-10-21T14:00:00.000+0000,2024-10-24T19:00:00.000+0000,short,78,-0.01451182,-0.00100000,0.00100000,signal_reverse
volatility_breakout,BTCUSDT,random_search,683778,10,8,2024-10-24T20:00:00.000+0000,2024-10-31T14:00:00.000+0000,long,163,0.03391254,0.00190419,0.00100000,signal_reverse
volatility_breakout,BTCUSDT,random_search,683778,10,9,2024-10-31T15:00:00.000+0000,2024-11-05T14:00:00.000+0000,short,120,0.01067267,-0.00150000,0.00100000,signal_reverse
volatility_breakout,BTCUSDT,random_search,683778,10,10,2024-11-05T15:00:00.000+0000,2024-11-13T03:00:00.000+0000,long,181,0.21972143,0.00378218,0.00100000,signal_close
volatility_breakout,BTCUSDT,random_search,683778,10,11,2024-11-17T20:00:00.000+0000,2024-11-17T21:00:00.000+0000,long,2,-0.01060171,0.00000000,0.00050000,signal_reverse
volatility_breakout,BTCUSDT,random_search,683778,10,12,2024-11-17T22:00:00.000+0000,2024-11-18T06:00:00.000+0000,short,9,-0.03441617,-0.00010000,0.00100000,signal_reverse
volatility_breakout,BTCUSDT,random_search,683778,10,13,2024-11-18T07:00:00.000+0000,2024-11-25T14:00:00.000+0000,long,176,0.03269583,0.00327960,0.00100000,signal_reverse
volatility_breakout,BTCUSDT,random_search,683778,10,14,2024-11-25T15:00:00.000+0000,2024-12-04T19:00:00.000+0000,short,221,-0.01766609,-0.00516044,0.00100000,signal_reverse
volatility_breakout,BTCUSDT,random_search,683778,10,15,2024-12-04T20:00:00.000+0000,2024-12-05T15:00:00.000+0000,long,20,0.04017439,0.00100071,0.00100000,signal_close
volatility_breakout,BTCUSDT,random_search,683778,10,16,2024-12-08T22:00:00.000+0000,2024-12-08T23:00:00.000+0000,long,2,0.01042103,0.00000000,0.00050000,signal_close
volatility_breakout,BTCUSDT,random_search,683778,10,17,2024-12-09T03:00:00.000+0000,2024-12-09T19:00:00.000+0000,long,17,-0.02221533,0.00032147,0.00050000,signal_reverse
volatility_breakout,BTCUSDT,random_search,683778,10,18,2024-12-09T20:00:00.000+0000,2024-12-12T20:00:00.000+0000,short,73,-0.03064443,-0.00090000,0.00100000,signal_close
volatility_breakout,BTCUSDT,random_search,683778,10,19,2024-12-13T00:00:00.000+0000,2024-12-14T22:00:00.000+0000,short,47,-0.01137331,-0.00056750,0.00050000,signal_close
volatility_breakout,BTCUSDT,random_search,683778,11,1,2024-12-18T05:00:00.000+0000,2024-12-28T14:00:00.000+0000,long,250,-0.09237047,0.00292479,0.00050000,signal_close
volatility_breakout,BTCUSDT,random_search,683778,11,2,2024-12-30T22:00:00.000+0000,2024-12-31T15:00:00.000+0000,long,18,0.03527987,0.00020000,0.00050000,signal_close
volatility_breakout,BTCUSDT,random_search,683778,11,3,2024-12-31T18:00:00.000+0000,2025-01-03T21:00:00.000+0000,long,76,0.04219872,0.00085242,0.00050000,signal_close
volatility_breakout,BTCUSDT,random_search,683778,11,4,2025-01-09T08:00:00.000+0000,2025-01-14T17:00:00.000+0000,long,130,0.03540422,0.00090115,0.00050000,signal_close
volatility_breakout,BTCUSDT,random_search,683778,11,5,2025-01-15T14:00:00.000+0000,2025-01-31T12:00:00.000+0000,long,383,0.06055272,0.00381045,0.00050000,signal_close
volatility_breakout,BTCUSDT,random_search,683778,11,6,2025-02-02T22:00:00.000+0000,2025-02-08T21:00:00.000+0000,long,144,-0.00310350,0.00069669,0.00050000,signal_close
volatility_breakout,BTCUSDT,random_search,683778,11,7,2025-02-10T04:00:00.000+0000,2025-02-10T05:00:00.000+0000,long,2,0.00166386,0.00000000,0.00050000,signal_close
volatility_breakout,BTCUSDT,random_search,683778,11,8,2025-02-10T15:00:00.000+0000,2025-02-10T15:00:00.000+0000,long,1,-0.00097411,0.00000000,0.00050000,signal_close
volatility_breakout,BTCUSDT,random_search,683778,11,9,2025-02-13T21:00:00.000+0000,2025-02-13T21:00:00.000+0000,long,1,0.00168458,0.00000000,0.00050000,signal_close
volatility_breakout,BTCUSDT,random_search,683778,11,10,2025-02-25T12:00:00.000+0000,2025-03-14T22:00:00.000+0000,long,419,-0.04080515,0.00143021,0.00050000,signal_close
volatility_breakout,BTCUSDT,random_search,683778,12,1,2025-04-07T05:00:00.000+0000,2025-04-07T08:00:00.000+0000,short,4,0.00867393,-0.00006857,0.00050000,signal_close
volatility_breakout,BTCUSDT,random_search,683778,12,2,2025-04-13T18:00:00.000+0000,2025-06-12T22:00:00.000+0000,short,1445,-0.22793383,-0.00581055,0.00050000,signal_close
volatility_breakout,BTCUSDT,random_search,683778,13,1,2025-06-23T23:00:00.000+0000,2025-06-23T23:00:00.000+0000,long,1,-0.00237035,0.00000000,0.00050000,signal_close
volatility_breakout,BTCUSDT,random_search,683778,13,2,2025-06-25T14:00:00.000+0000,2025-06-25T14:00:00.000+0000,long,1,-0.00338217,0.00000000,0.00050000,signal_close
volatility_breakout,BTCUSDT,random_search,683778,13,3,2025-07-02T09:00:00.000+0000,2025-07-02T09:00:00.000+0000,long,1,-0.00142951,0.00000000,0.00050000,signal_close
volatility_breakout,BTCUSDT,random_search,683778,13,4,2025-07-02T16:00:00.000+0000,2025-07-02T17:00:00.000+0000,long,2,0.00303793,0.00004130,0.00050000,signal_close
volatility_breakout,BTCUSDT,random_search,683778,13,5,2025-07-09T20:00:00.000+0000,2025-07-09T20:00:00.000+0000,long,1,-0.00983594,0.00000000,0.00050000,signal_close
volatility_breakout,BTCUSDT,random_search,683778,13,6,2025-07-10T17:00:00.000+0000,2025-07-10T18:00:00.000+0000,long,2,0.00649644,0.00000000,0.00050000,signal_close
volatility_breakout,BTCUSDT,random_search,683778,13,7,2025-07-10T22:00:00.000+0000,2025-07-10T22:00:00.000+0000,long,1,-0.00458554,0.00000000,0.00050000,signal_close
volatility_breakout,BTCUSDT,random_search,683778,13,8,2025-07-14T04:00:00.000+0000,2025-07-14T04:00:00.000+0000,long,1,0.00477444,0.00000000,0.00050000,signal_close
volatility_breakout,BTCUSDT,random_search,683778,13,9,2025-08-06T15:00:00.000+0000,2025-08-06T16:00:00.000+0000,long,2,-0.00104892,0.00008288,0.00050000,signal_close
volatility_breakout,BTCUSDT,random_search,683778,13,10,2025-08-07T20:00:00.000+0000,2025-08-07T20:00:00.000+0000,long,1,-0.00294533,0.00000000,0.00050000,signal_close
volatility_breakout,BTCUSDT,random_search,683778,13,11,2025-08-11T02:00:00.000+0000,2025-08-11T03:00:00.000+0000,long,2,0.01326190,0.00000000,0.00050000,signal_close
volatility_breakout,BTCUSDT,random_search,683778,13,12,2025-08-13T14:00:00.000+0000,2025-08-13T14:00:00.000+0000,long,1,-0.00786837,0.00000000,0.00050000,signal_close
volatility_breakout,BTCUSDT,random_search,683778,13,13,2025-08-22T15:00:00.000+0000,2025-08-22T16:00:00.000+0000,long,2,0.00257112,0.00005867,0.00050000,signal_close
volatility_breakout,BTCUSDT,random_search,683778,13,14,2025-09-05T08:00:00.000+0000,2025-09-05T08:00:00.000+0000,long,1,-0.00335465,0.00010000,0.00050000,signal_close
volatility_breakout,BTCUSDT,random_search,683778,13,15,2025-09-10T13:00:00.000+0000,2025-09-10T14:00:00.000+0000,long,2,0.00377363,0.00000000,0.00050000,signal_close
volatility_breakout,BTCUSDT,random_search,683778,14,1,2025-10-01T09:00:00.000+0000,2025-10-01T09:00:00.000+0000,long,1,0.00218739,0.00000000,0.00050000,signal_close
volatility_breakout,BTCUSDT,random_search,683778,14,2,2025-10-03T16:00:00.000+0000,2025-10-03T17:00:00.000+0000,long,2,-0.00225040,0.00010000,0.00050000,signal_close
volatility_breakout,BTCUSDT,random_search,683778,14,3,2025-10-21T16:00:00.000+0000,2025-10-21T16:00:00.000+0000,long,1,-0.00795320,-0.00002506,0.00050000,signal_close
volatility_breakout,BTCUSDT,random_search,683778,14,4,2025-12-02T15:00:00.000+0000,2025-12-02T16:00:00.000+0000,long,2,0.01616343,0.00003999,0.00050000,signal_close
volatility_breakout,BTCUSDT,random_search,692467,0,1,2022-04-14T16:00:00.000+0000,2022-04-15T08:00:00.000+0000,short,17,-0.00568414,0.00015615,0.00050000,signal_close
volatility_breakout,BTCUSDT,random_search,692467,0,2,2022-04-18T05:00:00.000+0000,2022-04-18T06:00:00.000+0000,short,2,-0.00448345,0.00000000,0.00050000,signal_close
volatility_breakout,BTCUSDT,random_search,692467,0,3,2022-04-21T21:00:00.000+0000,2022-04-22T04:00:00.000+0000,short,8,-0.00060877,-0.00003026,0.00050000,signal_close
volatility_breakout,BTCUSDT,random_search,692467,0,4,2022-05-05T16:00:00.000+0000,2022-05-05T23:00:00.000+0000,short,8,0.00904924,-0.00010000,0.00050000,signal_close
volatility_breakout,BTCUSDT,random_search,692467,0,5,2022-05-11T13:00:00.000+0000,2022-05-11T13:00:00.000+0000,short,1,-0.06632783,-0.00000000,0.00050000,signal_close
volatility_breakout,BTCUSDT,random_search,692467,0,6,2022-05-30T21:00:00.000+0000,2022-05-31T00:00:00.000+0000,long,4,0.00925008,0.00010000,0.00050000,signal_close
volatility_breakout,BTCUSDT,random_search,692467,0,7,2022-06-01T17:00:00.000+0000,2022-06-01T23:00:00.000+0000,short,7,0.01966829,0.00000000,0.00050000,signal_close
volatility_breakout,BTCUSDT,random_search,692467,0,8,2022-06-06T02:00:00.000+0000,2022-06-06T16:00:00.000+0000,long,15,0.01454296,0.00019656,0.00050000,signal_close
volatility_breakout,BTCUSDT,random_search,692467,0,9,2022-06-07T02:00:00.000+0000,2022-06-07T03:00:00.000+0000,short,2,-0.00025360,0.00000000,0.00050000,signal_close
volatility_breakout,BTCUSDT,random_search,692467,0,10,2022-06-12T03:00:00.000+0000,2022-06-12T06:00:00.000+0000,short,4,-0.00262631,0.00000000,0.00050000,signal_close
volatility_breakout,BTCUSDT,random_search,692467,0,11,2022-06-13T02:00:00.000+0000,2022-06-13T15:00:00.000+0000,short,14,0.09998681,0.00003182,0.00050000,signal_close
volatility_breakout,BTCUSDT,random_search,692467,0,12,2022-06-14T02:00:00.000+0000,2022-06-14T02:00:00.000+0000,short,1,-0.03385765,-0.00000000,0.00050000,signal_close
volatility_breakout,BTCUSDT,random_search,692467,1,1,2022-08-27T00:00:00.000+0000,2022-09-13T18:00:00.000+0000,short,427,-0.00727746,-0.00139415,0.00050000,signal_close
volatility_breakout,BTCUSDT,random_search,692467,1,2,2022-09-16T03:00:00.000+0000,2022-09-21T17:00:00.000+0000,short,135,-0.00811834,-0.00053583,0.00050000,signal_close
volatility_breakout,BTCUSDT,random_search,692467,1,3,2022-09-23T20:00:00.000+0000,2022-09-23T21:00:00.000+0000,short,2,-0.01120518,0.00000000,0.00050000,signal_close
volatility_breakout,BTCUSDT,random_search,692467,1,4,2022-09-24T18:00:00.000+0000,2022-09-26T22:00:00.000+0000,short,53,-0.00392823,-0.00014778,0.00050000,signal_close
volatility_breakout,BTCUSDT,random_search,692467,2,1,2022-11-08T05:00:00.000+0000,2022-11-08T05:00:00.000+0000,short,1,-0.00380173,-0.00000000,0.00050000,signal_close
volatility_breakout,BTCUSDT,random_search,692467,2,2,2022-11-08T19:00:00.000+0000,2022-11-08T21:00:00.000+0000,short,3,-0.00689875,0.00000000,0.00050000,signal_close
volatility_breakout,BTCUSDT,random_search,692467,3,1,2023-02-15T21:00:00.000+0000,2023-02-20T20:00:00.000+0000,short,120,-0.02802217,-0.00163171,0.00050000,signal_close
volatility_breakout,BTCUSDT,random_search,692467,3,2,2023-03-03T02:00:00.000+0000,2023-03-07T01:00:00.000+0000,short,96,-0.01566927,-0.00024242,0.00050000,signal_close
volatility_breakout,BTCUSDT,random_search,692467,3,3,2023-03-10T13:00:00.000+0000,2023-03-25T22:00:00.000+0000,short,370,-0.32986978,-0.00335822,0.00050000,signal_close
volatility_breakout,BTCUSDT,random_search,692467,4,1,2023-04-03T02:00:00.000+0000,2023-04-05T00:00:00.000+0000,short,47,-0.03519718,0.00001434,0.00050000,signal_reverse
volatility_breakout,BTCUSDT,random_search,692467,4,2,2023-04-05T01:00:00.000+0000,2023-04-17T00:00:00.000+0000,long,288,0.03909365,0.00180266,0.00100000,signal_reverse
volatility_breakout,BTCUSDT,random_search,692467,4,3,2023-04-17T01:00:00.000+0000,2023-04-25T21:00:00.000+0000,short,213,0.05279203,-0.00146590,0.00100000,signal_reverse
volatility_breakout,BTCUSDT,random_search,692467,4,4,2023-04-25T22:00:00.000+0000,2023-05-01T01:00:00.000+0000,long,124,0.01127658,0.00081820,0.00100000,signal_reverse
volatility_breakout,BTCUSDT,random_search,692467,4,5,2023-05-01T02:00:00.000+0000,2023-05-15T06:00:00.000+0000,short,341,0.03433715,-0.00189457,0.00100000,signal_reverse
volatility_breakout,BTCUSDT,random_search,692467,4,6,2023-05-15T07:00:00.000+0000,2023-05-18T17:00:00.000+0000,long,83,-0.03766532,0.00064083,0.00100000,signal_reverse
volatility_breakout,BTCUSDT,random_search,692467,4,7,2023-05-18T18:00:00.000+0000,2023-05-23T03:00:00.000+0000,short,106,-0.03351139,-0.00053032,0.00100000,signal_reverse
volatility_breakout,BTCUSDT,random_search,692467,4,8,2023-05-23T04:00:00.000+0000,2023-05-24T13:00:00.000+0000,long,34,-0.03544485,0.00032067,0.00100000,signal_reverse
volatility_breakout,BTCUSDT,random_search,692467,4,9,2023-05-24T14:00:00.000+0000,2023-05-26T14:00:00.000+0000,short,49,-0.01252941,-0.00049765,0.00100000,signal_reverse
volatility_breakout,BTCUSDT,random_search,692467,4,10,2023-05-26T15:00:00.000+0000,2023-05-31T04:00:00.000+0000,long,110,0.01680998,0.00109333,0.00100000,signal_reverse
volatility_breakout,BTCUSDT,random_search,692467,4,11,2023-05-31T05:00:00.000+0000,2023-06-16T17:00:00.000+0000,short,397,0.03288901,-0.00273275,0.00100000,signal_reverse
volatility_breakout,BTCUSDT,random_search,692467,4,12,2023-06-16T18:00:00.000+0000,2023-06-23T22:00:00.000+0000,long,173,0.15201894,0.00142569,0.00100000,signal_close
volatility_breakout,BTCUSDT,random_search,692467,5,1,2023-07-06T09:00:00.000+0000,2023-07-06T09:00:00.000+0000,long,1,-0.00882546,0.00000000,0.00050000,signal_close
volatility_breakout,BTCUSDT,random_search,692467,5,2,2023-07-10T20:00:00.000+0000,2023-07-10T21:00:00.000+0000,long,2,-0.01810016,0.00000000,0.00050000,signal_close
volatility_breakout,BTCUSDT,random_search,692467,5,3,2023-07-24T10:00:00.000+0000,2023-07-24T10:00:00.000+0000,short,1,-0.00549623,-0.00000000,0.00050000,signal_close
volatility_breakout,BTCUSDT,random_search,692467,5,4,2023-08-02T00:00:00.000+0000,2023-08-02T03:00:00.000+0000,long,4,-0.00322699,0.00010000,0.00050000,signal_close
volatility_breakout,BTCUSDT,random_search,692467,5,5,2023-08-07T16:00:00.000+0000,2023-08-07T16:00:00.000+0000,short,1,-0.00307215,-0.00010000,0.00050000,signal_close
volatility_breakout,BTCUSDT,random_search,692467,5,6,2023-08-08T13:00:00.000+0000,2023-08-08T13:00:00.000+0000,long,1,-0.00773589,0.00000000,0.00050000,signal_close
volatility_breakout,BTCUSDT,random_search,692467,5,7,2023-08-17T01:00:00.000+0000,2023-08-17T03:00:00.000+0000,short,3,-0.00319446,0.00000000,0.00050000,signal_close
volatility_breakout,BTCUSDT,random_search,692467,5,8,2023-08-17T16:00:00.000+0000,2023-08-17T22:00:00.000+0000,short,7,0.03934704,-0.00010000,0.00050000,signal_close
volatility_breakout,BTCUSDT,random_search,692467,5,9,2023-08-29T15:00:00.000+0000,2023-08-29T17:00:00.000+0000,long,3,0.01411529,-0.00010934,0.00050000,signal_close
volatility_breakout,BTCUSDT,random_search,692467,5,10,2023-08-31T17:00:00.000+0000,2023-08-31T17:00:00.000+0000,short,1,-0.00416087,-0.00000000,0.00050000,signal_close
volatility_breakout,BTCUSDT,random_search,692467,5,11,2023-09-11T15:00:00.000+0000,2023-09-11T17:00:00.000+0000,short,3,-0.00332008,-0.00001838,0.00050000,signal_close
volatility_breakout,BTCUSDT,random_search,692467,5,12,2023-09-18T11:00:00.000+0000,2023-09-18T13:00:00.000+0000,long,3,0.00407538,0.00000000,0.00050000,signal_close
volatility_breakout,BTCUSDT,random_search,692467,6,1,2023-10-11T16:00:00.000+0000,2023-10-11T19:00:00.000+0000,short,4,0.00012483,-0.00006319,0.00050000,signal_close
volatility_breakout,BTCUSDT,random_search,692467,6,2,2023-11-14T19:00:00.000+0000,2023-11-14T21:00:00.000+0000,short,3,-0.01046867,0.00000000,0.00050000,signal_close
volatility_breakout,BTCUSDT,random_search,692467,6,3,2023-11-22T00:00:00.000+0000,2023-11-22T00:00:00.000+0000,short,1,-0.01083456,-0.00010000,0.00050000,signal_close
volatility_breakout,BTCUSDT,random_search,692467,7,1,2023-12-26T10:00:00.000+0000,2024-01-01T19:00:00.000+0000,short,154,-0.02041233,-0.00689345,0.00050000,signal_reverse
volatility_breakout,BTCUSDT,random_search,692467,7,2,2024-01-01T20:00:00.000+0000,2024-01-12T16:00:00.000+0000,long,261,0.00413472,0.00473037,0.00100000,signal_reverse
volatility_breakout,BTCUSDT,random_search,692467,7,3,2024-01-12T17:00:00.000+0000,2024-01-26T14:00:00.000+0000,short,334,0.04818810,-0.00410000,0.00100000,signal_reverse
volatility_breakout,BTCUSDT,random_search,692467,7,4,2024-01-26T15:00:00.000+0000,2024-03-19T22:00:00.000+0000,long,1280,0.39394584,0.03786828,0.00100000,signal_close
volatility_breakout,BTCUSDT,random_search,692467,8,1,2024-03-25T15:00:00.000+0000,2024-04-01T05:00:00.000+0000,long,159,-0.00840866,0.00624182,0.00050000,signal_reverse
volatility_breakout,BTCUSDT,random_search,692467,8,2,2024-04-01T06:00:00.000+0000,2024-04-04T17:00:00.000+0000,short,84,0.00421361,-0.00158342,0.00100000,signal_reverse
volatility_breakout,BTCUSDT,random_search,692467,8,3,2024-04-04T18:00:00.000+0000,2024-04-12T18:00:00.000+0000,long,193,-0.03632021,0.00343151,0.00100000,signal_reverse
volatility_breakout,BTCUSDT,random_search,692467,8,4,2024-04-12T19:00:00.000+0000,2024-05-03T12:00:00.000+0000,short,498,0.08258742,-0.00305657,0.00100000,signal_reverse
volatility_breakout,BTCUSDT,random_search,692467,8,5,2024-05-03T13:00:00.000+0000,2024-05-19T19:00:00.000+0000,long,391,0.08589080,0.00244668,0.00100000,signal_reverse
volatility_breakout,BTCUSDT,random_search,692467,8,6,2024-05-19T20:00:00.000+0000,2024-05-20T16:00:00.000+0000,short,21,-0.03333165,-0.00010638,0.00100000,signal_reverse
volatility_breakout,BTCUSDT,random_search,692467,8,7,2024-05-20T17:00:00.000+0000,2024-05-23T13:00:00.000+0000,long,69,-0.00212288,0.00086276,0.00100000,signal_reverse
volatility_breakout,BTCUSDT,random_search,692467,8,8,2024-05-23T14:00:00.000+0000,2024-05-27T15:00:00.000+0000,short,98,-0.03446205,-0.00120000,0.00100000,signal_reverse
volatility_breakout,BTCUSDT,random_search,692467,8,9,2024-05-27T16:00:00.000+0000,2024-06-07T18:00:00.000+0000,long,267,-0.02049572,0.00367805,0.00100000,signal_reverse
volatility_breakout,BTCUSDT,random_search,692467,8,10,2024-06-07T19:00:00.000+0000,2024-06-10T15:00:00.000+0000,short,69,-0.01327164,-0.00080000,0.00100000,signal_reverse
volatility_breakout,BTCUSDT,random_search,692467,8,11,2024-06-10T16:00:00.000+0000,2024-06-11T01:00:00.000+0000,long,10,-0.02056640,0.00020000,0.00100000,signal_reverse
volatility_breakout,BTCUSDT,random_search,692467,8,12,2024-06-11T02:00:00.000+0000,2024-06-17T22:00:00.000+0000,short,165,0.03054635,-0.00200000,0.00100000,signal_close
volatility_breakout,BTCUSDT,random_search,692467,9,1,2024-06-30T23:00:00.000+0000,2024-06-30T23:00:00.000+0000,long,1,-0.00254786,0.00000000,0.00050000,signal_close
volatility_breakout,BTCUSDT,random_search,692467,9,2,2024-07-01T02:00:00.000+0000,2024-07-01T02:00:00.000+0000,long,1,-0.00371851,0.00000000,0.00050000,signal_close
volatility_breakout,BTCUSDT,random_search,692467,9,3,2024-07-10T05:00:00.000+0000,2024-07-10T05:00:00.000+0000,long,1,-0.00677740,0.00000000,0.00050000,signal_close
volatility_breakout,BTCUSDT,random_search,692467,9,4,2024-07-14T06:00:00.000+0000,2024-07-14T06:00:00.000+0000,long,1,-0.00683556,0.00000000,0.00050000,signal_close
volatility_breakout,BTCUSDT,random_search,692467,9,5,2024-07-14T22:00:00.000+0000,2024-07-14T22:00:00.000+0000,long,1,-0.00749476,0.00000000,0.00050000,signal_close
volatility_breakout,BTCUSDT,random_search,692467,9,6,2024-07-15T03:00:00.000+0000,2024-07-15T04:00:00.000+0000,long,2,0.00147772,0.00000000,0.00050000,signal_close
volatility_breakout,BTCUSDT,random_search,692467,9,7,2024-07-15T23:00:00.000+0000,2024-07-15T23:00:00.000+0000,long,1,0.00527835,0.00000000,0.00050000,signal_close
volatility_breakout,BTCUSDT,random_search,692467,9,8,2024-07-19T17:00:00.000+0000,2024-07-19T18:00:00.000+0000,long,2,0.00510644,0.00000000,0.00050000,signal_close
volatility_breakout,BTCUSDT,random_search,692467,9,9,2024-07-19T20:00:00.000+0000,2024-07-19T20:00:00.000+0000,long,1,-0.00370976,0.00000000,0.00050000,signal_close
volatility_breakout,BTCUSDT,random_search,692467,9,10,2024-07-27T13:00:00.000+0000,2024-07-27T14:00:00.000+0000,long,2,0.00804834,0.00000000,0.00050000,signal_close
volatility_breakout,BTCUSDT,random_search,692467,9,11,2024-07-29T03:00:00.000+0000,2024-07-29T03:00:00.000+0000,long,1,-0.00343411,0.00000000,0.00050000,signal_close
volatility_breakout,BTCUSDT,random_search,692467,9,12,2024-08-08T22:00:00.000+0000,2024-08-08T23:00:00.000+0000,long,2,0.00795105,0.00000000,0.00050000,signal_close
volatility_breakout,BTCUSDT,random_search,692467,9,13,2024-08-20T01:00:00.000+0000,2024-08-20T01:00:00.000+0000,long,1,-0.00114842,0.00000000,0.00050000,signal_close
volatility_breakout,BTCUSDT,random_search,692467,9,14,2024-08-21T20:00:00.000+0000,2024-08-21T20:00:00.000+0000,long,1,-0.00592266,0.00000000,0.00050000,signal_close
volatility_breakout,BTCUSDT,random_search,692467,9,15,2024-08-23T18:00:00.000+0000,2024-08-23T20:00:00.000+0000,long,3,0.00924595,0.00000000,0.00050000,signal_close
volatility_breakout,BTCUSDT,random_search,692467,9,16,2024-08-23T22:00:00.000+0000,2024-08-23T22:00:00.000+0000,long,1,-0.00487140,0.00000000,0.00050000,signal_close
volatility_breakout,BTCUSDT,random_search,692467,9,17,2024-09-09T22:00:00.000+0000,2024-09-09T22:00:00.000+0000,long,1,-0.00461668,0.00000000,0.00050000,signal_close
volatility_breakout,BTCUSDT,random_search,692467,9,18,2024-09-13T16:00:00.000+0000,2024-09-13T16:00:00.000+0000,long,1,-0.00388697,-0.00002443,0.00050000,signal_close
volatility_breakout,BTCUSDT,random_search,692467,9,19,2024-09-13T22:00:00.000+0000,2024-09-13T23:00:00.000+0000,long,2,0.00313519,0.00000000,0.00050000,signal_close
volatility_breakout,BTCUSDT,random_search,692467,10,1,2024-09-27T15:00:00.000+0000,2024-10-01T20:00:00.000+0000,long,102,-0.08615442,0.00079566,0.00050000,signal_reverse
volatility_breakout,BTCUSDT,random_search,692467,10,2,2024-10-01T21:00:00.000+0000,2024-10-07T00:00:00.000+0000,short,124,-0.04789816,-0.00058774,0.00100000,signal_reverse
volatility_breakout,BTCUSDT,random_search,692467,10,3,2024-10-07T01:00:00.000+0000,2024-10-09T18:00:00.000+0000,long,66,-0.04034745,0.00037818,0.00100000,signal_reverse
volatility_breakout,BTCUSDT,random_search,692467,10,4,2024-10-09T19:00:00.000+0000,2024-10-14T03:00:00.000+0000,short,105,-0.05117752,-0.00036530,0.00100000,signal_reverse
volatility_breakout,BTCUSDT,random_search,692467,10,5,2024-10-14T04:00:00.000+0000,2024-10-18T01:00:00.000+0000,long,94,0.05707501,0.00116825,0.00100000,signal_close
volatility_breakout,BTCUSDT,random_search,692467,10,6,2024-10-18T04:00:00.000+0000,2024-11-13T03:00:00.000+0000,long,624,0.25327747,0.00918637,0.00050000,signal_close
volatility_breakout,BTCUSDT,random_search,692467,10,7,2024-11-17T20:00:00.000+0000,2024-11-25T14:00:00.000+0000,long,187,0.05651028,0.00337960,0.00050000,signal_reverse
volatility_breakout,BTCUSDT,random_search,692467,10,8,2024-11-25T15:00:00.000+0000,2024-12-04T20:00:00.000+0000,short,222,-0.03329157,-0.00516044,0.00100000,signal_reverse
volatility_breakout,BTCUSDT,random_search,692467,10,9,2024-12-04T21:00:00.000+0000,2024-12-05T15:00:00.000+0000,long,19,0.02454891,0.00100071,0.00100000,signal_close
volatility_breakout,BTCUSDT,random_search,692467,10,10,2024-12-08T22:00:00.000+0000,2024-12-08T23:00:00.000+0000,long,2,0.01042103,0.00000000,0.00050000,signal_close
volatility_breakout,BTCUSDT,random_search,692467,10,11,2024-12-09T03:00:00.000+0000,2024-12-12T20:00:00.000+0000,long,90,0.00742909,0.00122147,0.00050000,signal_close
volatility_breakout,BTCUSDT,random_search,692467,10,12,2024-12-13T00:00:00.000+0000,2024-12-14T22:00:00.000+0000,long,47,0.01037331,0.00056750,0.00050000,signal_close
volatility_breakout,BTCUSDT,random_search,692467,11,1,2024-12-18T05:00:00.000+0000,2024-12-28T14:00:00.000+0000,long,250,-0.09237047,0.00292479,0.00050000,signal_close
volatility_breakout,BTCUSDT,random_search,692467,11,2,2024-12-30T22:00:00.000+0000,2024-12-31T15:00:00.000+0000,long,18,0.03527987,0.00020000,0.00050000,signal_close
volatility_breakout,BTCUSDT,random_search,692467,11,3,2024-12-31T18:00:00.000+0000,2025-01-03T21:00:00.000+0000,long,76,0.04219872,0.00085242,0.00050000,signal_close
volatility_breakout,BTCUSDT,random_search,692467,11,4,2025-01-09T08:00:00.000+0000,2025-01-14T17:00:00.000+0000,long,130,0.03540422,0.00090115,0.00050000,signal_close
volatility_breakout,BTCUSDT,random_search,692467,11,5,2025-01-15T14:00:00.000+0000,2025-01-31T12:00:00.000+0000,long,383,0.06055272,0.00381045,0.00050000,signal_close
volatility_breakout,BTCUSDT,random_search,692467,11,6,2025-02-02T22:00:00.000+0000,2025-02-08T21:00:00.000+0000,long,144,-0.00310350,0.00069669,0.00050000,signal_close
volatility_breakout,BTCUSDT,random_search,692467,11,7,2025-02-10T04:00:00.000+0000,2025-02-10T05:00:00.000+0000,long,2,0.00166386,0.00000000,0.00050000,signal_close
volatility_breakout,BTCUSDT,random_search,692467,11,8,2025-02-10T15:00:00.000+0000,2025-02-10T15:00:00.000+0000,long,1,-0.00097411,0.00000000,0.00050000,signal_close
volatility_breakout,BTCUSDT,random_search,692467,11,9,2025-02-13T21:00:00.000+0000,2025-02-13T21:00:00.000+0000,long,1,0.00168458,0.00000000,0.00050000,signal_close
volatility_breakout,BTCUSDT,random_search,692467,11,10,2025-02-25T12:00:00.000+0000,2025-03-14T22:00:00.000+0000,long,419,-0.04080515,0.00143021,0.00050000,signal_close
volatility_breakout,BTCUSDT,random_search,692467,12,1,2025-03-19T19:00:00.000+0000,2025-03-19T19:00:00.000+0000,long,1,-0.00276115,0.00000000,0.00050000,signal_close
volatility_breakout,BTCUSDT,random_search,692467,12,2,2025-03-24T00:00:00.000+0000,2025-03-24T00:00:00.000+0000,long,1,-0.00109335,0.00002039,0.00050000,signal_close
volatility_breakout,BTCUSDT,random_search,692467,12,3,2025-04-01T16:00:00.000+0000,2025-04-01T16:00:00.000+0000,long,1,-0.00262968,0.00003573,0.00050000,signal_close
volatility_breakout,BTCUSDT,random_search,692467,12,4,2025-04-02T16:00:00.000+0000,2025-04-02T16:00:00.000+0000,long,1,0.00299286,0.00000733,0.00050000,signal_close
volatility_breakout,BTCUSDT,random_search,692467,12,5,2025-04-09T18:00:00.000+0000,2025-04-09T18:00:00.000+0000,long,1,-0.00541590,0.00000000,0.00050000,signal_close
volatility_breakout,BTCUSDT,random_search,692467,12,6,2025-04-21T01:00:00.000+0000,2025-04-21T02:00:00.000+0000,long,2,0.00770370,0.00000000,0.00050000,signal_close
volatility_breakout,BTCUSDT,random_search,692467,12,7,2025-04-22T14:00:00.000+0000,2025-04-22T15:00:00.000+0000,long,2,0.00725943,0.00000000,0.00050000,signal_close
volatility_breakout,BTCUSDT,random_search,692467,12,8,2025-04-22T22:00:00.000+0000,2025-04-22T22:00:00.000+0000,long,1,-0.00291572,0.00000000,0.00050000,signal_close
volatility_breakout,BTCUSDT,random_search,692467,12,9,2025-05-06T23:00:00.000+0000,2025-05-07T01:00:00.000+0000,long,3,0.00989154,0.00001218,0.00050000,signal_close
volatility_breakout,BTCUSDT,random_search,692467,12,10,2025-05-08T16:00:00.000+0000,2025-05-08T16:00:00.000+0000,long,1,0.00445608,0.00005728,0.00050000,signal_close
volatility_breakout,BTCUSDT,random_search,692467,12,11,2025-05-08T21:00:00.000+0000,2025-05-08T21:00:00.000+0000,long,1,0.00167593,0.00000000,0.00050000,signal_close
volatility_breakout,BTCUSDT,random_search,692467,12,12,2025-05-11T00:00:00.000+0000,2025-05-11T00:00:00.000+0000,long,1,-0.00448687,0.00010000,0.00050000,signal_close
volatility_breakout,BTCUSDT,random_search,692467,12,13,2025-05-18T15:00:00.000+0000,2025-05-18T15:00:00.000+0000,long,1,0.00188708,0.00000000,0.00050000,signal_close
volatility_breakout,BTCUSDT,random_search,692467,12,14,2025-05-21T15:00:00.000+0000,2025-05-21T15:00:00.000+0000,long,1,-0.00074228,0.00000000,0.00050000,signal_close
volatility_breakout,BTCUSDT,random_search,692467,12,15,2025-06-09T22:00:00.000+0000,2025-06-09T22:00:00.000+0000,long,1,0.00128650,0.00000000,0.00050000,signal_close
volatility_breakout,BTCUSDT,random_search,692467,13,1,2025-07-02T17:00:00.000+0000,2025-07-02T17:00:00.000+0000,long,1,-0.00309950,0.00000000,0.00050000,signal_close
volatility_breakout,BTCUSDT,random_search,692467,13,2,2025-07-09T20:00:00.000+0000,2025-07-09T20:00:00.000+0000,long,1,-0.00983594,0.00000000,0.00050000,signal_close
volatility_breakout,BTCUSDT,random_search,692467,13,3,2025-07-10T17:00:00.000+0000,2025-07-10T18:00:00.000+0000,long,2,0.00649644,0.00000000,0.00050000,signal_close
volatility_breakout,BTCUSDT,random_search,692467,13,4,2025-07-10T22:00:00.000+0000,2025-07-10T22:00:00.000+0000,long,1,-0.00458554,0.00000000,0.00050000,signal_close
volatility_breakout,BTCUSDT,random_search,692467,13,5,2025-07-14T04:00:00.000+0000,2025-07-14T04:00:00.000+0000,long,1,0.00477444,0.00000000,0.00050000,signal_close
volatility_breakout,BTCUSDT,random_search,692467,13,6,2025-07-14T06:00:00.000+0000,2025-07-14T06:00:00.000+0000,long,1,-0.00314032,0.00000000,0.00050000,signal_close
volatility_breakout,BTCUSDT,random_search,692467,13,7,2025-08-07T11:00:00.000+0000,2025-08-07T12:00:00.000+0000,long,2,-0.00022034,0.00000000,0.00050000,signal_close
volatility_breakout,BTCUSDT,random_search,692467,13,8,2025-08-07T20:00:00.000+0000,2025-08-07T20:00:00.000+0000,long,1,-0.00294533,0.00000000,0.00050000,signal_close
volatility_breakout,BTCUSDT,random_search,692467,13,9,2025-08-10T04:00:00.000+0000,2025-08-10T04:00:00.000+0000,long,1,-0.00066543,0.00000000,0.00050000,signal_close
volatility_breakout,BTCUSDT,random_search,692467,13,10,2025-08-11T02:00:00.000+0000,2025-08-11T03:00:00.000+0000,long,2,0.01326190,0.00000000,0.00050000,signal_close
volatility_breakout,BTCUSDT,random_search,692467,14,1,2025-10-10T21:00:00.000+0000,2025-10-15T07:00:00.000+0000,long,107,-0.01383437,-0.00007618,0.00050000,signal_close
volatility_breakout,BTCUSDT,random_search,692467,14,2,2025-10-17T01:00:00.000+0000,2025-10-17T01:00:00.000+0000,long,1,-0.00015973,0.00000000,0.00050000,signal_close
volatility_breakout,BTCUSDT,random_search,692467,14,3,2025-10-17T06:00:00.000+0000,2025-10-20T15:00:00.000+0000,long,82,0.02552495,-0.00015775,0.00050000,signal_close
volatility_breakout,BTCUSDT,random_search,692467,14,4,2025-10-21T15:00:00.000+0000,2025-10-25T14:00:00.000+0000,long,96,-0.00526524,0.00031848,0.00050000,signal_close
volatility_breakout,BTCUSDT,random_search,692467,14,5,2025-10-30T06:00:00.000+0000,2025-11-03T04:00:00.000+0000,long,95,-0.02214725,0.00085089,0.00050000,signal_close
volatility_breakout,BTCUSDT,random_search,692467,14,6,2025-11-04T06:00:00.000+0000,2025-11-08T17:00:00.000+0000,long,108,-0.02156568,0.00073447,0.00050000,signal_close
volatility_breakout,BTCUSDT,random_search,692467,14,7,2025-11-12T16:00:00.000+0000,2025-11-29T07:00:00.000+0000,long,400,-0.11638080,0.00233717,0.00050000,signal_close
volatility_breakout,BTCUSDT,random_search,692467,14,8,2025-12-01T01:00:00.000+0000,2025-12-06T20:00:00.000+0000,long,140,0.02964883,0.00036796,0.00050000,signal_close
volatility_breakout,BTCUSDT,random_search,692467,14,9,2025-12-07T18:00:00.000+0000,2025-12-07T19:00:00.000+0000,long,2,0.00472922,0.00000000,0.00050000,signal_close
volatility_breakout,BTCUSDT,random_search,692467,14,10,2025-12-07T22:00:00.000+0000,2025-12-09T22:00:00.000+0000,long,49,0.02899165,0.00022075,0.00050000,signal_close
volatility_breakout,BTCUSDT,random_search,693857,1,1,2022-07-11T23:00:00.000+0000,2022-07-14T17:00:00.000+0000,short,67,-0.03830081,-0.00028806,0.00050000,signal_close
volatility_breakout,BTCUSDT,random_search,693857,1,2,2022-07-17T13:00:00.000+0000,2022-07-18T23:00:00.000+0000,short,35,-0.04999295,-0.00038709,0.00050000,signal_close
volatility_breakout,BTCUSDT,random_search,693857,1,3,2022-07-24T01:00:00.000+0000,2022-07-24T05:00:00.000+0000,short,5,-0.00954527,0.00000000,0.00050000,signal_close
volatility_breakout,BTCUSDT,random_search,693857,1,4,2022-07-24T07:00:00.000+0000,2022-07-28T15:00:00.000+0000,short,105,-0.04879091,-0.00086019,0.00050000,signal_close
volatility_breakout,BTCUSDT,random_search,693857,1,5,2022-07-28T17:00:00.000+0000,2022-07-28T17:00:00.000+0000,short,1,-0.01009916,-0.00000000,0.00050000,signal_close
volatility_breakout,BTCUSDT,random_search,693857,1,6,2022-07-29T02:00:00.000+0000,2022-07-29T11:00:00.000+0000,short,10,0.00485653,-0.00010000,0.00050000,signal_close
volatility_breakout,BTCUSDT,random_search,693857,1,7,2022-07-29T23:00:00.000+0000,2022-07-30T19:00:00.000+0000,short,21,0.00016398,-0.00030000,0.00050000,signal_close
volatility_breakout,BTCUSDT,random_search,693857,1,8,2022-07-31T19:00:00.000+0000,2022-09-13T18:00:00.000+0000,short,1056,0.14552441,-0.00357230,0.00050000,signal_close
volatility_breakout,BTCUSDT,random_search,693857,1,9,2022-09-16T03:00:00.000+0000,2022-09-21T17:00:00.000+0000,short,135,-0.00811834,-0.00053583,0.00050000,signal_close
volatility_breakout,BTCUSDT,random_search,693857,1,10,2022-09-23T20:00:00.000+0000,2022-09-23T21:00:00.000+0000,short,2,-0.01120518,0.00000000,0.00050000,signal_close
volatility_breakout,BTCUSDT,random_search,693857,1,11,2022-09-24T18:00:00.000+0000,2022-09-26T22:00:00.000+0000,short,53,-0.00392823,-0.00014778,0.00050000,signal_close
volatility_breakout,BTCUSDT,random_search,693857,2,1,2022-10-07T13:00:00.000+0000,2022-10-07T20:00:00.000+0000,short,8,0.00303132,-0.00007513,0.00050000,signal_close
volatility_breakout,BTCUSDT,random_search,693857,2,2,2022-10-08T22:00:00.000+0000,2022-10-08T22:00:00.000+0000,short,1,-0.00270618,-0.00000000,0.00050000,signal_close
volatility_breakout,BTCUSDT,random_search,693857,2,3,2022-10-10T09:00:00.000+0000,2022-10-10T09:00:00.000+0000,short,1,-0.00529502,-0.00000000,0.00050000,signal_close
volatility_breakout,BTCUSDT,random_search,693857,2,4,2022-10-13T11:00:00.000+0000,2022-10-13T11:00:00.000+0000,short,1,-0.00385075,-0.00000000,0.00050000,signal_close
volatility_breakout,BTCUSDT,random_search,693857,2,5,2022-10-13T13:00:00.000+0000,2022-10-13T15:00:00.000+0000,short,3,-0.03146888,0.00000000,0.00050000,signal_close
volatility_breakout,BTCUSDT,random_search,693857,2,6,2022-11-07T00:00:00.000+0000,2022-11-07T01:00:00.000+0000,short,2,-0.00421243,-0.00007813,0.00050000,signal_close
volatility_breakout,BTCUSDT,random_search,693857,2,7,2022-11-07T08:00:00.000+0000,2022-11-07T08:00:00.000+0000,short,1,-0.00427336,-0.00010000,0.00050000,signal_close
volatility_breakout,BTCUSDT,random_search,693857,2,8,2022-11-08T04:00:00.000+0000,2022-11-08T06:00:00.000+0000,short,3,0.01762504,0.00000000,0.00050000,signal_close
volatility_breakout,BTCUSDT,random_search,693857,2,9,2022-11-20T22:00:00.000+0000,2022-11-21T03:00:00.000+0000,short,6,0.01247975,-0.00007898,0.00050000,signal_close
volatility_breakout,BTCUSDT,random_search,693857,2,10,2022-11-21T20:00:00.000+0000,2022-11-21T22:00:00.000+0000,short,3,-0.00160581,0.00000000,0.00050000,signal_close
volatility_breakout,BTCUSDT,random_search,693857,2,11,2022-11-28T02:00:00.000+0000,2022-11-28T03:00:00.000+0000,short,2,-0.00260694,0.00000000,0.00050000,signal_close
volatility_breakout,BTCUSDT,random_search,693857,2,12,2022-12-07T08:00:00.000+0000,2022-12-07T09:00:00.000+0000,short,2,-0.00469668,-0.00000658,0.00050000,signal_close
volatility_breakout,BTCUSDT,random_search,693857,2,13,2022-12-12T01:00:00.000+0000,2022-12-12T04:00:00.000+0000,short,4,0.00061049,0.00000000,0.00050000,signal_close
volatility_breakout,BTCUSDT,random_search,693857,2,14,2022-12-16T10:00:00.000+0000,2022-12-16T14:00:00.000+0000,short,5,0.00005191,0.00000000,0.00050000,signal_close
volatility_breakout,BTCUSDT,random_search,693857,2,15,2022-12-19T23:00:00.000+0000,2022-12-20T00:00:00.000+0000,short,2,-0.00332466,-0.00005611,0.00050000,signal_close
volatility_breakout,BTCUSDT,random_search,693857,3,1,2023-01-12T00:00:00.000+0000,2023-02-09T19:00:00.000+0000,long,692,0.20617286,0.00914881,0.00050000,signal_reverse
volatility_breakout,BTCUSDT,random_search,693857,3,2,2023-02-09T20:00:00.000+0000,2023-02-15T12:00:00.000+0000,short,137,-0.03375841,-0.00118401,0.00100000,signal_reverse
volatility_breakout,BTCUSDT,random_search,693857,3,3,2023-02-15T13:00:00.000+0000,2023-03-09T18:00:00.000+0000,long,534,-0.07842471,0.00444595,0.00100000,signal_reverse
volatility_breakout,BTCUSDT,random_search,693857,3,4,2023-03-09T19:00:00.000+0000,2023-03-12T22:00:00.000+0000,short,76,-0.03638448,0.00006893,0.00100000,signal_reverse
volatility_breakout,BTCUSDT,random_search,693857,3,5,2023-03-12T23:00:00.000+0000,2023-03-25T22:00:00.000+0000,long,312,0.24125510,0.00334346,0.00100000,signal_close
volatility_breakout,BTCUSDT,random_search,693857,4,1,2023-04-26T20:00:00.000+0000,2023-04-30T20:00:00.000+0000,long,97,0.05081888,0.00063353,0.00050000,signal_close
volatility_breakout,BTCUSDT,random_search,693857,4,2,2023-06-08T15:00:00.000+0000,2023-06-09T15:00:00.000+0000,long,25,-0.00702704,0.00018515,0.00050000,signal_close
volatility_breakout,BTCUSDT,random_search,693857,4,3,2023-06-23T16:00:00.000+0000,2023-06-23T22:00:00.000+0000,long,7,-0.01992696,0.00010000,0.00050000,signal_close
volatility_breakout,BTCUSDT,random_search,693857,5,1,2023-07-10T20:00:00.000+0000,2023-07-10T20:00:00.000+0000,long,1,-0.00216102,0.00000000,0.00050000,signal_close
volatility_breakout,BTCUSDT,random_search,693857,5,2,2023-07-13T20:00:00.000+0000,2023-07-13T20:00:00.000+0000,long,1,-0.00795558,0.00000000,0.00050000,signal_close
volatility_breakout,BTCUSDT,random_search,693857,5,3,2023-07-26T21:00:00.000+0000,2023-07-26T21:00:00.000+0000,long,1,-0.00417362,0.00000000,0.00050000,signal_close
volatility_breakout,BTCUSDT,random_search,693857,5,4,2023-08-02T00:00:00.000+0000,2023-08-02T02:00:00.000+0000,long,3,0.00272605,0.00010000,0.00050000,signal_close
volatility_breakout,BTCUSDT,random_search,693857,5,5,2023-08-08T17:00:00.000+0000,2023-08-08T17:00:00.000+0000,long,1,0.00159873,0.00000000,0.00050000,signal_close
volatility_breakout,BTCUSDT,random_search,693857,5,6,2023-08-14T15:00:00.000+0000,2023-08-14T16:00:00.000+0000,long,2,0.00329156,0.00010000,0.00050000,signal_close
volatility_breakout,BTCUSDT,random_search,693857,5,7,2023-08-23T18:00:00.000+0000,2023-08-23T18:00:00.000+0000,long,1,-0.00350449,0.00000000,0.00050000,signal_close
volatility_breakout,BTCUSDT,random_search,693857,5,8,2023-08-29T17:00:00.000+0000,2023-08-29T17:00:00.000+0000,long,1,-0.00436947,0.00000000,0.00050000,signal_close
volatility_breakout,BTCUSDT,random_search,693857,5,9,2023-09-07T22:00:00.000+0000,2023-09-07T22:00:00.000+0000,long,1,0.00568365,0.00000000,0.00050000,signal_close
volatility_breakout,BTCUSDT,random_search,693857,5,10,2023-09-12T11:00:00.000+0000,2023-09-12T11:00:00.000+0000,long,1,-0.00287482,0.00000000,0.00050000,signal_close
volatility_breakout,BTCUSDT,random_search,693857,5,11,2023-09-18T13:00:00.000+0000,2023-09-18T13:00:00.000+0000,long,1,-0.00467846,0.00000000,0.00050000,signal_close
volatility_breakout,BTCUSDT,random_search,693857,6,1,2023-10-23T23:00:00.000+0000,2023-10-28T04:00:00.000+0000,short,102,-0.02280827,-0.00130000,0.00050000,signal_close
volatility_breakout,BTCUSDT,random_search,693857,6,2,2023-11-09T17:00:00.000+0000,2023-11-13T00:00:00.000+0000,short,80,-0.01978713,-0.00171542,0.00050000,signal_close
volatility_breakout,BTCUSDT,random_search,693857,6,3,2023-11-13T02:00:00.000+0000,2023-11-13T02:00:00.000+0000,short,1,0.00077910,-0.00000000,0.00050000,signal_close
volatility_breakout,BTCUSDT,random_search,693857,6,4,2023-11-16T16:00:00.000+0000,2023-11-18T18:00:00.000+0000,short,51,-0.00814915,-0.00072014,0.00050000,signal_close
volatility_breakout,BTCUSDT,random_search,693857,6,5,2023-12-12T18:00:00.000+0000,2023-12-16T00:00:00.000+0000,short,79,-0.02941558,-0.00104672,0.00050000,signal_close
volatility_breakout,BTCUSDT,random_search,693857,6,6,2023-12-20T17:00:00.000+0000,2023-12-20T22:00:00.000+0000,short,6,0.00135029,0.00000000,0.00050000,signal_close
volatility_breakout,BTCUSDT,random_search,693857,7,1,2024-01-01T20:00:00.000+0000,2024-01-12T16:00:00.000+0000,long,261,0.00463472,0.00473037,0.00050000,signal_reverse
volatility_breakout,BTCUSDT,random_search,693857,7,2,2024-01-12T17:00:00.000+0000,2024-01-26T16:00:00.000+0000,short,336,0.03949360,-0.00420000,0.00100000,signal_reverse
volatility_breakout,BTCUSDT,random_search,693857,7,3,2024-01-26T17:00:00.000+0000,2024-03-19T22:00:00.000+0000,long,1278,0.38525134,0.03776828,0.00100000,signal_close
volatility_breakout,BTCUSDT,random_search,693857,8,1,2024-05-05T19:00:00.000+0000,2024-06-17T22:00:00.000+0000,long,1036,0.03942066,0.01093427,0.00050000,signal_close
volatility_breakout,BTCUSDT,random_search,693857,9,1,2024-06-30T23:00:00.000+0000,2024-06-30T23:00:00.000+0000,long,1,-0.00254786,0.00000000,0.00050000,signal_close
volatility_breakout,BTCUSDT,random_search,693857,9,2,2024-07-01T02:00:00.000+0000,2024-07-01T02:00:00.000+0000,long,1,-0.00371851,0.00000000,0.00050000,signal_close
volatility_breakout,BTCUSDT,random_search,693857,9,3,2024-07-10T05:00:00.000+0000,2024-07-10T05:00:00.000+0000,long,1,-0.00677740,0.00000000,0.00050000,signal_close
volatility_breakout,BTCUSDT,random_search,693857,9,4,2024-07-14T06:00:00.000+0000,2024-07-14T06:00:00.000+0000,long,1,-0.00683556,0.00000000,0.00050000,signal_close
volatility_breakout,BTCUSDT,random_search,693857,9,5,2024-07-14T22:00:00.000+0000,2024-07-14T22:00:00.000+0000,long,1,-0.00749476,0.00000000,0.00050000,signal_close
volatility_breakout,BTCUSDT,random_search,693857,9,6,2024-07-15T03:00:00.000+0000,2024-07-15T04:00:00.000+0000,long,2,0.00147772,0.00000000,0.00050000,signal_close
volatility_breakout,BTCUSDT,random_search,693857,9,7,2024-07-15T23:00:00.000+0000,2024-07-15T23:00:00.000+0000,long,1,0.00527835,0.00000000,0.00050000,signal_close
volatility_breakout,BTCUSDT,random_search,693857,9,8,2024-07-19T17:00:00.000+0000,2024-07-19T18:00:00.000+0000,long,2,0.00510644,0.00000000,0.00050000,signal_close
volatility_breakout,BTCUSDT,random_search,693857,9,9,2024-07-19T20:00:00.000+0000,2024-07-19T20:00:00.000+0000,long,1,-0.00370976,0.00000000,0.00050000,signal_close
volatility_breakout,BTCUSDT,random_search,693857,9,10,2024-07-27T14:00:00.000+0000,2024-07-27T14:00:00.000+0000,long,1,-0.00416298,0.00000000,0.00050000,signal_close
volatility_breakout,BTCUSDT,random_search,693857,9,11,2024-07-29T03:00:00.000+0000,2024-07-29T03:00:00.000+0000,long,1,-0.00343411,0.00000000,0.00050000,signal_close
volatility_breakout,BTCUSDT,random_search,693857,9,12,2024-08-08T22:00:00.000+0000,2024-08-08T23:00:00.000+0000,long,2,0.00795105,0.00000000,0.00050000,signal_close
volatility_breakout,BTCUSDT,random_search,693857,9,13,2024-08-20T01:00:00.000+0000,2024-08-20T01:00:00.000+0000,long,1,-0.00114842,0.00000000,0.00050000,signal_close
volatility_breakout,BTCUSDT,random_search,693857,9,14,2024-08-21T20:00:00.000+0000,2024-08-21T20:00:00.000+0000,long,1,-0.00592266,0.00000000,0.00050000,signal_close
volatility_breakout,BTCUSDT,random_search,693857,9,15,2024-08-23T18:00:00.000+0000,2024-08-23T20:00:00.000+0000,long,3,0.00924595,0.00000000,0.00050000,signal_close
volatility_breakout,BTCUSDT,random_search,693857,9,16,2024-08-23T22:00:00.000+0000,2024-08-23T22:00:00.000+0000,long,1,-0.00487140,0.00000000,0.00050000,signal_close
volatility_breakout,BTCUSDT,random_search,693857,9,17,2024-09-09T22:00:00.000+0000,2024-09-09T22:00:00.000+0000,long,1,-0.00461668,0.00000000,0.00050000,signal_close
volatility_breakout,BTCUSDT,random_search,693857,9,18,2024-09-13T16:00:00.000+0000,2024-09-13T16:00:00.000+0000,long,1,-0.00388697,-0.00002443,0.00050000,signal_close
volatility_breakout,BTCUSDT,random_search,693857,9,19,2024-09-13T22:00:00.000+0000,2024-09-13T23:00:00.000+0000,long,2,0.00313519,0.00000000,0.00050000,signal_close
volatility_breakout,BTCUSDT,random_search,693857,10,1,2024-09-22T23:00:00.000+0000,2024-09-30T01:00:00.000+0000,long,171,0.01326404,0.00088196,0.00050000,signal_reverse
volatility_breakout,BTCUSDT,random_search,693857,10,2,2024-09-30T02:00:00.000+0000,2024-10-07T00:00:00.000+0000,short,167,0.01523179,-0.00106713,0.00100000,signal_reverse
volatility_breakout,BTCUSDT,random_search,693857,10,3,2024-10-07T01:00:00.000+0000,2024-10-09T18:00:00.000+0000,long,66,-0.04034745,0.00037818,0.00100000,signal_reverse
volatility_breakout,BTCUSDT,random_search,693857,10,4,2024-10-09T19:00:00.000+0000,2024-10-11T17:00:00.000+0000,short,47,-0.02883110,-0.00014099,0.00100000,signal_reverse
volatility_breakout,BTCUSDT,random_search,693857,10,5,2024-10-11T18:00:00.000+0000,2024-10-18T01:00:00.000+0000,long,152,0.07942144,0.00139256,0.00100000,signal_close
volatility_breakout,BTCUSDT,random_search,693857,10,6,2024-10-18T04:00:00.000+0000,2024-10-21T13:00:00.000+0000,long,82,-0.00419565,0.00100000,0.00050000,signal_reverse
volatility_breakout,BTCUSDT,random_search,693857,10,7,2024-10-21T14:00:00.000+0000,2024-10-24T19:00:00.000+0000,short,78,-0.01451182,-0.00100000,0.00100000,signal_reverse
volatility_breakout,BTCUSDT,random_search,693857,10,8,2024-10-24T20:00:00.000+0000,2024-10-31T14:00:00.000+0000,long,163,0.03391254,0.00190419,0.00100000,signal_reverse
volatility_breakout,BTCUSDT,random_search,693857,10,9,2024-10-31T15:00:00.000+0000,2024-11-06T00:00:00.000+0000,short,130,-0.00545449,-0.00170000,0.00100000,signal_reverse
volatility_breakout,BTCUSDT,random_search,693857,10,10,2024-11-06T01:00:00.000+0000,2024-11-13T03:00:00.000+0000,long,171,0.20359427,0.00358218,0.00100000,signal_close
volatility_breakout,BTCUSDT,random_search,693857,10,11,2024-11-17T20:00:00.000+0000,2024-11-25T14:00:00.000+0000,long,187,0.05651028,0.00337960,0.00050000,signal_reverse
volatility_breakout,BTCUSDT,random_search,693857,10,12,2024-11-25T15:00:00.000+0000,2024-12-04T20:00:00.000+0000,short,222,-0.03329157,-0.00516044,0.00100000,signal_reverse
volatility_breakout,BTCUSDT,random_search,693857,10,13,2024-12-04T21:00:00.000+0000,2024-12-05T15:00:00.000+0000,long,19,0.02454891,0.00100071,0.00100000,signal_close
volatility_breakout,BTCUSDT,random_search,693857,10,14,2024-12-08T22:00:00.000+0000,2024-12-08T23:00:00.000+0000,long,2,0.01042103,0.00000000,0.00050000,signal_close
volatility_breakout,BTCUSDT,random_search,693857,10,15,2024-12-09T03:00:00.000+0000,2024-12-09T20:00:00.000+0000,long,18,-0.03076498,0.00032147,0.00050000,signal_reverse
volatility_breakout,BTCUSDT,random_search,693857,10,16,2024-12-09T21:00:00.000+0000,2024-12-12T20:00:00.000+0000,short,72,-0.03919407,-0.00090000,0.00100000,signal_close
volatility_breakout,BTCUSDT,random_search,693857,10,17,2024-12-13T00:00:00.000+0000,2024-12-14T22:00:00.000+0000,short,47,-0.01137331,-0.00056750,0.00050000,signal_close
volatility_breakout,BTCUSDT,random_search,693857,11,1,2024-12-18T05:00:00.000+0000,2024-12-28T14:00:00.000+0000,long,250,-0.09237047,0.00292479,0.00050000,signal_close
volatility_breakout,BTCUSDT,random_search,693857,11,2,2024-12-30T22:00:00.000+0000,2024-12-31T15:00:00.000+0000,long,18,0.03527987,0.00020000,0.00050000,signal_close
volatility_breakout,BTCUSDT,random_search,693857,11,3,2024-12-31T18:00:00.000+0000,2025-01-03T21:00:00.000+0000,long,76,0.04219872,0.00085242,0.00050000,signal_close
volatility_breakout,BTCUSDT,random_search,693857,11,4,2025-01-09T08:00:00.000+0000,2025-01-14T17:00:00.000+0000,long,130,0.03540422,0.00090115,0.00050000,signal_close
volatility_breakout,BTCUSDT,random_search,693857,11,5,2025-01-15T14:00:00.000+0000,2025-01-31T12:00:00.000+0000,long,383,0.06055272,0.00381045,0.00050000,signal_close
volatility_breakout,BTCUSDT,random_search,693857,11,6,2025-02-02T22:00:00.000+0000,2025-02-08T21:00:00.000+0000,long,144,-0.00310350,0.00069669,0.00050000,signal_close
volatility_breakout,BTCUSDT,random_search,693857,11,7,2025-02-10T04:00:00.000+0000,2025-02-10T05:00:00.000+0000,long,2,0.00166386,0.00000000,0.00050000,signal_close
volatility_breakout,BTCUSDT,random_search,693857,11,8,2025-02-10T15:00:00.000+0000,2025-02-10T15:00:00.000+0000,long,1,-0.00097411,0.00000000,0.00050000,signal_close
volatility_breakout,BTCUSDT,random_search,693857,11,9,2025-02-13T21:00:00.000+0000,2025-02-13T21:00:00.000+0000,long,1,0.00168458,0.00000000,0.00050000,signal_close
volatility_breakout,BTCUSDT,random_search,693857,11,10,2025-02-25T12:00:00.000+0000,2025-03-14T22:00:00.000+0000,long,419,-0.04080515,0.00143021,0.00050000,signal_close
volatility_breakout,BTCUSDT,random_search,693857,12,1,2025-04-07T07:00:00.000+0000,2025-04-07T08:00:00.000+0000,short,2,-0.01964888,-0.00006857,0.00050000,signal_close
volatility_breakout,BTCUSDT,random_search,693857,12,2,2025-04-13T18:00:00.000+0000,2025-06-12T22:00:00.000+0000,short,1445,-0.22793383,-0.00581055,0.00050000,signal_close
volatility_breakout,BTCUSDT,random_search,693857,13,1,2025-06-20T08:00:00.000+0000,2025-06-20T09:00:00.000+0000,long,2,0.00069041,0.00007862,0.00050000,signal_close
volatility_breakout,BTCUSDT,random_search,693857,13,2,2025-06-23T23:00:00.000+0000,2025-06-23T23:00:00.000+0000,long,1,-0.00237035,0.00000000,0.00050000,signal_close
volatility_breakout,BTCUSDT,random_search,693857,13,3,2025-07-02T09:00:00.000+0000,2025-07-02T09:00:00.000+0000,long,1,-0.00142951,0.00000000,0.00050000,signal_close
volatility_breakout,BTCUSDT,random_search,693857,13,4,2025-07-02T16:00:00.000+0000,2025-07-02T17:00:00.000+0000,long,2,0.00303793,0.00004130,0.00050000,signal_close
volatility_breakout,BTCUSDT,random_search,693857,13,5,2025-07-06T14:00:00.000+0000,2025-07-06T14:00:00.000+0000,long,1,0.00101592,0.00000000,0.00050000,signal_close
volatility_breakout,BTCUSDT,random_search,693857,13,6,2025-07-09T20:00:00.000+0000,2025-07-09T20:00:00.000+0000,long,1,-0.00983594,0.00000000,0.00050000,signal_close
volatility_breakout,BTCUSDT,random_search,693857,13,7,2025-07-10T17:00:00.000+0000,2025-07-10T18:00:00.000+0000,long,2,0.00649644,0.00000000,0.00050000,signal_close
volatility_breakout,BTCUSDT,random_search,693857,13,8,2025-07-10T22:00:00.000+0000,2025-07-10T22:00:00.000+0000,long,1,-0.00458554,0.00000000,0.00050000,signal_close
volatility_breakout,BTCUSDT,random_search,693857,13,9,2025-07-14T04:00:00.000+0000,2025-07-14T04:00:00.000+0000,long,1,0.00477444,0.00000000,0.00050000,signal_close
volatility_breakout,BTCUSDT,random_search,693857,13,10,2025-07-14T06:00:00.000+0000,2025-07-14T06:00:00.000+0000,long,1,-0.00314032,0.00000000,0.00050000,signal_close
volatility_breakout,BTCUSDT,random_search,693857,13,11,2025-07-27T17:00:00.000+0000,2025-07-27T17:00:00.000+0000,long,1,0.00036495,0.00000000,0.00050000,signal_close
volatility_breakout,BTCUSDT,random_search,693857,13,12,2025-08-06T15:00:00.000+0000,2025-08-06T16:00:00.000+0000,long,2,-0.00104892,0.00008288,0.00050000,signal_close
volatility_breakout,BTCUSDT,random_search,693857,13,13,2025-08-07T11:00:00.000+0000,2025-08-07T12:00:00.000+0000,long,2,-0.00022034,0.00000000,0.00050000,signal_close
volatility_breakout,BTCUSDT,random_search,693857,13,14,2025-08-07T20:00:00.000+0000,2025-08-07T20:00:00.000+0000,long,1,-0.00294533,0.00000000,0.00050000,signal_close
volatility_breakout,BTCUSDT,random_search,693857,13,15,2025-08-10T04:00:00.000+0000,2025-08-10T04:00:00.000+0000,long,1,-0.00066543,0.00000000,0.00050000,signal_close
volatility_breakout,BTCUSDT,random_search,693857,13,16,2025-08-11T02:00:00.000+0000,2025-08-11T03:00:00.000+0000,long,2,0.01326190,0.00000000,0.00050000,signal_close
volatility_breakout,BTCUSDT,random_search,693857,13,17,2025-08-13T14:00:00.000+0000,2025-08-13T14:00:00.000+0000,long,1,-0.00786837,0.00000000,0.00050000,signal_close
volatility_breakout,BTCUSDT,random_search,693857,13,18,2025-08-22T15:00:00.000+0000,2025-08-22T16:00:00.000+0000,long,2,0.00257112,0.00005867,0.00050000,signal_close
volatility_breakout,BTCUSDT,random_search,693857,13,19,2025-09-05T08:00:00.000+0000,2025-09-05T08:00:00.000+0000,long,1,-0.00335465,0.00010000,0.00050000,signal_close
volatility_breakout,BTCUSDT,random_search,693857,13,20,2025-09-10T13:00:00.000+0000,2025-09-10T14:00:00.000+0000,long,2,0.00377363,0.00000000,0.00050000,signal_close
volatility_breakout,BTCUSDT,random_search,693857,14,1,2025-09-22T06:00:00.000+0000,2025-10-01T08:00:00.000+0000,short,219,-0.02167864,-0.00117517,0.00050000,signal_reverse
volatility_breakout,BTCUSDT,random_search,693857,14,2,2025-10-01T09:00:00.000+0000,2025-10-07T15:00:00.000+0000,long,151,0.04643052,0.00165598,0.00100000,signal_reverse
volatility_breakout,BTCUSDT,random_search,693857,14,3,2025-10-07T16:00:00.000+0000,2025-10-21T15:00:00.000+0000,short,336,0.06634560,-0.00007140,0.00100000,signal_reverse
volatility_breakout,BTCUSDT,random_search,693857,14,4,2025-10-21T16:00:00.000+0000,2025-11-03T15:00:00.000+0000,long,312,-0.06984800,0.00192519,0.00100000,signal_reverse
volatility_breakout,BTCUSDT,random_search,693857,14,5,2025-11-03T16:00:00.000+0000,2025-12-02T14:00:00.000+0000,short,695,0.16144100,-0.00392009,0.00100000,signal_reverse
volatility_breakout,BTCUSDT,random_search,693857,14,6,2025-12-02T15:00:00.000+0000,2025-12-09T22:00:00.000+0000,long,176,0.04035376,0.00063663,0.00100000,signal_close
volatility_breakout,BTCUSDT,random_search,707014,1,1,2022-07-24T01:00:00.000+0000,2022-07-24T05:00:00.000+0000,short,5,-0.00954527,0.00000000,0.00050000,signal_close
volatility_breakout,BTCUSDT,random_search,707014,1,2,2022-07-24T07:00:00.000+0000,2022-07-28T15:00:00.000+0000,short,105,-0.04879091,-0.00086019,0.00050000,signal_close
volatility_breakout,BTCUSDT,random_search,707014,1,3,2022-07-28T17:00:00.000+0000,2022-07-28T17:00:00.000+0000,long,1,0.00909916,0.00000000,0.00050000,signal_close
volatility_breakout,BTCUSDT,random_search,707014,1,4,2022-07-29T02:00:00.000+0000,2022-07-29T11:00:00.000+0000,long,10,-0.00585653,0.00010000,0.00050000,signal_close
volatility_breakout,BTCUSDT,random_search,707014,1,5,2022-07-29T23:00:00.000+0000,2022-07-30T19:00:00.000+0000,long,21,-0.00116398,0.00030000,0.00050000,signal_close
volatility_breakout,BTCUSDT,random_search,707014,1,6,2022-07-31T19:00:00.000+0000,2022-08-16T14:00:00.000+0000,long,380,0.00144730,0.00201871,0.00050000,signal_reverse
volatility_breakout,BTCUSDT,random_search,707014,1,7,2022-08-16T15:00:00.000+0000,2022-09-09T10:00:00.000+0000,short,572,0.10871806,-0.00033557,0.00100000,signal_reverse
volatility_breakout,BTCUSDT,random_search,707014,1,8,2022-09-09T11:00:00.000+0000,2022-09-13T13:00:00.000+0000,long,99,0.00623761,0.00111802,0.00100000,signal_reverse
volatility_breakout,BTCUSDT,random_search,707014,1,9,2022-09-13T14:00:00.000+0000,2022-09-13T18:00:00.000+0000,short,5,0.04449127,-0.00010000,0.00100000,signal_close
volatility_breakout,BTCUSDT,random_search,707014,1,10,2022-09-16T03:00:00.000+0000,2022-09-21T17:00:00.000+0000,short,135,-0.00811834,-0.00053583,0.00050000,signal_close
volatility_breakout,BTCUSDT,random_search,707014,1,11,2022-09-23T20:00:00.000+0000,2022-09-23T21:00:00.000+0000,long,2,0.01020518,0.00000000,0.00050000,signal_close
volatility_breakout,BTCUSDT,random_search,707014,1,12,2022-09-24T18:00:00.000+0000,2022-09-26T22:00:00.000+0000,long,53,0.00292823,0.00014778,0.00050000,signal_close
volatility_breakout,BTCUSDT,random_search,707014,2,1,2022-10-07T13:00:00.000+0000,2022-10-07T20:00:00.000+0000,short,8,0.00303132,-0.00007513,0.00050000,signal_close
volatility_breakout,BTCUSDT,random_search,707014,2,2,2022-10-08T22:00:00.000+0000,2022-10-08T22:00:00.000+0000,short,1,-0.00270618,-0.00000000,0.00050000,signal_close
volatility_breakout,BTCUSDT,random_search,707014,2,3,2022-10-10T09:00:00.000+0000,2022-10-10T09:00:00.000+0000,short,1,-0.00529502,-0.00000000,0.00050000,signal_close
volatility_breakout,BTCUSDT,random_search,707014,2,4,2022-10-13T11:00:00.000+0000,2022-10-13T11:00:00.000+0000,short,1,-0.00385075,-0.00000000,0.00050000,signal_close
volatility_breakout,BTCUSDT,random_search,707014,2,5,2022-10-13T13:00:00.000+0000,2022-10-13T15:00:00.000+0000,short,3,-0.03146888,0.00000000,0.00050000,signal_close
volatility_breakout,BTCUSDT,random_search,707014,2,6,2022-11-07T00:00:00.000+0000,2022-11-07T01:00:00.000+0000,short,2,-0.00421243,-0.00007813,0.00050000,signal_close
volatility_breakout,BTCUSDT,random_search,707014,2,7,2022-11-07T08:00:00.000+0000,2022-11-07T08:00:00.000+0000,short,1,-0.00427336,-0.00010000,0.00050000,signal_close
volatility_breakout,BTCUSDT,random_search,707014,2,8,2022-11-08T04:00:00.000+0000,2022-11-08T06:00:00.000+0000,short,3,0.01762504,0.00000000,0.00050000,signal_close
volatility_breakout,BTCUSDT,random_search,707014,2,9,2022-11-08T19:00:00.000+0000,2022-11-08T21:00:00.000+0000,short,3,-0.00689875,0.00000000,0.00050000,signal_close
volatility_breakout,BTCUSDT,random_search,707014,2,10,2022-11-20T22:00:00.000+0000,2022-11-21T04:00:00.000+0000,short,7,0.00778076,-0.00007898,0.00050000,signal_close
volatility_breakout,BTCUSDT,random_search,707014,2,11,2022-11-21T20:00:00.000+0000,2022-11-21T22:00:00.000+0000,short,3,-0.00160581,0.00000000,0.00050000,signal_close
volatility_breakout,BTCUSDT,random_search,707014,2,12,2022-11-28T02:00:00.000+0000,2022-11-28T03:00:00.000+0000,short,2,-0.00260694,0.00000000,0.00050000,signal_close
volatility_breakout,BTCUSDT,random_search,707014,2,13,2022-12-07T08:00:00.000+0000,2022-12-07T09:00:00.000+0000,short,2,-0.00469668,-0.00000658,0.00050000,signal_close
volatility_breakout,BTCUSDT,random_search,707014,2,14,2022-12-12T01:00:00.000+0000,2022-12-12T04:00:00.000+0000,short,4,0.00061049,0.00000000,0.00050000,signal_close
volatility_breakout,BTCUSDT,random_search,707014,2,15,2022-12-16T10:00:00.000+0000,2022-12-16T14:00:00.000+0000,short,5,0.00005191,0.00000000,0.00050000,signal_close
volatility_breakout,BTCUSDT,random_search,707014,2,16,2022-12-19T23:00:00.000+0000,2022-12-20T01:00:00.000+0000,short,3,-0.01044720,-0.00005611,0.00050000,signal_close
volatility_breakout,BTCUSDT,random_search,707014,3,1,2023-02-15T21:00:00.000+0000,2023-02-20T20:00:00.000+0000,short,120,-0.02802217,-0.00163171,0.00050000,signal_close
volatility_breakout,BTCUSDT,random_search,707014,3,2,2023-03-03T02:00:00.000+0000,2023-03-07T01:00:00.000+0000,short,96,-0.01566927,-0.00024242,0.00050000,signal_close
volatility_breakout,BTCUSDT,random_search,707014,3,3,2023-03-10T13:00:00.000+0000,2023-03-25T22:00:00.000+0000,short,370,-0.32986978,-0.00335822,0.00050000,signal_close
volatility_breakout,BTCUSDT,random_search,707014,4,1,2023-04-03T02:00:00.000+0000,2023-04-05T00:00:00.000+0000,short,47,-0.03519718,0.00001434,0.00050000,signal_reverse
volatility_breakout,BTCUSDT,random_search,707014,4,2,2023-04-05T01:00:00.000+0000,2023-04-17T00:00:00.000+0000,long,288,0.03909365,0.00180266,0.00100000,signal_reverse
volatility_breakout,BTCUSDT,random_search,707014,4,3,2023-04-17T01:00:00.000+0000,2023-04-25T21:00:00.000+0000,short,213,0.05279203,-0.00146590,0.00100000,signal_reverse
volatility_breakout,BTCUSDT,random_search,707014,4,4,2023-04-25T22:00:00.000+0000,2023-05-01T01:00:00.000+0000,long,124,0.01127658,0.00081820,0.00100000,signal_reverse
volatility_breakout,BTCUSDT,random_search,707014,4,5,2023-05-01T02:00:00.000+0000,2023-05-15T06:00:00.000+0000,short,341,0.03433715,-0.00189457,0.00100000,signal_reverse
volatility_breakout,BTCUSDT,random_search,707014,4,6,2023-05-15T07:00:00.000+0000,2023-05-24T13:00:00.000+0000,long,223,-0.03959878,0.00149182,0.00100000,signal_reverse
volatility_breakout,BTCUSDT,random_search,707014,4,7,2023-05-24T14:00:00.000+0000,2023-05-26T14:00:00.000+0000,short,49,-0.01252941,-0.00049765,0.00100000,signal_reverse
volatility_breakout,BTCUSDT,random_search,707014,4,8,2023-05-26T15:00:00.000+0000,2023-05-31T04:00:00.000+0000,long,110,0.01680998,0.00109333,0.00100000,signal_reverse
volatility_breakout,BTCUSDT,random_search,707014,4,9,2023-05-31T05:00:00.000+0000,2023-06-16T17:00:00.000+0000,short,397,0.03288901,-0.00273275,0.00100000,signal_reverse
volatility_breakout,BTCUSDT,random_search,707014,4,10,2023-06-16T18:00:00.000+0000,2023-06-23T22:00:00.000+0000,long,173,0.15201894,0.00142569,0.00100000,signal_close
volatility_breakout,BTCUSDT,random_search,707014,5,1,2023-07-06T09:00:00.000+0000,2023-07-06T09:00:00.000+0000,long,1,-0.00882546,0.00000000,0.00050000,signal_close
volatility_breakout,BTCUSDT,random_search,707014,5,2,2023-07-10T19:00:00.000+0000,2023-07-10T20:00:00.000+0000,long,2,0.00783921,0.00000000,0.00050000,signal_close
volatility_breakout,BTCUSDT,random_search,707014,5,3,2023-07-13T16:00:00.000+0000,2023-07-13T16:00:00.000+0000,long,1,-0.00376256,0.00000529,0.00050000,signal_close
volatility_breakout,BTCUSDT,random_search,707014,5,4,2023-07-13T19:00:00.000+0000,2023-07-13T20:00:00.000+0000,long,2,0.00333162,0.00000000,0.00050000,signal_close
volatility_breakout,BTCUSDT,random_search,707014,5,5,2023-07-26T21:00:00.000+0000,2023-07-26T21:00:00.000+0000,long,1,-0.00417362,0.00000000,0.00050000,signal_close
volatility_breakout,BTCUSDT,random_search,707014,5,6,2023-08-02T00:00:00.000+0000,2023-08-02T02:00:00.000+0000,long,3,0.00272605,0.00010000,0.00050000,signal_close
volatility_breakout,BTCUSDT,random_search,707014,5,7,2023-08-08T12:00:00.000+0000,2023-08-08T13:00:00.000+0000,long,2,-0.00321979,0.00000000,0.00050000,signal_close
volatility_breakout,BTCUSDT,random_search,707014,5,8,2023-08-08T17:00:00.000+0000,2023-08-08T21:00:00.000+0000,long,5,0.00341107,0.00000000,0.00050000,signal_close
volatility_breakout,BTCUSDT,random_search,707014,5,9,2023-08-14T15:00:00.000+0000,2023-08-14T17:00:00.000+0000,long,3,-0.00221815,0.00010000,0.00050000,signal_close
volatility_breakout,BTCUSDT,random_search,707014,5,10,2023-08-23T17:00:00.000+0000,2023-08-23T18:00:00.000+0000,long,2,0.00209841,0.00000000,0.00050000,signal_close
volatility_breakout,BTCUSDT,random_search,707014,5,11,2023-08-29T15:00:00.000+0000,2023-08-29T15:00:00.000+0000,long,1,-0.00317057,0.00000000,0.00050000,signal_close
volatility_breakout,BTCUSDT,random_search,707014,5,12,2023-08-29T17:00:00.000+0000,2023-08-29T17:00:00.000+0000,long,1,-0.00436947,0.00000000,0.00050000,signal_close
volatility_breakout,BTCUSDT,random_search,707014,5,13,2023-09-12T11:00:00.000+0000,2023-09-12T11:00:00.000+0000,long,1,-0.00287482,0.00000000,0.00050000,signal_close
volatility_breakout,BTCUSDT,random_search,707014,5,14,2023-09-14T01:00:00.000+0000,2023-09-14T01:00:00.000+0000,long,1,-0.01376097,0.00000000,0.00050000,signal_close
volatility_breakout,BTCUSDT,random_search,707014,5,15,2023-09-15T23:00:00.000+0000,2023-09-15T23:00:00.000+0000,long,1,-0.00696759,0.00000000,0.00050000,signal_close
volatility_breakout,BTCUSDT,random_search,707014,5,16,2023-09-18T10:00:00.000+0000,2023-09-18T13:00:00.000+0000,long,4,0.01369245,0.00000000,0.00050000,signal_close
volatility_breakout,BTCUSDT,random_search,707014,6,1,2023-10-06T13:00:00.000+0000,2023-10-20T08:00:00.000+0000,short,332,-0.08867314,-0.00082126,0.00050000,signal_reverse
volatility_breakout,BTCUSDT,random_search,707014,6,2,2023-10-20T09:00:00.000+0000,2023-11-14T00:00:00.000+0000,long,592,0.19768364,0.00778388,0.00100000,signal_reverse
volatility_breakout,BTCUSDT,random_search,707014,6,3,2023-11-14T01:00:00.000+0000,2023-11-15T18:00:00.000+0000,short,42,-0.03238142,-0.00060846,0.00100000,signal_reverse
volatility_breakout,BTCUSDT,random_search,707014,6,4,2023-11-15T19:00:00.000+0000,2023-11-21T23:00:00.000+0000,long,149,-0.04744130,0.00187213,0.00100000,signal_reverse
volatility_breakout,BTCUSDT,random_search,707014,6,5,2023-11-22T00:00:00.000+0000,2023-12-04T01:00:00.000+0000,short,290,-0.12703971,-0.00365464,0.00100000,signal_reverse
volatility_breakout,BTCUSDT,random_search,707014,6,6,2023-12-04T02:00:00.000+0000,2023-12-20T22:00:00.000+0000,long,405,0.06945339,0.00619926,0.00100000,signal_close
volatility_breakout,BTCUSDT,random_search,707014,7,1,2023-12-24T23:00:00.000+0000,2023-12-27T10:00:00.000+0000,short,60,-0.00441440,-0.00220178,0.00050000,signal_reverse
volatility_breakout,BTCUSDT,random_search,707014,7,2,2023-12-27T11:00:00.000+0000,2024-01-03T11:00:00.000+0000,long,169,0.00454585,0.00787260,0.00100000,signal_reverse
volatility_breakout,BTCUSDT,random_search,707014,7,3,2024-01-03T12:00:00.000+0000,2024-01-08T18:00:00.000+0000,short,127,-0.07327120,-0.00160000,0.00100000,signal_reverse
volatility_breakout,BTCUSDT,random_search,707014,7,4,2024-01-08T19:00:00.000+0000,2024-01-12T15:00:00.000+0000,long,93,-0.05259094,0.00110000,0.00100000,signal_reverse
volatility_breakout,BTCUSDT,random_search,707014,7,5,2024-01-12T16:00:00.000+0000,2024-01-26T10:00:00.000+0000,short,331,0.08934263,-0.00420000,0.00100000,signal_reverse
volatility_breakout,BTCUSDT,random_search,707014,7,6,2024-01-26T11:00:00.000+0000,2024-02-17T13:00:00.000+0000,long,531,0.22878984,0.00600117,0.00100000,signal_reverse
volatility_breakout,BTCUSDT,random_search,707014,7,7,2024-02-17T14:00:00.000+0000,2024-02-20T13:00:00.000+0000,short,72,-0.03205527,-0.00143039,0.00100000,signal_reverse
volatility_breakout,BTCUSDT,random_search,707014,7,8,2024-02-20T14:00:00.000+0000,2024-02-26T09:00:00.000+0000,long,140,-0.03912228,0.00240369,0.00100000,signal_reverse
volatility_breakout,BTCUSDT,random_search,707014,7,9,2024-02-26T10:00:00.000+0000,2024-02-26T15:00:00.000+0000,short,6,-0.03765695,0.00000000,0.00100000,signal_reverse
volatility_breakout,BTCUSDT,random_search,707014,7,10,2024-02-26T16:00:00.000+0000,2024-03-05T19:00:00.000+0000,long,196,0.14350912,0.01292990,0.00100000,signal_reverse
volatility_breakout,BTCUSDT,random_search,707014,7,11,2024-03-05T20:00:00.000+0000,2024-03-10T01:00:00.000+0000,short,102,-0.11387803,-0.00494083,0.00100000,signal_reverse
volatility_breakout,BTCUSDT,random_search,707014,7,12,2024-03-10T02:00:00.000+0000,2024-03-19T22:00:00.000+0000,long,237,-0.10050794,0.01016230,0.00100000,signal_close
volatility_breakout,BTCUSDT,random_search,707014,8,1,2024-03-25T14:00:00.000+0000,2024-04-01T15:00:00.000+0000,long,170,-0.00170423,0.00657673,0.00050000,signal_reverse
volatility_breakout,BTCUSDT,random_search,707014,8,2,2024-04-01T16:00:00.000+0000,2024-04-07T16:00:00.000+0000,short,145,-0.02736078,-0.00214851,0.00100000,signal_reverse
volatility_breakout,BTCUSDT,random_search,707014,8,3,2024-04-07T17:00:00.000+0000,2024-04-12T18:00:00.000+0000,long,122,-0.05420125,0.00253151,0.00100000,signal_reverse
volatility_breakout,BTCUSDT,random_search,707014,8,4,2024-04-12T19:00:00.000+0000,2024-04-22T05:00:00.000+0000,short,227,-0.00430904,-0.00163430,0.00100000,signal_reverse
volatility_breakout,BTCUSDT,random_search,707014,8,5,2024-04-22T06:00:00.000+0000,2024-04-24T18:00:00.000+0000,long,61,-0.03510621,0.00020078,0.00100000,signal_reverse
volatility_breakout,BTCUSDT,random_search,707014,8,6,2024-04-24T19:00:00.000+0000,2024-05-04T10:00:00.000+0000,short,232,-0.00918476,-0.00140398,0.00100000,signal_reverse
volatility_breakout,BTCUSDT,random_search,707014,8,7,2024-05-04T11:00:00.000+0000,2024-05-07T23:00:00.000+0000,long,85,-0.03357459,0.00041701,0.00100000,signal_reverse
volatility_breakout,BTCUSDT,random_search,707014,8,8,2024-05-08T00:00:00.000+0000,2024-05-15T12:00:00.000+0000,short,181,-0.02424132,-0.00145211,0.00100000,signal_reverse
volatility_breakout,BTCUSDT,random_search,707014,8,9,2024-05-15T13:00:00.000+0000,2024-06-11T02:00:00.000+0000,long,638,0.06550310,0.00724226,0.00100000,signal_reverse
volatility_breakout,BTCUSDT,random_search,707014,8,10,2024-06-11T03:00:00.000+0000,2024-06-17T22:00:00.000+0000,short,164,0.02392007,-0.00200000,0.00100000,signal_close
volatility_breakout,BTCUSDT,random_search,707014,9,1,2024-07-10T05:00:00.000+0000,2024-07-10T05:00:00.000+0000,long,1,-0.00677740,0.00000000,0.00050000,signal_close
volatility_breakout,BTCUSDT,random_search,707014,9,2,2024-07-15T23:00:00.000+0000,2024-07-16T04:00:00.000+0000,long,6,0.00201556,-0.00005062,0.00050000,signal_close
volatility_breakout,BTCUSDT,random_search,707014,9,3,2024-07-29T17:00:00.000+0000,2024-07-29T18:00:00.000+0000,short,2,-0.00750132,0.00000000,0.00050000,signal_close
volatility_breakout,BTCUSDT,random_search,707014,9,4,2024-08-01T16:00:00.000+0000,2024-08-01T17:00:00.000+0000,short,2,-0.00532765,-0.00010000,0.00050000,signal_close
volatility_breakout,BTCUSDT,random_search,707014,9,5,2024-08-04T18:00:00.000+0000,2024-08-04T18:00:00.000+0000,short,1,-0.01592994,-0.00000000,0.00050000,signal_close
volatility_breakout,BTCUSDT,random_search,707014,9,6,2024-08-05T01:00:00.000+0000,2024-08-05T02:00:00.000+0000,short,2,0.02556946,0.00000000,0.00050000,signal_close
volatility_breakout,BTCUSDT,random_search,707014,9,7,2024-08-08T22:00:00.000+0000,2024-08-08T23:00:00.000+0000,long,2,0.00795105,0.00000000,0.00050000,signal_close
volatility_breakout,BTCUSDT,random_search,707014,9,8,2024-08-13T17:00:00.000+0000,2024-08-13T18:00:00.000+0000,long,2,-0.00616782,0.00000000,0.00050000,signal_close
volatility_breakout,BTCUSDT,random_search,707014,9,9,2024-09-06T15:00:00.000+0000,2024-09-06T19:00:00.000+0000,short,5,0.02143116,-0.00001428,0.00050000,signal_close
volatility_breakout,BTCUSDT,random_search,707014,10,1,2024-09-23T04:00:00.000+0000,2024-09-23T04:00:00.000+0000,long,1,-0.00733612,0.00000000,0.00050000,signal_close
volatility_breakout,BTCUSDT,random_search,707014,10,2,2024-09-27T15:00:00.000+0000,2024-09-27T15:00:00.000+0000,long,1,-0.00396056,0.00000000,0.00050000,signal_close
volatility_breakout,BTCUSDT,random_search,707014,10,3,2024-10-11T20:00:00.000+0000,2024-10-11T20:00:00.000+0000,long,1,-0.00184989,0.00000000,0.00050000,signal_close
volatility_breakout,BTCUSDT,random_search,707014,10,4,2024-10-14T04:00:00.000+0000,2024-10-14T04:00:00.000+0000,long,1,-0.00306375,0.00000000,0.00050000,signal_close
volatility_breakout,BTCUSDT,random_search,707014,10,5,2024-10-14T15:00:00.000+0000,2024-10-14T16:00:00.000+0000,long,2,-0.00381286,0.00010000,0.00050000,signal_close
volatility_breakout,BTCUSDT,random_search,707014,10,6,2024-10-14T23:00:00.000+0000,2024-10-14T23:00:00.000+0000,long,1,-0.00602296,0.00000000,0.00050000,signal_close
volatility_breakout,BTCUSDT,random_search,707014,10,7,2024-10-28T20:00:00.000+0000,2024-10-29T03:00:00.000+0000,long,8,0.01888398,0.00010000,0.00050000,signal_close
volatility_breakout,BTCUSDT,random_search,707014,10,8,2024-10-29T14:00:00.000+0000,2024-10-29T19:00:00.000+0000,long,6,0.00993389,0.00010000,0.00050000,signal_close
volatility_breakout,BTCUSDT,random_search,707014,10,9,2024-11-06T01:00:00.000+0000,2024-11-06T06:00:00.000+0000,long,6,0.04452960,0.00000000,0.00050000,signal_close
volatility_breakout,BTCUSDT,random_search,707014,10,10,2024-11-10T18:00:00.000+0000,2024-11-10T19:00:00.000+0000,long,2,-0.00833151,0.00000000,0.00050000,signal_close
volatility_breakout,BTCUSDT,random_search,707014,10,11,2024-11-11T16:00:00.000+0000,2024-11-12T01:00:00.000+0000,long,10,0.05131177,0.00059133,0.00050000,signal_close
volatility_breakout,BTCUSDT,random_search,707014,10,12,2024-11-13T15:00:00.000+0000,2024-11-13T16:00:00.000+0000,long,2,0.00749916,0.00021856,0.00050000,signal_close
volatility_breakout,BTCUSDT,random_search,707014,10,13,2024-11-21T04:00:00.000+0000,2024-11-21T05:00:00.000+0000,long,2,0.01576033,0.00000000,0.00050000,signal_close
volatility_breakout,BTCUSDT,random_search,707014,10,14,2024-12-04T20:00:00.000+0000,2024-12-04T21:00:00.000+0000,long,2,0.00476046,0.00000000,0.00050000,signal_close
volatility_breakout,BTCUSDT,random_search,707014,10,15,2024-12-05T03:00:00.000+0000,2024-12-05T05:00:00.000+0000,long,3,0.00995370,0.00000000,0.00050000,signal_close
volatility_breakout,BTCUSDT,random_search,707014,11,1,2024-12-24T15:00:00.000+0000,2025-01-20T02:00:00.000+0000,long,636,0.04643838,0.00631439,0.00050000,signal_close
volatility_breakout,BTCUSDT,random_search,707014,11,2,2025-01-24T18:00:00.000+0000,2025-02-03T14:00:00.000+0000,long,237,-0.09621831,0.00211282,0.00050000,signal_close
volatility_breakout,BTCUSDT,random_search,707014,11,3,2025-02-07T05:00:00.000+0000,2025-02-28T01:00:00.000+0000,long,501,-0.17487000,0.00290788,0.00050000,signal_close
volatility_breakout,BTCUSDT,random_search,707014,12,1,2025-04-07T05:00:00.000+0000,2025-04-07T08:00:00.000+0000,short,4,0.00867393,-0.00006857,0.00050000,signal_close
volatility_breakout,BTCUSDT,random_search,707014,12,2,2025-04-13T18:00:00.000+0000,2025-06-12T22:00:00.000+0000,short,1445,-0.22793383,-0.00581055,0.00050000,signal_close
volatility_breakout,BTCUSDT,random_search,707014,13,1,2025-06-25T14:00:00.000+0000,2025-06-25T14:00:00.000+0000,long,1,-0.00338217,0.00000000,0.00050000,signal_close
volatility_breakout,BTCUSDT,random_search,707014,13,2,2025-07-02T09:00:00.000+0000,2025-07-02T09:00:00.000+0000,long,1,-0.00142951,0.00000000,0.00050000,signal_close
volatility_breakout,BTCUSDT,random_search,707014,13,3,2025-07-02T16:00:00.000+0000,2025-07-02T17:00:00.000+0000,long,2,0.00303793,0.00004130,0.00050000,signal_close
volatility_breakout,BTCUSDT,random_search,707014,13,4,2025-07-09T20:00:00.000+0000,2025-07-09T20:00:00.000+0000,long,1,-0.00983594,0.00000000,0.00050000,signal_close
volatility_breakout,BTCUSDT,random_search,707014,13,5,2025-07-10T17:00:00.000+0000,2025-07-10T18:00:00.000+0000,long,2,0.00649644,0.00000000,0.00050000,signal_close
volatility_breakout,BTCUSDT,random_search,707014,13,6,2025-07-10T22:00:00.000+0000,2025-07-10T22:00:00.000+0000,long,1,-0.00458554,0.00000000,0.00050000,signal_close
volatility_breakout,BTCUSDT,random_search,707014,13,7,2025-07-14T04:00:00.000+0000,2025-07-14T04:00:00.000+0000,long,1,0.00477444,0.00000000,0.00050000,signal_close
volatility_breakout,BTCUSDT,random_search,707014,13,8,2025-07-14T06:00:00.000+0000,2025-07-14T06:00:00.000+0000,long,1,-0.00314032,0.00000000,0.00050000,signal_close
volatility_breakout,BTCUSDT,random_search,707014,13,9,2025-08-06T15:00:00.000+0000,2025-08-06T16:00:00.000+0000,long,2,-0.00104892,0.00008288,0.00050000,signal_close
volatility_breakout,BTCUSDT,random_search,707014,13,10,2025-08-11T02:00:00.000+0000,2025-08-11T03:00:00.000+0000,long,2,0.01326190,0.00000000,0.00050000,signal_close
volatility_breakout,BTCUSDT,random_search,707014,13,11,2025-08-13T14:00:00.000+0000,2025-08-13T14:00:00.000+0000,long,1,-0.00786837,0.00000000,0.00050000,signal_close
volatility_breakout,BTCUSDT,random_search,707014,13,12,2025-08-22T15:00:00.000+0000,2025-08-22T16:00:00.000+0000,long,2,0.00257112,0.00005867,0.00050000,signal_close
volatility_breakout,BTCUSDT,random_search,707014,13,13,2025-09-05T08:00:00.000+0000,2025-09-05T08:00:00.000+0000,long,1,-0.00335465,0.00010000,0.00050000,signal_close
volatility_breakout,BTCUSDT,random_search,707014,13,14,2025-09-10T13:00:00.000+0000,2025-09-10T14:00:00.000+0000,long,2,0.00377363,0.00000000,0.00050000,signal_close
volatility_breakout,BTCUSDT,random_search,707014,14,1,2025-10-10T21:00:00.000+0000,2025-10-15T07:00:00.000+0000,long,107,-0.01383437,-0.00007618,0.00050000,signal_close
volatility_breakout,BTCUSDT,random_search,707014,14,2,2025-10-17T01:00:00.000+0000,2025-10-17T01:00:00.000+0000,long,1,-0.00015973,0.00000000,0.00050000,signal_close
volatility_breakout,BTCUSDT,random_search,707014,14,3,2025-10-17T06:00:00.000+0000,2025-10-20T15:00:00.000+0000,long,82,0.02552495,-0.00015775,0.00050000,signal_close
volatility_breakout,BTCUSDT,random_search,707014,14,4,2025-10-21T15:00:00.000+0000,2025-10-25T14:00:00.000+0000,long,96,-0.00526524,0.00031848,0.00050000,signal_close
volatility_breakout,BTCUSDT,random_search,707014,14,5,2025-10-30T06:00:00.000+0000,2025-11-03T04:00:00.000+0000,long,95,-0.02214725,0.00085089,0.00050000,signal_close
volatility_breakout,BTCUSDT,random_search,707014,14,6,2025-11-04T06:00:00.000+0000,2025-11-08T17:00:00.000+0000,long,108,-0.02156568,0.00073447,0.00050000,signal_close
volatility_breakout,BTCUSDT,random_search,707014,14,7,2025-11-12T16:00:00.000+0000,2025-11-29T07:00:00.000+0000,long,400,-0.11638080,0.00233717,0.00050000,signal_close
volatility_breakout,BTCUSDT,random_search,707014,14,8,2025-12-01T01:00:00.000+0000,2025-12-06T20:00:00.000+0000,long,140,0.02964883,0.00036796,0.00050000,signal_close
volatility_breakout,BTCUSDT,random_search,707014,14,9,2025-12-07T18:00:00.000+0000,2025-12-07T19:00:00.000+0000,long,2,0.00472922,0.00000000,0.00050000,signal_close
volatility_breakout,BTCUSDT,random_search,707014,14,10,2025-12-07T22:00:00.000+0000,2025-12-09T22:00:00.000+0000,long,49,0.02899165,0.00022075,0.00050000,signal_close
volatility_breakout,BTCUSDT,random_search,765570,1,1,2022-07-11T23:00:00.000+0000,2022-07-14T17:00:00.000+0000,short,67,-0.03830081,-0.00028806,0.00050000,signal_close
volatility_breakout,BTCUSDT,random_search,765570,1,2,2022-07-17T13:00:00.000+0000,2022-07-18T23:00:00.000+0000,short,35,-0.04999295,-0.00038709,0.00050000,signal_close
volatility_breakout,BTCUSDT,random_search,765570,1,3,2022-07-24T01:00:00.000+0000,2022-07-24T05:00:00.000+0000,short,5,-0.00954527,0.00000000,0.00050000,signal_close
volatility_breakout,BTCUSDT,random_search,765570,1,4,2022-07-24T07:00:00.000+0000,2022-07-28T15:00:00.000+0000,short,105,-0.04879091,-0.00086019,0.00050000,signal_close
volatility_breakout,BTCUSDT,random_search,765570,1,5,2022-07-28T17:00:00.000+0000,2022-07-28T17:00:00.000+0000,short,1,-0.01009916,-0.00000000,0.00050000,signal_close
volatility_breakout,BTCUSDT,random_search,765570,1,6,2022-07-29T02:00:00.000+0000,2022-07-29T11:00:00.000+0000,short,10,0.00485653,-0.00010000,0.00050000,signal_close
volatility_breakout,BTCUSDT,random_search,765570,1,7,2022-07-29T23:00:00.000+0000,2022-07-30T19:00:00.000+0000,short,21,0.00016398,-0.00030000,0.00050000,signal_close
volatility_breakout,BTCUSDT,random_search,765570,1,8,2022-07-31T19:00:00.000+0000,2022-09-13T18:00:00.000+0000,short,1056,0.14552441,-0.00357230,0.00050000,signal_close
volatility_breakout,BTCUSDT,random_search,765570,1,9,2022-09-16T03:00:00.000+0000,2022-09-21T17:00:00.000+0000,short,135,-0.00811834,-0.00053583,0.00050000,signal_close
volatility_breakout,BTCUSDT,random_search,765570,1,10,2022-09-23T20:00:00.000+0000,2022-09-23T21:00:00.000+0000,short,2,-0.01120518,0.00000000,0.00050000,signal_close
volatility_breakout,BTCUSDT,random_search,765570,1,11,2022-09-24T18:00:00.000+0000,2022-09-26T22:00:00.000+0000,short,53,-0.00392823,-0.00014778,0.00050000,signal_close
volatility_breakout,BTCUSDT,random_search,765570,2,1,2022-11-08T05:00:00.000+0000,2022-11-08T05:00:00.000+0000,short,1,-0.00380173,-0.00000000,0.00050000,signal_close
volatility_breakout,BTCUSDT,random_search,765570,2,2,2022-11-08T19:00:00.000+0000,2022-11-08T21:00:00.000+0000,short,3,-0.00689875,0.00000000,0.00050000,signal_close
volatility_breakout,BTCUSDT,random_search,765570,3,1,2023-02-15T21:00:00.000+0000,2023-02-20T20:00:00.000+0000,short,120,-0.02802217,-0.00163171,0.00050000,signal_close
volatility_breakout,BTCUSDT,random_search,765570,3,2,2023-03-03T02:00:00.000+0000,2023-03-07T01:00:00.000+0000,short,96,-0.01566927,-0.00024242,0.00050000,signal_close
volatility_breakout,BTCUSDT,random_search,765570,3,3,2023-03-10T13:00:00.000+0000,2023-03-25T22:00:00.000+0000,short,370,-0.32986978,-0.00335822,0.00050000,signal_close
volatility_breakout,BTCUSDT,random_search,765570,4,1,2023-03-29T07:00:00.000+0000,2023-04-01T18:00:00.000+0000,long,84,0.01133190,0.00073332,0.00050000,signal_close
volatility_breakout,BTCUSDT,random_search,765570,4,2,2023-04-26T20:00:00.000+0000,2023-04-30T20:00:00.000+0000,long,97,0.05081888,0.00063353,0.00050000,signal_close
volatility_breakout,BTCUSDT,random_search,765570,4,3,2023-06-08T15:00:00.000+0000,2023-06-09T15:00:00.000+0000,long,25,-0.00702704,0.00018515,0.00050000,signal_close
volatility_breakout,BTCUSDT,random_search,765570,4,4,2023-06-23T16:00:00.000+0000,2023-06-23T22:00:00.000+0000,long,7,-0.01992696,0.00010000,0.00050000,signal_close
volatility_breakout,BTCUSDT,random_search,765570,5,1,2023-07-13T19:00:00.000+0000,2023-07-13T20:00:00.000+0000,long,2,0.00333162,0.00000000,0.00050000,signal_close
volatility_breakout,BTCUSDT,random_search,765570,5,2,2023-08-02T00:00:00.000+0000,2023-08-02T02:00:00.000+0000,long,3,0.00272605,0.00010000,0.00050000,signal_close
volatility_breakout,BTCUSDT,random_search,765570,5,3,2023-08-08T12:00:00.000+0000,2023-08-08T13:00:00.000+0000,long,2,-0.00321979,0.00000000,0.00050000,signal_close
volatility_breakout,BTCUSDT,random_search,765570,5,4,2023-08-08T17:00:00.000+0000,2023-08-08T17:00:00.000+0000,long,1,0.00159873,0.00000000,0.00050000,signal_close
volatility_breakout,BTCUSDT,random_search,765570,5,5,2023-08-23T17:00:00.000+0000,2023-08-23T18:00:00.000+0000,long,2,0.00209841,0.00000000,0.00050000,signal_close
volatility_breakout,BTCUSDT,random_search,765570,5,6,2023-08-29T17:00:00.000+0000,2023-08-29T17:00:00.000+0000,long,1,-0.00436947,0.00000000,0.00050000,signal_close
volatility_breakout,BTCUSDT,random_search,765570,5,7,2023-09-12T11:00:00.000+0000,2023-09-12T11:00:00.000+0000,long,1,-0.00287482,0.00000000,0.00050000,signal_close
volatility_breakout,BTCUSDT,random_search,765570,5,8,2023-09-14T01:00:00.000+0000,2023-09-14T01:00:00.000+0000,long,1,-0.01376097,0.00000000,0.00050000,signal_close
volatility_breakout,BTCUSDT,random_search,765570,6,1,2023-10-23T23:00:00.000+0000,2023-10-28T04:00:00.000+0000,short,102,-0.02280827,-0.00130000,0.00050000,signal_close
volatility_breakout,BTCUSDT,random_search,765570,6,2,2023-11-09T17:00:00.000+0000,2023-11-13T00:00:00.000+0000,short,80,-0.01978713,-0.00171542,0.00050000,signal_close
volatility_breakout,BTCUSDT,random_search,765570,6,3,2023-11-13T02:00:00.000+0000,2023-11-13T02:00:00.000+0000,short,1,0.00077910,-0.00000000,0.00050000,signal_close
volatility_breakout,BTCUSDT,random_search,765570,6,4,2023-11-16T16:00:00.000+0000,2023-11-18T18:00:00.000+0000,short,51,-0.00814915,-0.00072014,0.00050000,signal_close
volatility_breakout,BTCUSDT,random_search,765570,6,5,2023-12-12T18:00:00.000+0000,2023-12-16T00:00:00.000+0000,short,79,-0.02941558,-0.00104672,0.00050000,signal_close
volatility_breakout,BTCUSDT,random_search,765570,6,6,2023-12-20T17:00:00.000+0000,2023-12-20T22:00:00.000+0000,short,6,0.00135029,0.00000000,0.00050000,signal_close
volatility_breakout,BTCUSDT,random_search,765570,7,1,2023-12-24T23:00:00.000+0000,2023-12-27T10:00:00.000+0000,short,60,-0.00441440,-0.00220178,0.00050000,signal_reverse
volatility_breakout,BTCUSDT,random_search,765570,7,2,2023-12-27T11:00:00.000+0000,2024-01-03T11:00:00.000+0000,long,169,0.00454585,0.00787260,0.00100000,signal_reverse
volatility_breakout,BTCUSDT,random_search,765570,7,3,2024-01-03T12:00:00.000+0000,2024-01-08T18:00:00.000+0000,short,127,-0.07327120,-0.00160000,0.00100000,signal_reverse
volatility_breakout,BTCUSDT,random_search,765570,7,4,2024-01-08T19:00:00.000+0000,2024-01-12T15:00:00.000+0000,long,93,-0.05259094,0.00110000,0.00100000,signal_reverse
volatility_breakout,BTCUSDT,random_search,765570,7,5,2024-01-12T16:00:00.000+0000,2024-01-26T10:00:00.000+0000,short,331,0.08934263,-0.00420000,0.00100000,signal_reverse
volatility_breakout,BTCUSDT,random_search,765570,7,6,2024-01-26T11:00:00.000+0000,2024-02-17T13:00:00.000+0000,long,531,0.22878984,0.00600117,0.00100000,signal_reverse
volatility_breakout,BTCUSDT,random_search,765570,7,7,2024-02-17T14:00:00.000+0000,2024-02-20T13:00:00.000+0000,short,72,-0.03205527,-0.00143039,0.00100000,signal_reverse
volatility_breakout,BTCUSDT,random_search,765570,7,8,2024-02-20T14:00:00.000+0000,2024-02-26T09:00:00.000+0000,long,140,-0.03912228,0.00240369,0.00100000,signal_reverse
volatility_breakout,BTCUSDT,random_search,765570,7,9,2024-02-26T10:00:00.000+0000,2024-02-26T15:00:00.000+0000,short,6,-0.03765695,0.00000000,0.00100000,signal_reverse
volatility_breakout,BTCUSDT,random_search,765570,7,10,2024-02-26T16:00:00.000+0000,2024-03-05T19:00:00.000+0000,long,196,0.14350912,0.01292990,0.00100000,signal_reverse
volatility_breakout,BTCUSDT,random_search,765570,7,11,2024-03-05T20:00:00.000+0000,2024-03-10T01:00:00.000+0000,short,102,-0.11387803,-0.00494083,0.00100000,signal_reverse
volatility_breakout,BTCUSDT,random_search,765570,7,12,2024-03-10T02:00:00.000+0000,2024-03-19T22:00:00.000+0000,long,237,-0.10050794,0.01016230,0.00100000,signal_close
volatility_breakout,BTCUSDT,random_search,765570,8,1,2024-05-05T19:00:00.000+0000,2024-06-17T22:00:00.000+0000,long,1036,0.03942066,0.01093427,0.00050000,signal_close
volatility_breakout,BTCUSDT,random_search,765570,9,1,2024-06-30T23:00:00.000+0000,2024-06-30T23:00:00.000+0000,long,1,-0.00254786,0.00000000,0.00050000,signal_close
volatility_breakout,BTCUSDT,random_search,765570,9,2,2024-07-01T02:00:00.000+0000,2024-07-01T02:00:00.000+0000,long,1,-0.00371851,0.00000000,0.00050000,signal_close
volatility_breakout,BTCUSDT,random_search,765570,9,3,2024-07-10T05:00:00.000+0000,2024-07-10T05:00:00.000+0000,long,1,-0.00677740,0.00000000,0.00050000,signal_close
volatility_breakout,BTCUSDT,random_search,765570,9,4,2024-07-14T06:00:00.000+0000,2024-07-14T06:00:00.000+0000,long,1,-0.00683556,0.00000000,0.00050000,signal_close
volatility_breakout,BTCUSDT,random_search,765570,9,5,2024-07-14T22:00:00.000+0000,2024-07-14T22:00:00.000+0000,long,1,-0.00749476,0.00000000,0.00050000,signal_close
volatility_breakout,BTCUSDT,random_search,765570,9,6,2024-07-15T03:00:00.000+0000,2024-07-15T04:00:00.000+0000,long,2,0.00147772,0.00000000,0.00050000,signal_close
volatility_breakout,BTCUSDT,random_search,765570,9,7,2024-07-15T23:00:00.000+0000,2024-07-15T23:00:00.000+0000,long,1,0.00527835,0.00000000,0.00050000,signal_close
volatility_breakout,BTCUSDT,random_search,765570,9,8,2024-07-19T17:00:00.000+0000,2024-07-19T18:00:00.000+0000,long,2,0.00510644,0.00000000,0.00050000,signal_close
volatility_breakout,BTCUSDT,random_search,765570,9,9,2024-07-19T20:00:00.000+0000,2024-07-19T20:00:00.000+0000,long,1,-0.00370976,0.00000000,0.00050000,signal_close
volatility_breakout,BTCUSDT,random_search,765570,9,10,2024-07-27T13:00:00.000+0000,2024-07-27T14:00:00.000+0000,long,2,0.00804834,0.00000000,0.00050000,signal_close
volatility_breakout,BTCUSDT,random_search,765570,9,11,2024-07-29T03:00:00.000+0000,2024-07-29T03:00:00.000+0000,long,1,-0.00343411,0.00000000,0.00050000,signal_close
volatility_breakout,BTCUSDT,random_search,765570,9,12,2024-08-08T22:00:00.000+0000,2024-08-08T23:00:00.000+0000,long,2,0.00795105,0.00000000,0.00050000,signal_close
volatility_breakout,BTCUSDT,random_search,765570,9,13,2024-08-20T01:00:00.000+0000,2024-08-20T01:00:00.000+0000,long,1,-0.00114842,0.00000000,0.00050000,signal_close
volatility_breakout,BTCUSDT,random_search,765570,9,14,2024-08-21T20:00:00.000+0000,2024-08-21T20:00:00.000+0000,long,1,-0.00592266,0.00000000,0.00050000,signal_close
volatility_breakout,BTCUSDT,random_search,765570,9,15,2024-08-23T18:00:00.000+0000,2024-08-23T20:00:00.000+0000,long,3,0.00924595,0.00000000,0.00050000,signal_close
volatility_breakout,BTCUSDT,random_search,765570,9,16,2024-08-23T22:00:00.000+0000,2024-08-23T22:00:00.000+0000,long,1,-0.00487140,0.00000000,0.00050000,signal_close
volatility_breakout,BTCUSDT,random_search,765570,9,17,2024-09-09T22:00:00.000+0000,2024-09-09T22:00:00.000+0000,long,1,-0.00461668,0.00000000,0.00050000,signal_close
volatility_breakout,BTCUSDT,random_search,765570,9,18,2024-09-13T16:00:00.000+0000,2024-09-13T16:00:00.000+0000,long,1,-0.00388697,-0.00002443,0.00050000,signal_close
volatility_breakout,BTCUSDT,random_search,765570,9,19,2024-09-13T22:00:00.000+0000,2024-09-13T23:00:00.000+0000,long,2,0.00313519,0.00000000,0.00050000,signal_close
volatility_breakout,BTCUSDT,random_search,765570,10,1,2024-10-10T18:00:00.000+0000,2024-10-10T19:00:00.000+0000,short,2,-0.00231850,0.00000000,0.00050000,signal_close
volatility_breakout,BTCUSDT,random_search,765570,10,2,2024-11-06T03:00:00.000+0000,2024-11-06T06:00:00.000+0000,long,4,0.01610890,0.00000000,0.00050000,signal_close
volatility_breakout,BTCUSDT,random_search,765570,10,3,2024-11-11T16:00:00.000+0000,2024-11-12T01:00:00.000+0000,long,10,0.05131177,0.00059133,0.00050000,signal_close
volatility_breakout,BTCUSDT,random_search,765570,10,4,2024-11-13T15:00:00.000+0000,2024-11-13T16:00:00.000+0000,long,2,0.00749916,0.00021856,0.00050000,signal_close
volatility_breakout,BTCUSDT,random_search,765570,10,5,2024-11-21T05:00:00.000+0000,2024-11-21T05:00:00.000+0000,long,1,-0.00304224,0.00000000,0.00050000,signal_close
volatility_breakout,BTCUSDT,random_search,765570,10,6,2024-12-04T21:00:00.000+0000,2024-12-04T21:00:00.000+0000,long,1,-0.01086502,0.00000000,0.00050000,signal_close
volatility_breakout,BTCUSDT,random_search,765570,10,7,2024-12-05T03:00:00.000+0000,2024-12-05T05:00:00.000+0000,long,3,0.00995370,0.00000000,0.00050000,signal_close
volatility_breakout,BTCUSDT,random_search,765570,11,1,2025-01-06T15:00:00.000+0000,2025-01-06T17:00:00.000+0000,long,3,0.01029835,0.00010000,0.00050000,signal_close
volatility_breakout,BTCUSDT,random_search,765570,11,2,2025-01-10T18:00:00.000+0000,2025-01-10T18:00:00.000+0000,long,1,-0.01029854,0.00000000,0.00050000,signal_close
volatility_breakout,BTCUSDT,random_search,765570,11,3,2025-01-17T02:00:00.000+0000,2025-01-17T02:00:00.000+0000,long,1,-0.00619186,0.00000000,0.00050000,signal_close
volatility_breakout,BTCUSDT,random_search,765570,11,4,2025-01-17T15:00:00.000+0000,2025-01-17T18:00:00.000+0000,long,4,0.01360609,0.00003432,0.00050000,signal_close
volatility_breakout,BTCUSDT,random_search,765570,11,5,2025-01-17T20:00:00.000+0000,2025-01-17T20:00:00.000+0000,long,1,-0.01105677,0.00000000,0.00050000,signal_close
volatility_breakout,BTCUSDT,random_search,765570,11,6,2025-01-19T20:00:00.000+0000,2025-01-19T21:00:00.000+0000,long,2,-0.02458929,0.00000000,0.00050000,signal_close
volatility_breakout,BTCUSDT,random_search,765570,11,7,2025-01-20T07:00:00.000+0000,2025-01-20T07:00:00.000+0000,long,1,-0.00396346,0.00000000,0.00050000,signal_close
volatility_breakout,BTCUSDT,random_search,765570,11,8,2025-02-03T20:00:00.000+0000,2025-02-03T20:00:00.000+0000,long,1,-0.00832957,0.00000000,0.00050000,signal_close
volatility_breakout,BTCUSDT,random_search,765570,12,1,2025-04-01T16:00:00.000+0000,2025-04-01T16:00:00.000+0000,long,1,-0.00262968,0.00003573,0.00050000,signal_close
volatility_breakout,BTCUSDT,random_search,765570,12,2,2025-04-02T16:00:00.000+0000,2025-04-02T16:00:00.000+0000,long,1,0.00299286,0.00000733,0.00050000,signal_close
volatility_breakout,BTCUSDT,random_search,765570,12,3,2025-04-09T18:00:00.000+0000,2025-04-09T18:00:00.000+0000,long,1,-0.00541590,0.00000000,0.00050000,signal_close
volatility_breakout,BTCUSDT,random_search,765570,12,4,2025-04-22T14:00:00.000+0000,2025-04-22T15:00:00.000+0000,long,2,0.00725943,0.00000000,0.00050000,signal_close
volatility_breakout,BTCUSDT,random_search,765570,12,5,2025-04-22T22:00:00.000+0000,2025-04-22T22:00:00.000+0000,long,1,-0.00291572,0.00000000,0.00050000,signal_close
volatility_breakout,BTCUSDT,random_search,765570,12,6,2025-05-06T23:00:00.000+0000,2025-05-07T01:00:00.000+0000,long,3,0.00989154,0.00001218,0.00050000,signal_close
volatility_breakout,BTCUSDT,random_search,765570,12,7,2025-05-08T16:00:00.000+0000,2025-05-08T16:00:00.000+0000,long,1,0.00445608,0.00005728,0.00050000,signal_close
volatility_breakout,BTCUSDT,random_search,765570,12,8,2025-05-08T21:00:00.000+0000,2025-05-08T21:00:00.000+0000,long,1,0.00167593,0.00000000,0.00050000,signal_close
volatility_breakout,BTCUSDT,random_search,765570,12,9,2025-05-21T15:00:00.000+0000,2025-05-21T15:00:00.000+0000,long,1,-0.00074228,0.00000000,0.00050000,signal_close
volatility_breakout,BTCUSDT,random_search,765570,12,10,2025-06-09T22:00:00.000+0000,2025-06-09T22:00:00.000+0000,long,1,0.00128650,0.00000000,0.00050000,signal_close
volatility_breakout,BTCUSDT,random_search,765570,13,1,2025-07-10T17:00:00.000+0000,2025-07-10T18:00:00.000+0000,long,2,0.00649644,0.00000000,0.00050000,signal_close
volatility_breakout,BTCUSDT,random_search,765570,13,2,2025-07-10T22:00:00.000+0000,2025-07-10T22:00:00.000+0000,long,1,-0.00458554,0.00000000,0.00050000,signal_close
volatility_breakout,BTCUSDT,random_search,765570,13,3,2025-07-14T04:00:00.000+0000,2025-07-14T04:00:00.000+0000,long,1,0.00477444,0.00000000,0.00050000,signal_close
volatility_breakout,BTCUSDT,random_search,765570,13,4,2025-07-14T06:00:00.000+0000,2025-07-14T06:00:00.000+0000,long,1,-0.00314032,0.00000000,0.00050000,signal_close
volatility_breakout,BTCUSDT,random_search,765570,13,5,2025-08-11T02:00:00.000+0000,2025-08-11T03:00:00.000+0000,long,2,0.01326190,0.00000000,0.00050000,signal_close
volatility_breakout,BTCUSDT,random_search,765570,13,6,2025-08-13T14:00:00.000+0000,2025-08-13T14:00:00.000+0000,long,1,-0.00786837,0.00000000,0.00050000,signal_close
volatility_breakout,BTCUSDT,random_search,765570,14,1,2025-10-10T21:00:00.000+0000,2025-10-10T22:00:00.000+0000,short,2,0.00467732,0.00000000,0.00050000,signal_close
volatility_breakout,BTCUSDT,random_search,765570,14,2,2025-10-14T11:00:00.000+0000,2025-10-14T11:00:00.000+0000,short,1,-0.00653669,-0.00000000,0.00050000,signal_close
volatility_breakout,BTCUSDT,random_search,765570,14,3,2025-10-17T07:00:00.000+0000,2025-10-17T10:00:00.000+0000,short,4,0.01804779,0.00000634,0.00050000,signal_close
volatility_breakout,BTCUSDT,random_search,765570,14,4,2025-10-20T04:00:00.000+0000,2025-10-20T07:00:00.000+0000,long,4,0.00879581,0.00000000,0.00050000,signal_close
volatility_breakout,BTCUSDT,random_search,765570,14,5,2025-10-21T15:00:00.000+0000,2025-10-21T16:00:00.000+0000,long,2,0.00299504,-0.00002506,0.00050000,signal_close
volatility_breakout,BTCUSDT,random_search,765570,14,6,2025-11-03T03:00:00.000+0000,2025-11-03T04:00:00.000+0000,short,2,0.01003596,0.00000000,0.00050000,signal_close
volatility_breakout,BTCUSDT,random_search,765570,14,7,2025-11-04T06:00:00.000+0000,2025-11-04T06:00:00.000+0000,short,1,-0.00566588,-0.00000000,0.00050000,signal_close
volatility_breakout,BTCUSDT,random_search,765570,14,8,2025-11-04T17:00:00.000+0000,2025-11-04T18:00:00.000+0000,short,2,0.00837565,0.00000000,0.00050000,signal_close
volatility_breakout,BTCUSDT,random_search,765570,14,9,2025-11-12T16:00:00.000+0000,2025-11-12T17:00:00.000+0000,short,2,0.00369676,-0.00005786,0.00050000,signal_close
volatility_breakout,BTCUSDT,random_search,765570,14,10,2025-11-13T18:00:00.000+0000,2025-11-13T21:00:00.000+0000,short,4,0.00784913,0.00000000,0.00050000,signal_close
volatility_breakout,BTCUSDT,random_search,765570,14,11,2025-11-16T22:00:00.000+0000,2025-11-16T22:00:00.000+0000,short,1,-0.00781334,-0.00000000,0.00050000,signal_close
volatility_breakout,BTCUSDT,random_search,765570,14,12,2025-11-17T20:00:00.000+0000,2025-11-17T20:00:00.000+0000,short,1,-0.00294173,-0.00000000,0.00050000,signal_close
volatility_breakout,BTCUSDT,random_search,765570,14,13,2025-11-18T03:00:00.000+0000,2025-11-18T05:00:00.000+0000,short,3,0.00666468,0.00000000,0.00050000,signal_close
volatility_breakout,BTCUSDT,random_search,765570,14,14,2025-11-20T17:00:00.000+0000,2025-11-20T19:00:00.000+0000,short,3,0.01058523,0.00000000,0.00050000,signal_close
volatility_breakout,BTCUSDT,random_search,765570,14,15,2025-11-21T03:00:00.000+0000,2025-11-21T03:00:00.000+0000,short,1,-0.00502127,-0.00000000,0.00050000,signal_close
volatility_breakout,BTCUSDT,random_search,765570,14,16,2025-11-21T08:00:00.000+0000,2025-11-21T10:00:00.000+0000,short,3,0.01537295,-0.00004524,0.00050000,signal_close
volatility_breakout,BTCUSDT,random_search,765570,14,17,2025-11-23T05:00:00.000+0000,2025-11-23T05:00:00.000+0000,long,1,-0.00262949,0.00000000,0.00050000,signal_close
volatility_breakout,BTCUSDT,random_search,765570,14,18,2025-11-23T22:00:00.000+0000,2025-11-23T23:00:00.000+0000,long,2,-0.01342900,0.00000000,0.00050000,signal_close
volatility_breakout,BTCUSDT,random_search,765570,14,19,2025-11-24T18:00:00.000+0000,2025-11-24T19:00:00.000+0000,long,2,-0.00091239,0.00000000,0.00050000,signal_close
volatility_breakout,BTCUSDT,random_search,765570,14,20,2025-11-24T21:00:00.000+0000,2025-11-24T21:00:00.000+0000,long,1,-0.00392962,0.00000000,0.00050000,signal_close
volatility_breakout,BTCUSDT,random_search,765570,14,21,2025-11-26T18:00:00.000+0000,2025-11-26T19:00:00.000+0000,long,2,0.00096474,0.00000000,0.00050000,signal_close
volatility_breakout,BTCUSDT,random_search,765570,14,22,2025-11-27T02:00:00.000+0000,2025-11-27T03:00:00.000+0000,long,2,-0.00099011,0.00000000,0.00050000,signal_close
volatility_breakout,BTCUSDT,random_search,765570,14,23,2025-11-28T14:00:00.000+0000,2025-11-28T14:00:00.000+0000,long,1,-0.00187768,0.00000000,0.00050000,signal_close
volatility_breakout,BTCUSDT,random_search,765570,14,24,2025-12-01T01:00:00.000+0000,2025-12-01T01:00:00.000+0000,short,1,-0.00237880,-0.00000000,0.00050000,signal_close
volatility_breakout,BTCUSDT,random_search,765570,14,25,2025-12-01T03:00:00.000+0000,2025-12-01T05:00:00.000+0000,short,3,0.00779561,0.00000000,0.00050000,signal_close
volatility_breakout,BTCUSDT,random_search,765570,14,26,2025-12-03T03:00:00.000+0000,2025-12-03T03:00:00.000+0000,long,1,-0.00260058,0.00000000,0.00050000,signal_close
volatility_breakout,BTCUSDT,random_search,765570,14,27,2025-12-05T14:00:00.000+0000,2025-12-05T15:00:00.000+0000,short,2,-0.00028602,0.00000000,0.00050000,signal_close
volatility_breakout,BTCUSDT,random_search,765570,14,28,2025-12-05T17:00:00.000+0000,2025-12-05T17:00:00.000+0000,short,1,-0.00637781,-0.00000000,0.00050000,signal_close
volatility_breakout,BTCUSDT,random_search,765570,14,29,2025-12-07T18:00:00.000+0000,2025-12-07T19:00:00.000+0000,long,2,0.00472922,0.00000000,0.00050000,signal_close
volatility_breakout,BTCUSDT,random_search,765570,14,30,2025-12-09T16:00:00.000+0000,2025-12-09T17:00:00.000+0000,long,2,0.01251999,0.00005443,0.00050000,signal_close
volatility_breakout,BTCUSDT,random_search,891022,0,1,2022-04-10T18:00:00.000+0000,2022-04-10T20:00:00.000+0000,long,3,-0.00031819,0.00000000,0.00050000,signal_close
volatility_breakout,BTCUSDT,random_search,891022,0,2,2022-04-10T23:00:00.000+0000,2022-04-11T00:00:00.000+0000,short,2,-0.00522384,-0.00000243,0.00050000,signal_close
volatility_breakout,BTCUSDT,random_search,891022,0,3,2022-04-14T16:00:00.000+0000,2022-04-14T20:00:00.000+0000,short,5,0.00089487,-0.00004423,0.00050000,signal_close
volatility_breakout,BTCUSDT,random_search,891022,0,4,2022-04-16T16:00:00.000+0000,2022-04-16T16:00:00.000+0000,short,1,-0.00406939,-0.00006201,0.00050000,signal_close
volatility_breakout,BTCUSDT,random_search,891022,0,5,2022-04-18T05:00:00.000+0000,2022-04-18T11:00:00.000+0000,short,7,-0.00523531,0.00017197,0.00050000,signal_close
volatility_breakout,BTCUSDT,random_search,891022,0,6,2022-04-21T21:00:00.000+0000,2022-04-22T04:00:00.000+0000,short,8,-0.00060877,-0.00003026,0.00050000,signal_close
volatility_breakout,BTCUSDT,random_search,891022,0,7,2022-04-26T16:00:00.000+0000,2022-04-27T02:00:00.000+0000,short,11,0.00327139,0.00002640,0.00050000,signal_close
volatility_breakout,BTCUSDT,random_search,891022,0,8,2022-05-01T00:00:00.000+0000,2022-05-01T01:00:00.000+0000,short,2,-0.00845662,-0.00002403,0.00050000,signal_close
volatility_breakout,BTCUSDT,random_search,891022,0,9,2022-05-03T19:00:00.000+0000,2022-05-04T00:00:00.000+0000,short,6,-0.00393058,-0.00010000,0.00050000,signal_close
volatility_breakout,BTCUSDT,random_search,891022,0,10,2022-05-05T15:00:00.000+0000,2022-05-05T23:00:00.000+0000,short,9,0.04380045,-0.00010000,0.00050000,signal_close
volatility_breakout,BTCUSDT,random_search,891022,0,11,2022-05-07T22:00:00.000+0000,2022-05-07T23:00:00.000+0000,short,2,-0.01462045,0.00000000,0.00050000,signal_close
volatility_breakout,BTCUSDT,random_search,891022,0,12,2022-05-11T13:00:00.000+0000,2022-05-11T13:00:00.000+0000,short,1,-0.06632783,-0.00000000,0.00050000,signal_close
volatility_breakout,BTCUSDT,random_search,891022,0,13,2022-05-15T21:00:00.000+0000,2022-05-16T00:00:00.000+0000,long,4,0.00102707,0.00010000,0.00050000,signal_close
volatility_breakout,BTCUSDT,random_search,891022,0,14,2022-05-19T16:00:00.000+0000,2022-05-19T16:00:00.000+0000,long,1,-0.00835445,0.00007465,0.00050000,signal_close
volatility_breakout,BTCUSDT,random_search,891022,0,15,2022-05-22T10:00:00.000+0000,2022-05-22T11:00:00.000+0000,long,2,-0.00849500,0.00000000,0.00050000,signal_close
volatility_breakout,BTCUSDT,random_search,891022,0,16,2022-05-23T20:00:00.000+0000,2022-05-23T20:00:00.000+0000,short,1,-0.00935674,-0.00000000,0.00050000,signal_close
volatility_breakout,BTCUSDT,random_search,891022,0,17,2022-05-26T09:00:00.000+0000,2022-05-26T09:00:00.000+0000,short,1,-0.00697787,-0.00000000,0.00050000,signal_close
volatility_breakout,BTCUSDT,random_search,891022,0,18,2022-05-30T02:00:00.000+0000,2022-05-30T12:00:00.000+0000,long,11,0.02487739,0.00010000,0.00050000,signal_close
volatility_breakout,BTCUSDT,random_search,891022,0,19,2022-05-30T21:00:00.000+0000,2022-05-31T00:00:00.000+0000,long,4,0.00925008,0.00010000,0.00050000,signal_close
volatility_breakout,BTCUSDT,random_search,891022,0,20,2022-06-01T17:00:00.000+0000,2022-06-01T23:00:00.000+0000,short,7,0.01966829,0.00000000,0.00050000,signal_close
volatility_breakout,BTCUSDT,random_search,891022,0,21,2022-06-06T02:00:00.000+0000,2022-06-06T16:00:00.000+0000,long,15,0.01454296,0.00019656,0.00050000,signal_close
volatility_breakout,BTCUSDT,random_search,891022,0,22,2022-06-07T02:00:00.000+0000,2022-06-07T07:00:00.000+0000,short,6,-0.00099016,0.00000000,0.00050000,signal_close
volatility_breakout,BTCUSDT,random_search,891022,0,23,2022-06-12T03:00:00.000+0000,2022-06-12T06:00:00.000+0000,short,4,-0.00262631,0.00000000,0.00050000,signal_close
volatility_breakout,BTCUSDT,random_search,891022,0,24,2022-06-13T02:00:00.000+0000,2022-06-13T15:00:00.000+0000,short,14,0.09998681,0.00003182,0.00050000,signal_close
volatility_breakout,BTCUSDT,random_search,891022,0,25,2022-06-14T02:00:00.000+0000,2022-06-14T02:00:00.000+0000,short,1,-0.03385765,-0.00000000,0.00050000,signal_close
volatility_breakout,BTCUSDT,random_search,891022,0,26,2022-06-18T07:00:00.000+0000,2022-06-18T10:00:00.000+0000,short,4,0.00119908,-0.00004575,0.00050000,signal_close
volatility_breakout,BTCUSDT,random_search,891022,0,27,2022-06-27T14:00:00.000+0000,2022-06-27T18:00:00.000+0000,short,5,-0.00441581,-0.00006102,0.00050000,signal_close
volatility_breakout,BTCUSDT,random_search,891022,1,1,2022-07-10T15:00:00.000+0000,2022-07-14T17:00:00.000+0000,short,99,0.00358112,-0.00059085,0.00050000,signal_close
volatility_breakout,BTCUSDT,random_search,891022,1,2,2022-07-17T13:00:00.000+0000,2022-07-18T23:00:00.000+0000,short,35,-0.04999295,-0.00038709,0.00050000,signal_close
volatility_breakout,BTCUSDT,random_search,891022,1,3,2022-07-24T01:00:00.000+0000,2022-07-24T05:00:00.000+0000,short,5,-0.00954527,0.00000000,0.00050000,signal_close
volatility_breakout,BTCUSDT,random_search,891022,1,4,2022-07-24T07:00:00.000+0000,2022-07-28T15:00:00.000+0000,short,105,-0.04879091,-0.00086019,0.00050000,signal_close
volatility_breakout,BTCUSDT,random_search,891022,1,5,2022-07-28T17:00:00.000+0000,2022-07-28T17:00:00.000+0000,short,1,-0.01009916,-0.00000000,0.00050000,signal_close
volatility_breakout,BTCUSDT,random_search,891022,1,6,2022-07-29T02:00:00.000+0000,2022-07-29T11:00:00.000+0000,short,10,0.00485653,-0.00010000,0.00050000,signal_close
volatility_breakout,BTCUSDT,random_search,891022,1,7,2022-07-29T23:00:00.000+0000,2022-07-30T19:00:00.000+0000,short,21,0.00016398,-0.00030000,0.00050000,signal_close
volatility_breakout,BTCUSDT,random_search,891022,1,8,2022-07-31T19:00:00.000+0000,2022-09-13T18:00:00.000+0000,short,1056,0.14552441,-0.00357230,0.00050000,signal_close
volatility_breakout,BTCUSDT,random_search,891022,1,9,2022-09-16T03:00:00.000+0000,2022-09-21T17:00:00.000+0000,short,135,-0.00811834,-0.00053583,0.00050000,signal_close
volatility_breakout,BTCUSDT,random_search,891022,1,10,2022-09-23T20:00:00.000+0000,2022-09-23T21:00:00.000+0000,short,2,-0.01120518,0.00000000,0.00050000,signal_close
volatility_breakout,BTCUSDT,random_search,891022,1,11,2022-09-24T18:00:00.000+0000,2022-09-26T22:00:00.000+0000,short,53,-0.00392823,-0.00014778,0.00050000,signal_close
volatility_breakout,BTCUSDT,random_search,891022,2,1,2022-11-08T05:00:00.000+0000,2022-11-08T05:00:00.000+0000,short,1,-0.00380173,-0.00000000,0.00050000,signal_close
volatility_breakout,BTCUSDT,random_search,891022,2,2,2022-11-08T19:00:00.000+0000,2022-11-08T21:00:00.000+0000,short,3,-0.00689875,0.00000000,0.00050000,signal_close
volatility_breakout,BTCUSDT,random_search,891022,2,3,2022-11-09T22:00:00.000+0000,2022-11-09T22:00:00.000+0000,short,1,-0.00979824,-0.00000000,0.00050000,signal_close
volatility_breakout,BTCUSDT,random_search,891022,3,1,2023-01-12T00:00:00.000+0000,2023-02-09T19:00:00.000+0000,long,692,0.20617286,0.00914881,0.00050000,signal_reverse
volatility_breakout,BTCUSDT,random_search,891022,3,2,2023-02-09T20:00:00.000+0000,2023-02-15T12:00:00.000+0000,short,137,-0.03375841,-0.00118401,0.00100000,signal_reverse
volatility_breakout,BTCUSDT,random_search,891022,3,3,2023-02-15T13:00:00.000+0000,2023-02-16T23:00:00.000+0000,long,35,0.03328358,0.00052242,0.00100000,signal_reverse
volatility_breakout,BTCUSDT,random_search,891022,3,4,2023-02-17T00:00:00.000+0000,2023-03-11T01:00:00.000+0000,short,530,0.12974570,-0.00384701,0.00100000,signal_reverse
volatility_breakout,BTCUSDT,random_search,891022,3,5,2023-03-11T02:00:00.000+0000,2023-03-25T22:00:00.000+0000,long,357,0.29567698,0.00335105,0.00100000,signal_close
volatility_breakout,BTCUSDT,random_search,891022,4,1,2023-04-09T22:00:00.000+0000,2023-04-17T00:00:00.000+0000,long,171,0.04754606,0.00160714,0.00050000,signal_reverse
volatility_breakout,BTCUSDT,random_search,891022,4,2,2023-04-17T01:00:00.000+0000,2023-04-26T12:00:00.000+0000,short,228,-0.00648521,-0.00152622,0.00100000,signal_reverse
volatility_breakout,BTCUSDT,random_search,891022,4,3,2023-04-26T13:00:00.000+0000,2023-05-01T01:00:00.000+0000,long,109,-0.04800066,0.00075788,0.00100000,signal_reverse
volatility_breakout,BTCUSDT,random_search,891022,4,4,2023-05-01T02:00:00.000+0000,2023-05-23T03:00:00.000+0000,short,530,0.03849108,-0.00306572,0.00100000,signal_reverse
volatility_breakout,BTCUSDT,random_search,891022,4,5,2023-05-23T04:00:00.000+0000,2023-05-24T13:00:00.000+0000,long,34,-0.03544485,0.00032067,0.00100000,signal_reverse
volatility_breakout,BTCUSDT,random_search,891022,4,6,2023-05-24T14:00:00.000+0000,2023-05-28T18:00:00.000+0000,short,101,-0.04266900,-0.00107670,0.00100000,signal_reverse
volatility_breakout,BTCUSDT,random_search,891022,4,7,2023-05-28T19:00:00.000+0000,2023-05-31T04:00:00.000+0000,long,58,-0.01332962,0.00051428,0.00100000,signal_reverse
volatility_breakout,BTCUSDT,random_search,891022,4,8,2023-05-31T05:00:00.000+0000,2023-06-16T17:00:00.000+0000,short,397,0.03288901,-0.00273275,0.00100000,signal_reverse
volatility_breakout,BTCUSDT,random_search,891022,4,9,2023-06-16T18:00:00.000+0000,2023-06-23T22:00:00.000+0000,long,173,0.15201894,0.00142569,0.00100000,signal_close
volatility_breakout,BTCUSDT,random_search,891022,5,1,2023-07-06T09:00:00.000+0000,2023-07-06T09:00:00.000+0000,long,1,-0.00882546,0.00000000,0.00050000,signal_close
volatility_breakout,BTCUSDT,random_search,891022,5,2,2023-07-10T20:00:00.000+0000,2023-07-10T20:00:00.000+0000,long,1,-0.00216102,0.00000000,0.00050000,signal_close
volatility_breakout,BTCUSDT,random_search,891022,5,3,2023-07-24T10:00:00.000+0000,2023-07-24T10:00:00.000+0000,short,1,-0.00549623,-0.00000000,0.00050000,signal_close
volatility_breakout,BTCUSDT,random_search,891022,5,4,2023-08-02T00:00:00.000+0000,2023-08-02T02:00:00.000+0000,long,3,0.00272605,0.00010000,0.00050000,signal_close
volatility_breakout,BTCUSDT,random_search,891022,5,5,2023-08-07T16:00:00.000+0000,2023-08-07T16:00:00.000+0000,short,1,-0.00307215,-0.00010000,0.00050000,signal_close
volatility_breakout,BTCUSDT,random_search,891022,5,6,2023-08-08T13:00:00.000+0000,2023-08-08T13:00:00.000+0000,long,1,-0.00773589,0.00000000,0.00050000,signal_close
volatility_breakout,BTCUSDT,random_search,891022,5,7,2023-08-17T01:00:00.000+0000,2023-08-17T01:00:00.000+0000,short,1,-0.00243933,-0.00000000,0.00050000,signal_close
volatility_breakout,BTCUSDT,random_search,891022,5,8,2023-08-17T16:00:00.000+0000,2023-08-17T17:00:00.000+0000,short,2,-0.00201495,-0.00010000,0.00050000,signal_close
volatility_breakout,BTCUSDT,random_search,891022,5,9,2023-08-17T22:00:00.000+0000,2023-08-17T22:00:00.000+0000,short,1,-0.02107143,-0.00000000,0.00050000,signal_close
volatility_breakout,BTCUSDT,random_search,891022,5,10,2023-08-29T15:00:00.000+0000,2023-08-29T15:00:00.000+0000,long,1,-0.00317057,0.00000000,0.00050000,signal_close
volatility_breakout,BTCUSDT,random_search,891022,5,11,2023-08-29T17:00:00.000+0000,2023-08-29T17:00:00.000+0000,long,1,-0.00436947,0.00000000,0.00050000,signal_close
volatility_breakout,BTCUSDT,random_search,891022,5,12,2023-08-31T17:00:00.000+0000,2023-08-31T17:00:00.000+0000,short,1,-0.00416087,-0.00000000,0.00050000,signal_close
volatility_breakout,BTCUSDT,random_search,891022,5,13,2023-09-11T15:00:00.000+0000,2023-09-11T16:00:00.000+0000,short,2,-0.00194175,-0.00001838,0.00050000,signal_close
volatility_breakout,BTCUSDT,random_search,891022,5,14,2023-09-18T11:00:00.000+0000,2023-09-18T13:00:00.000+0000,long,3,0.00407538,0.00000000,0.00050000,signal_close
volatility_breakout,BTCUSDT,random_search,891022,6,1,2023-10-23T23:00:00.000+0000,2023-10-28T04:00:00.000+0000,short,102,-0.02280827,-0.00130000,0.00050000,signal_close
volatility_breakout,BTCUSDT,random_search,891022,6,2,2023-11-09T17:00:00.000+0000,2023-11-13T00:00:00.000+0000,short,80,-0.01978713,-0.00171542,0.00050000,signal_close
volatility_breakout,BTCUSDT,random_search,891022,6,3,2023-11-13T02:00:00.000+0000,2023-11-13T02:00:00.000+0000,short,1,0.00077910,-0.00000000,0.00050000,signal_close
volatility_breakout,BTCUSDT,random_search,891022,6,4,2023-11-16T16:00:00.000+0000,2023-11-18T18:00:00.000+0000,short,51,-0.00814915,-0.00072014,0.00050000,signal_close
volatility_breakout,BTCUSDT,random_search,891022,6,5,2023-12-12T18:00:00.000+0000,2023-12-16T00:00:00.000+0000,short,79,-0.02941558,-0.00104672,0.00050000,signal_close
volatility_breakout,BTCUSDT,random_search,891022,6,6,2023-12-20T17:00:00.000+0000,2023-12-20T22:00:00.000+0000,short,6,0.00135029,0.00000000,0.00050000,signal_close
volatility_breakout,BTCUSDT,random_search,891022,7,1,2023-12-26T10:00:00.000+0000,2024-01-01T19:00:00.000+0000,short,154,-0.02041233,-0.00689345,0.00050000,signal_reverse
volatility_breakout,BTCUSDT,random_search,891022,7,2,2024-01-01T20:00:00.000+0000,2024-01-12T16:00:00.000+0000,long,261,0.00413472,0.00473037,0.00100000,signal_reverse
volatility_breakout,BTCUSDT,random_search,891022,7,3,2024-01-12T17:00:00.000+0000,2024-01-26T14:00:00.000+0000,short,334,0.04818810,-0.00410000,0.00100000,signal_reverse
volatility_breakout,BTCUSDT,random_search,891022,7,4,2024-01-26T15:00:00.000+0000,2024-03-16T23:00:00.000+0000,long,1209,0.43543654,0.03573160,0.00100000,signal_reverse
volatility_breakout,BTCUSDT,random_search,891022,7,5,2024-03-17T00:00:00.000+0000,2024-03-19T22:00:00.000+0000,short,71,0.04049070,-0.00213668,0.00100000,signal_close
volatility_breakout,BTCUSDT,random_search,891022,8,1,2024-04-01T16:00:00.000+0000,2024-04-07T16:00:00.000+0000,short,145,-0.02686078,-0.00214851,0.00050000,signal_reverse
volatility_breakout,BTCUSDT,random_search,891022,8,2,2024-04-07T17:00:00.000+0000,2024-04-12T18:00:00.000+0000,long,122,-0.05420125,0.00253151,0.00100000,signal_reverse
volatility_breakout,BTCUSDT,random_search,891022,8,3,2024-04-12T19:00:00.000+0000,2024-04-13T19:00:00.000+0000,short,25,0.02484018,-0.00030000,0.00100000,signal_close
volatility_breakout,BTCUSDT,random_search,891022,8,4,2024-04-22T15:00:00.000+0000,2024-05-01T18:00:00.000+0000,short,220,0.11132351,-0.00132363,0.00050000,signal_close
volatility_breakout,BTCUSDT,random_search,891022,8,5,2024-05-05T19:00:00.000+0000,2024-05-07T23:00:00.000+0000,long,53,-0.02540369,0.00023990,0.00050000,signal_reverse
volatility_breakout,BTCUSDT,random_search,891022,8,6,2024-05-08T00:00:00.000+0000,2024-05-15T12:00:00.000+0000,short,181,-0.02424132,-0.00145211,0.00100000,signal_reverse
volatility_breakout,BTCUSDT,random_search,891022,8,7,2024-05-15T13:00:00.000+0000,2024-06-11T02:00:00.000+0000,long,638,0.06550310,0.00724226,0.00100000,signal_reverse
volatility_breakout,BTCUSDT,random_search,891022,8,8,2024-06-11T03:00:00.000+0000,2024-06-17T22:00:00.000+0000,short,164,0.02392007,-0.00200000,0.00100000,signal_close
volatility_breakout,BTCUSDT,random_search,891022,9,1,2024-07-04T02:00:00.000+0000,2024-07-04T02:00:00.000+0000,short,1,-0.00719209,-0.00000000,0.00050000,signal_close
volatility_breakout,BTCUSDT,random_search,891022,9,2,2024-07-05T03:00:00.000+0000,2024-07-05T05:00:00.000+0000,short,3,0.01686515,0.00000000,0.00050000,signal_close
volatility_breakout,BTCUSDT,random_search,891022,9,3,2024-07-08T00:00:00.000+0000,2024-07-08T02:00:00.000+0000,short,3,0.00788145,-0.00007905,0.00050000,signal_close
volatility_breakout,BTCUSDT,random_search,891022,9,4,2024-07-10T05:00:00.000+0000,2024-07-10T05:00:00.000+0000,long,1,-0.00677740,0.00000000,0.00050000,signal_close
volatility_breakout,BTCUSDT,random_search,891022,9,5,2024-07-13T23:00:00.000+0000,2024-07-13T23:00:00.000+0000,long,1,-0.00513754,0.00000000,0.00050000,signal_close
volatility_breakout,BTCUSDT,random_search,891022,9,6,2024-07-14T06:00:00.000+0000,2024-07-14T06:00:00.000+0000,long,1,-0.00683556,0.00000000,0.00050000,signal_close
volatility_breakout,BTCUSDT,random_search,891022,9,7,2024-07-14T22:00:00.000+0000,2024-07-14T22:00:00.000+0000,long,1,-0.00749476,0.00000000,0.00050000,signal_close
volatility_breakout,BTCUSDT,random_search,891022,9,8,2024-07-15T03:00:00.000+0000,2024-07-15T04:00:00.000+0000,long,2,0.00147772,0.00000000,0.00050000,signal_close
volatility_breakout,BTCUSDT,random_search,891022,9,9,2024-07-15T23:00:00.000+0000,2024-07-15T23:00:00.000+0000,long,1,0.00527835,0.00000000,0.00050000,signal_close
volatility_breakout,BTCUSDT,random_search,891022,9,10,2024-07-18T16:00:00.000+0000,2024-07-18T16:00:00.000+0000,short,1,-0.00642463,-0.00003127,0.00050000,signal_close
volatility_breakout,BTCUSDT,random_search,891022,9,11,2024-07-19T15:00:00.000+0000,2024-07-19T15:00:00.000+0000,long,1,0.00088050,0.00000000,0.00050000,signal_close
volatility_breakout,BTCUSDT,random_search,891022,9,12,2024-07-19T17:00:00.000+0000,2024-07-19T18:00:00.000+0000,long,2,0.00510644,0.00000000,0.00050000,signal_close
volatility_breakout,BTCUSDT,random_search,891022,9,13,2024-07-19T20:00:00.000+0000,2024-07-19T20:00:00.000+0000,long,1,-0.00370976,0.00000000,0.00050000,signal_close
volatility_breakout,BTCUSDT,random_search,891022,9,14,2024-07-25T02:00:00.000+0000,2024-07-25T03:00:00.000+0000,short,2,0.00561929,0.00000000,0.00050000,signal_close
volatility_breakout,BTCUSDT,random_search,891022,9,15,2024-07-26T14:00:00.000+0000,2024-07-26T14:00:00.000+0000,long,1,-0.00893173,0.00000000,0.00050000,signal_close
volatility_breakout,BTCUSDT,random_search,891022,9,16,2024-07-27T13:00:00.000+0000,2024-07-27T14:00:00.000+0000,long,2,0.00804834,0.00000000,0.00050000,signal_close
volatility_breakout,BTCUSDT,random_search,891022,9,17,2024-07-29T03:00:00.000+0000,2024-07-29T03:00:00.000+0000,long,1,-0.00343411,0.00000000,0.00050000,signal_close
volatility_breakout,BTCUSDT,random_search,891022,9,18,2024-07-31T21:00:00.000+0000,2024-07-31T21:00:00.000+0000,short,1,-0.00627137,-0.00000000,0.00050000,signal_close
volatility_breakout,BTCUSDT,random_search,891022,9,19,2024-08-01T16:00:00.000+0000,2024-08-01T16:00:00.000+0000,short,1,-0.00035866,-0.00010000,0.00050000,signal_close
volatility_breakout,BTCUSDT,random_search,891022,9,20,2024-08-03T19:00:00.000+0000,2024-08-03T19:00:00.000+0000,short,1,-0.00036384,-0.00000000,0.00050000,signal_close
volatility_breakout,BTCUSDT,random_search,891022,9,21,2024-08-04T15:00:00.000+0000,2024-08-04T18:00:00.000+0000,short,4,0.01334911,-0.00010000,0.00050000,signal_close
volatility_breakout,BTCUSDT,random_search,891022,9,22,2024-08-05T01:00:00.000+0000,2024-08-05T02:00:00.000+0000,short,2,0.02556946,0.00000000,0.00050000,signal_close
volatility_breakout,BTCUSDT,random_search,891022,9,23,2024-08-05T07:00:00.000+0000,2024-08-05T07:00:00.000+0000,short,1,-0.02151548,-0.00000000,0.00050000,signal_close
volatility_breakout,BTCUSDT,random_search,891022,9,24,2024-08-08T13:00:00.000+0000,2024-08-08T13:00:00.000+0000,long,1,-0.01165322,0.00000000,0.00050000,signal_close
volatility_breakout,BTCUSDT,random_search,891022,9,25,2024-08-08T15:00:00.000+0000,2024-08-08T17:00:00.000+0000,long,3,0.00897389,0.00001147,0.00050000,signal_close
volatility_breakout,BTCUSDT,random_search,891022,9,26,2024-08-08T22:00:00.000+0000,2024-08-08T23:00:00.000+0000,long,2,0.00795105,0.00000000,0.00050000,signal_close
volatility_breakout,BTCUSDT,random_search,891022,9,27,2024-08-11T20:00:00.000+0000,2024-08-11T21:00:00.000+0000,short,2,0.00977396,0.00000000,0.00050000,signal_close
volatility_breakout,BTCUSDT,random_search,891022,9,28,2024-08-13T17:00:00.000+0000,2024-08-13T17:00:00.000+0000,long,1,-0.00028567,0.00000000,0.00050000,signal_close
volatility_breakout,BTCUSDT,random_search,891022,9,29,2024-08-15T02:00:00.000+0000,2024-08-15T02:00:00.000+0000,short,1,-0.00428356,-0.00000000,0.00050000,signal_close
volatility_breakout,BTCUSDT,random_search,891022,9,30,2024-08-15T20:00:00.000+0000,2024-08-15T20:00:00.000+0000,short,1,0.00594884,-0.00000000,0.00050000,signal_close
volatility_breakout,BTCUSDT,random_search,891022,9,31,2024-08-18T03:00:00.000+0000,2024-08-18T03:00:00.000+0000,long,1,-0.01373375,0.00000000,0.00050000,signal_close
volatility_breakout,BTCUSDT,random_search,891022,9,32,2024-08-19T00:00:00.000+0000,2024-08-19T01:00:00.000+0000,short,2,-0.00285002,0.00003616,0.00050000,signal_close
volatility_breakout,BTCUSDT,random_search,891022,9,33,2024-08-19T10:00:00.000+0000,2024-08-19T10:00:00.000+0000,short,1,-0.00116923,-0.00000000,0.00050000,signal_close
volatility_breakout,BTCUSDT,random_search,891022,9,34,2024-08-20T01:00:00.000+0000,2024-08-20T01:00:00.000+0000,long,1,-0.00114842,0.00000000,0.00050000,signal_close
volatility_breakout,BTCUSDT,random_search,891022,9,35,2024-08-21T20:00:00.000+0000,2024-08-21T20:00:00.000+0000,long,1,-0.00592266,0.00000000,0.00050000,signal_close
volatility_breakout,BTCUSDT,random_search,891022,9,36,2024-08-23T18:00:00.000+0000,2024-08-23T20:00:00.000+0000,long,3,0.00924595,0.00000000,0.00050000,signal_close
volatility_breakout,BTCUSDT,random_search,891022,9,37,2024-08-23T22:00:00.000+0000,2024-08-23T22:00:00.000+0000,long,1,-0.00487140,0.00000000,0.00050000,signal_close
volatility_breakout,BTCUSDT,random_search,891022,9,38,2024-09-06T15:00:00.000+0000,2024-09-06T16:00:00.000+0000,short,2,0.01155510,-0.00001428,0.00050000,signal_close
volatility_breakout,BTCUSDT,random_search,891022,9,39,2024-09-06T19:00:00.000+0000,2024-09-06T19:00:00.000+0000,short,1,-0.00391626,-0.00000000,0.00050000,signal_close
volatility_breakout,BTCUSDT,random_search,891022,9,40,2024-09-06T21:00:00.000+0000,2024-09-06T21:00:00.000+0000,short,1,-0.01697468,-0.00000000,0.00050000,signal_close
volatility_breakout,BTCUSDT,random_search,891022,9,41,2024-09-09T14:00:00.000+0000,2024-09-09T14:00:00.000+0000,long,1,-0.01570515,0.00000000,0.00050000,signal_close
volatility_breakout,BTCUSDT,random_search,891022,9,42,2024-09-09T17:00:00.000+0000,2024-09-09T17:00:00.000+0000,long,1,0.00107471,0.00000000,0.00050000,signal_close
volatility_breakout,BTCUSDT,random_search,891022,9,43,2024-09-09T20:00:00.000+0000,2024-09-09T20:00:00.000+0000,long,1,-0.00196512,0.00000000,0.00050000,signal_close
volatility_breakout,BTCUSDT,random_search,891022,9,44,2024-09-09T22:00:00.000+0000,2024-09-09T22:00:00.000+0000,long,1,-0.00461668,0.00000000,0.00050000,signal_close
volatility_breakout,BTCUSDT,random_search,891022,9,45,2024-09-13T16:00:00.000+0000,2024-09-13T16:00:00.000+0000,long,1,-0.00388697,-0.00002443,0.00050000,signal_close
volatility_breakout,BTCUSDT,random_search,891022,9,46,2024-09-13T22:00:00.000+0000,2024-09-13T23:00:00.000+0000,long,2,0.00313519,0.00000000,0.00050000,signal_close
volatility_breakout,BTCUSDT,random_search,891022,10,1,2024-09-22T23:00:00.000+0000,2024-09-22T23:00:00.000+0000,long,1,-0.00516827,0.00000000,0.00050000,signal_close
volatility_breakout,BTCUSDT,random_search,891022,10,2,2024-09-23T04:00:00.000+0000,2024-09-23T04:00:00.000+0000,long,1,-0.00733612,0.00000000,0.00050000,signal_close
volatility_breakout,BTCUSDT,random_search,891022,10,3,2024-09-24T20:00:00.000+0000,2024-09-24T21:00:00.000+0000,long,2,-0.00467679,0.00000000,0.00050000,signal_close
volatility_breakout,BTCUSDT,random_search,891022,10,4,2024-09-26T11:00:00.000+0000,2024-09-26T17:00:00.000+0000,long,7,0.01080836,0.00010000,0.00050000,signal_close
volatility_breakout,BTCUSDT,random_search,891022,10,5,2024-09-27T15:00:00.000+0000,2024-09-27T15:00:00.000+0000,long,1,-0.00396056,0.00000000,0.00050000,signal_close
volatility_breakout,BTCUSDT,random_search,891022,10,6,2024-10-04T13:00:00.000+0000,2024-10-04T13:00:00.000+0000,long,1,-0.00610333,0.00000000,0.00050000,signal_close
volatility_breakout,BTCUSDT,random_search,891022,10,7,2024-10-04T17:00:00.000+0000,2024-10-04T17:00:00.000+0000,long,1,-0.00455593,0.00000000,0.00050000,signal_close
volatility_breakout,BTCUSDT,random_search,891022,10,8,2024-10-07T01:00:00.000+0000,2024-10-07T02:00:00.000+0000,long,2,-0.00118785,0.00000000,0.00050000,signal_close
volatility_breakout,BTCUSDT,random_search,891022,10,9,2024-10-11T14:00:00.000+0000,2024-10-11T21:00:00.000+0000,long,8,0.01835640,0.00000120,0.00050000,signal_close
volatility_breakout,BTCUSDT,random_search,891022,10,10,2024-10-14T04:00:00.000+0000,2024-10-14T04:00:00.000+0000,long,1,-0.00306375,0.00000000,0.00050000,signal_close
volatility_breakout,BTCUSDT,random_search,891022,10,11,2024-10-14T15:00:00.000+0000,2024-10-14T16:00:00.000+0000,long,2,-0.00381286,0.00010000,0.00050000,signal_close
volatility_breakout,BTCUSDT,random_search,891022,10,12,2024-10-15T14:00:00.000+0000,2024-10-15T14:00:00.000+0000,long,1,-0.03452526,0.00000000,0.00050000,signal_close
volatility_breakout,BTCUSDT,random_search,891022,10,13,2024-10-20T23:00:00.000+0000,2024-10-20T23:00:00.000+0000,long,1,-0.00212442,0.00000000,0.00050000,signal_close
volatility_breakout,BTCUSDT,random_search,891022,10,14,2024-10-24T14:00:00.000+0000,2024-10-24T14:00:00.000+0000,long,1,-0.00232815,0.00000000,0.00050000,signal_close
volatility_breakout,BTCUSDT,random_search,891022,10,15,2024-10-24T20:00:00.000+0000,2024-10-24T20:00:00.000+0000,long,1,-0.00206855,0.00000000,0.00050000,signal_close
volatility_breakout,BTCUSDT,random_search,891022,10,16,2024-10-28T20:00:00.000+0000,2024-10-29T03:00:00.000+0000,long,8,0.01888398,0.00010000,0.00050000,signal_close
volatility_breakout,BTCUSDT,random_search,891022,10,17,2024-10-29T16:00:00.000+0000,2024-10-29T19:00:00.000+0000,long,4,0.00167381,0.00010000,0.00050000,signal_close
volatility_breakout,BTCUSDT,random_search,891022,10,18,2024-11-06T01:00:00.000+0000,2024-11-06T06:00:00.000+0000,long,6,0.04452960,0.00000000,0.00050000,signal_close
volatility_breakout,BTCUSDT,random_search,891022,10,19,2024-11-11T16:00:00.000+0000,2024-11-12T01:00:00.000+0000,long,10,0.05131177,0.00059133,0.00050000,signal_close
volatility_breakout,BTCUSDT,random_search,891022,10,20,2024-11-18T07:00:00.000+0000,2024-11-18T07:00:00.000+0000,long,1,-0.00501783,0.00000000,0.00050000,signal_close
volatility_breakout,BTCUSDT,random_search,891022,10,21,2024-11-21T04:00:00.000+0000,2024-11-21T05:00:00.000+0000,long,2,0.01576033,0.00000000,0.00050000,signal_close
volatility_breakout,BTCUSDT,random_search,891022,10,22,2024-11-27T16:00:00.000+0000,2024-11-27T21:00:00.000+0000,long,6,0.00685521,0.00010000,0.00050000,signal_close
volatility_breakout,BTCUSDT,random_search,891022,10,23,2024-12-04T21:00:00.000+0000,2024-12-04T21:00:00.000+0000,long,1,-0.01086502,0.00000000,0.00050000,signal_close
volatility_breakout,BTCUSDT,random_search,891022,10,24,2024-12-05T03:00:00.000+0000,2024-12-05T05:00:00.000+0000,long,3,0.00995370,0.00000000,0.00050000,signal_close
volatility_breakout,BTCUSDT,random_search,891022,10,25,2024-12-11T15:00:00.000+0000,2024-12-11T17:00:00.000+0000,long,3,0.00211278,0.00010000,0.00050000,signal_close
volatility_breakout,BTCUSDT,random_search,891022,11,1,2024-12-18T05:00:00.000+0000,2024-12-28T14:00:00.000+0000,long,250,-0.09237047,0.00292479,0.00050000,signal_close
volatility_breakout,BTCUSDT,random_search,891022,11,2,2024-12-30T22:00:00.000+0000,2024-12-31T15:00:00.000+0000,long,18,0.03527987,0.00020000,0.00050000,signal_close
volatility_breakout,BTCUSDT,random_search,891022,11,3,2024-12-31T18:00:00.000+0000,2025-01-03T21:00:00.000+0000,long,76,0.04219872,0.00085242,0.00050000,signal_close
volatility_breakout,BTCUSDT,random_search,891022,11,4,2025-01-09T08:00:00.000+0000,2025-01-14T17:00:00.000+0000,long,130,0.03540422,0.00090115,0.00050000,signal_close
volatility_breakout,BTCUSDT,random_search,891022,11,5,2025-01-15T14:00:00.000+0000,2025-01-31T12:00:00.000+0000,long,383,0.06055272,0.00381045,0.00050000,signal_close
volatility_breakout,BTCUSDT,random_search,891022,11,6,2025-02-02T22:00:00.000+0000,2025-02-08T21:00:00.000+0000,long,144,-0.00310350,0.00069669,0.00050000,signal_close
volatility_breakout,BTCUSDT,random_search,891022,11,7,2025-02-10T04:00:00.000+0000,2025-02-10T05:00:00.000+0000,long,2,0.00166386,0.00000000,0.00050000,signal_close
volatility_breakout,BTCUSDT,random_search,891022,11,8,2025-02-10T15:00:00.000+0000,2025-02-10T15:00:00.000+0000,long,1,-0.00097411,0.00000000,0.00050000,signal_close
volatility_breakout,BTCUSDT,random_search,891022,11,9,2025-02-13T21:00:00.000+0000,2025-02-13T21:00:00.000+0000,long,1,0.00168458,0.00000000,0.00050000,signal_close
volatility_breakout,BTCUSDT,random_search,891022,11,10,2025-02-25T12:00:00.000+0000,2025-03-14T22:00:00.000+0000,long,419,-0.04080515,0.00143021,0.00050000,signal_close
volatility_breakout,BTCUSDT,random_search,891022,12,1,2025-03-26T14:00:00.000+0000,2025-04-07T08:00:00.000+0000,short,283,0.12661184,-0.00122732,0.00050000,signal_close
volatility_breakout,BTCUSDT,random_search,891022,12,2,2025-04-13T18:00:00.000+0000,2025-06-12T22:00:00.000+0000,short,1445,-0.22793383,-0.00581055,0.00050000,signal_close
volatility_breakout,BTCUSDT,random_search,891022,13,1,2025-07-09T20:00:00.000+0000,2025-07-09T20:00:00.000+0000,long,1,-0.00983594,0.00000000,0.00050000,signal_close
volatility_breakout,BTCUSDT,random_search,891022,13,2,2025-07-10T17:00:00.000+0000,2025-07-10T18:00:00.000+0000,long,2,0.00649644,0.00000000,0.00050000,signal_close
volatility_breakout,BTCUSDT,random_search,891022,13,3,2025-07-10T22:00:00.000+0000,2025-07-10T22:00:00.000+0000,long,1,-0.00458554,0.00000000,0.00050000,signal_close
volatility_breakout,BTCUSDT,random_search,891022,13,4,2025-07-14T04:00:00.000+0000,2025-07-14T04:00:00.000+0000,long,1,0.00477444,0.00000000,0.00050000,signal_close
volatility_breakout,BTCUSDT,random_search,891022,13,5,2025-07-14T06:00:00.000+0000,2025-07-14T06:00:00.000+0000,long,1,-0.00314032,0.00000000,0.00050000,signal_close
volatility_breakout,BTCUSDT,random_search,891022,13,6,2025-08-07T11:00:00.000+0000,2025-08-07T12:00:00.000+0000,long,2,-0.00022034,0.00000000,0.00050000,signal_close
volatility_breakout,BTCUSDT,random_search,891022,13,7,2025-08-07T20:00:00.000+0000,2025-08-07T20:00:00.000+0000,long,1,-0.00294533,0.00000000,0.00050000,signal_close
volatility_breakout,BTCUSDT,random_search,891022,13,8,2025-08-13T14:00:00.000+0000,2025-08-13T14:00:00.000+0000,long,1,-0.00786837,0.00000000,0.00050000,signal_close
volatility_breakout,BTCUSDT,random_search,891022,13,9,2025-08-22T15:00:00.000+0000,2025-08-22T16:00:00.000+0000,long,2,0.00257112,0.00005867,0.00050000,signal_close
volatility_breakout,BTCUSDT,random_search,891022,14,1,2025-10-10T21:00:00.000+0000,2025-10-15T07:00:00.000+0000,long,107,-0.01383437,-0.00007618,0.00050000,signal_close
volatility_breakout,BTCUSDT,random_search,891022,14,2,2025-10-17T01:00:00.000+0000,2025-10-17T01:00:00.000+0000,long,1,-0.00015973,0.00000000,0.00050000,signal_close
volatility_breakout,BTCUSDT,random_search,891022,14,3,2025-10-17T06:00:00.000+0000,2025-10-20T15:00:00.000+0000,long,82,0.02552495,-0.00015775,0.00050000,signal_close
volatility_breakout,BTCUSDT,random_search,891022,14,4,2025-10-21T15:00:00.000+0000,2025-10-25T14:00:00.000+0000,long,96,-0.00526524,0.00031848,0.00050000,signal_close
volatility_breakout,BTCUSDT,random_search,891022,14,5,2025-10-30T06:00:00.000+0000,2025-11-03T04:00:00.000+0000,long,95,-0.02214725,0.00085089,0.00050000,signal_close
volatility_breakout,BTCUSDT,random_search,891022,14,6,2025-11-04T06:00:00.000+0000,2025-11-08T17:00:00.000+0000,long,108,-0.02156568,0.00073447,0.00050000,signal_close
volatility_breakout,BTCUSDT,random_search,891022,14,7,2025-11-12T16:00:00.000+0000,2025-11-29T07:00:00.000+0000,long,400,-0.11638080,0.00233717,0.00050000,signal_close
volatility_breakout,BTCUSDT,random_search,891022,14,8,2025-12-01T01:00:00.000+0000,2025-12-06T20:00:00.000+0000,long,140,0.02964883,0.00036796,0.00050000,signal_close
volatility_breakout,BTCUSDT,random_search,891022,14,9,2025-12-07T18:00:00.000+0000,2025-12-07T19:00:00.000+0000,long,2,0.00472922,0.00000000,0.00050000,signal_close
volatility_breakout,BTCUSDT,random_search,891022,14,10,2025-12-07T22:00:00.000+0000,2025-12-09T22:00:00.000+0000,long,49,0.02899165,0.00022075,0.00050000,signal_close
